# Blender 5.1.2
# www.blender.org
mtllib Pipe.mtl
o Cylinder.018
v 0.360000 -0.000000 -0.360000
v -0.360000 0.000000 -0.360000
v 0.360000 0.070232 -0.353083
v -0.360000 0.070233 -0.353083
v 0.360000 0.137766 -0.332597
v -0.360000 0.137766 -0.332597
v 0.360000 0.200005 -0.299329
v -0.360000 0.200005 -0.299329
v 0.360000 0.254558 -0.254558
v -0.360000 0.254558 -0.254558
v 0.360000 0.299329 -0.200005
v -0.360000 0.299329 -0.200005
v 0.360000 0.332597 -0.137766
v -0.360000 0.332597 -0.137766
v 0.360000 0.353083 -0.070233
v -0.360000 0.353083 -0.070233
v 0.360000 0.360000 0.000000
v -0.360000 0.360000 0.000000
v 0.360000 0.353083 0.070233
v -0.360000 0.353083 0.070233
v 0.360000 0.332597 0.137766
v -0.360000 0.332597 0.137766
v 0.360000 0.299329 0.200005
v -0.360000 0.299329 0.200005
v 0.360000 0.254558 0.254558
v -0.360000 0.254558 0.254558
v 0.360000 0.200005 0.299329
v -0.360000 0.200005 0.299329
v 0.360000 0.137766 0.332597
v -0.360000 0.137766 0.332597
v 0.360000 0.070232 0.353083
v -0.360000 0.070233 0.353083
v 0.360000 -0.000000 0.360000
v -0.360000 0.000000 0.360000
v 0.360000 -0.070233 0.353083
v -0.360000 -0.070232 0.353083
v 0.360000 -0.137766 0.332597
v -0.360000 -0.137766 0.332597
v 0.360000 -0.200005 0.299329
v -0.360000 -0.200005 0.299329
v 0.360000 -0.254558 0.254558
v -0.360000 -0.254558 0.254558
v 0.360000 -0.299329 0.200005
v -0.360000 -0.299329 0.200005
v 0.360000 -0.332597 0.137766
v -0.360000 -0.332597 0.137766
v 0.360000 -0.353083 0.070233
v -0.360000 -0.353083 0.070233
v 0.360000 -0.360000 0.000000
v -0.360000 -0.360000 0.000000
v 0.360000 -0.353083 -0.070233
v -0.360000 -0.353083 -0.070233
v 0.360000 -0.332597 -0.137766
v -0.360000 -0.332597 -0.137766
v 0.360000 -0.299329 -0.200005
v -0.360000 -0.299329 -0.200005
v 0.360000 -0.254558 -0.254558
v -0.360000 -0.254558 -0.254558
v 0.360000 -0.200005 -0.299329
v -0.360000 -0.200005 -0.299329
v 0.360000 -0.137766 -0.332597
v -0.360000 -0.137766 -0.332597
v 0.360000 -0.070233 -0.353083
v -0.360000 -0.070232 -0.353083
v -1.791770 0.070233 -0.353083
v -1.791770 0.000000 -0.360000
v -1.791770 0.137766 -0.332597
v -1.791770 0.200005 -0.299329
v -1.791770 0.254559 -0.254558
v -1.791770 0.299329 -0.200005
v -1.791770 0.332597 -0.137766
v -1.791770 0.353083 -0.070233
v -1.791770 0.360000 0.000000
v -1.791770 0.353083 0.070233
v -1.791770 0.332597 0.137766
v -1.791770 0.299329 0.200005
v -1.791770 0.254559 0.254558
v -1.791770 0.200005 0.299329
v -1.791770 0.137766 0.332597
v -1.791770 0.070233 0.353083
v -1.791770 0.000000 0.360000
v -1.791770 -0.070232 0.353083
v -1.791770 -0.137766 0.332597
v -1.791770 -0.200005 0.299329
v -1.791770 -0.254558 0.254558
v -1.791770 -0.299329 0.200005
v -1.791770 -0.332596 0.137766
v -1.791770 -0.353083 0.070233
v -1.791770 -0.360000 0.000000
v -1.791770 -0.353083 -0.070233
v -1.791770 -0.332596 -0.137766
v -1.791770 -0.299329 -0.200005
v -1.791770 -0.254558 -0.254558
v -1.791770 -0.200005 -0.299329
v -1.791770 -0.137766 -0.332597
v -1.791770 -0.070232 -0.353083
v -1.930211 0.070233 -0.339447
v -1.931560 0.000000 -0.346232
v -1.926214 0.137766 -0.319355
v -1.919724 0.200005 -0.286727
v -1.910990 0.254559 -0.242816
v -1.900347 0.299329 -0.189311
v -1.888205 0.332597 -0.128268
v -1.875029 0.353083 -0.062032
v -1.861328 0.360000 0.006851
v -1.847626 0.353083 0.075734
v -1.834451 0.332597 0.141970
v -1.822309 0.299329 0.203013
v -1.811666 0.254559 0.256518
v -1.802932 0.200005 0.300428
v -1.796441 0.137766 0.333057
v -1.792445 0.070233 0.353149
v -1.791095 0.000000 0.359933
v -1.792445 -0.070232 0.353149
v -1.796441 -0.137766 0.333057
v -1.802932 -0.200005 0.300428
v -1.811666 -0.254558 0.256518
v -1.822309 -0.299329 0.203013
v -1.834451 -0.332596 0.141970
v -1.847626 -0.353083 0.075734
v -1.861328 -0.360000 0.006851
v -1.875029 -0.353083 -0.062032
v -1.888205 -0.332596 -0.128268
v -1.900347 -0.299329 -0.189311
v -1.910990 -0.254558 -0.242816
v -1.919724 -0.200005 -0.286727
v -1.926214 -0.137766 -0.319355
v -1.930211 -0.070232 -0.339447
v -2.063332 0.070233 -0.299066
v -2.065979 0.000000 -0.305457
v -2.055492 0.137766 -0.280139
v -2.042761 0.200005 -0.249404
v -2.025628 0.254559 -0.208041
v -2.004751 0.299329 -0.157641
v -1.980933 0.332597 -0.100139
v -1.955089 0.353083 -0.037746
v -1.928212 0.360000 0.027140
v -1.901336 0.353083 0.092026
v -1.875492 0.332597 0.154419
v -1.851674 0.299329 0.211921
v -1.830797 0.254559 0.262321
v -1.813664 0.200005 0.303684
v -1.800933 0.137766 0.334419
v -1.793094 0.070233 0.353346
v -1.790446 0.000000 0.359737
v -1.793094 -0.070232 0.353346
v -1.800933 -0.137766 0.334419
v -1.813664 -0.200005 0.303684
v -1.830797 -0.254558 0.262321
v -1.851674 -0.299329 0.211921
v -1.875492 -0.332596 0.154419
v -1.901336 -0.353083 0.092026
v -1.928212 -0.360000 0.027140
v -1.955089 -0.353083 -0.037746
v -1.980933 -0.332596 -0.100139
v -2.004751 -0.299329 -0.157641
v -2.025628 -0.254558 -0.208041
v -2.042761 -0.200005 -0.249404
v -2.055492 -0.137766 -0.280139
v -2.063332 -0.070232 -0.299066
v -2.186016 0.070233 -0.233489
v -2.189859 0.000000 -0.239241
v -2.174635 0.137766 -0.216456
v -2.156152 0.200005 -0.188795
v -2.131279 0.254559 -0.151570
v -2.100971 0.299329 -0.106210
v -2.066393 0.332597 -0.054460
v -2.028872 0.353083 0.001692
v -1.989854 0.360000 0.060088
v -1.950835 0.353083 0.118484
v -1.913315 0.332597 0.174636
v -1.878737 0.299329 0.226386
v -1.848429 0.254559 0.271746
v -1.823556 0.200005 0.308971
v -1.805073 0.137766 0.336632
v -1.793692 0.070233 0.353666
v -1.789848 0.000000 0.359417
v -1.793692 -0.070232 0.353666
v -1.805073 -0.137766 0.336632
v -1.823556 -0.200005 0.308971
v -1.848429 -0.254558 0.271746
v -1.878737 -0.299329 0.226386
v -1.913315 -0.332597 0.174636
v -1.950835 -0.353083 0.118484
v -1.989854 -0.360000 0.060088
v -2.028872 -0.353083 0.001692
v -2.066393 -0.332597 -0.054460
v -2.100971 -0.299329 -0.106210
v -2.131279 -0.254558 -0.151570
v -2.156152 -0.200005 -0.188795
v -2.174635 -0.137766 -0.216456
v -2.186016 -0.070232 -0.233489
v -2.293550 0.070233 -0.145239
v -2.298441 0.000000 -0.150130
v -2.279064 0.137766 -0.130753
v -2.255540 0.200005 -0.107229
v -2.223883 0.254559 -0.075571
v -2.185308 0.299329 -0.036997
v -2.141298 0.332597 0.007013
v -2.093544 0.353083 0.054766
v -2.043883 0.360000 0.104428
v -1.994221 0.353083 0.154090
v -1.946468 0.332597 0.201844
v -1.902458 0.299329 0.245854
v -1.863883 0.254559 0.284429
v -1.832226 0.200005 0.316086
v -1.808702 0.137766 0.339610
v -1.794216 0.070233 0.354096
v -1.789324 0.000000 0.358987
v -1.794216 -0.070232 0.354096
v -1.808702 -0.137766 0.339610
v -1.832226 -0.200005 0.316086
v -1.863883 -0.254558 0.284429
v -1.902458 -0.299329 0.245854
v -1.946468 -0.332597 0.201844
v -1.994221 -0.353083 0.154090
v -2.043883 -0.360000 0.104428
v -2.093544 -0.353083 0.054766
v -2.141298 -0.332597 0.007013
v -2.185308 -0.299329 -0.036997
v -2.223883 -0.254558 -0.075571
v -2.255540 -0.200005 -0.107229
v -2.279064 -0.137766 -0.130753
v -2.293550 -0.070232 -0.145239
v -2.381801 0.070233 -0.037705
v -2.387552 0.000000 -0.041548
v -2.364767 0.137766 -0.026323
v -2.337106 0.200005 -0.007841
v -2.299881 0.254559 0.017032
v -2.254522 0.299329 0.047341
v -2.202772 0.332597 0.081919
v -2.146619 0.353083 0.119438
v -2.088223 0.360000 0.158458
v -2.029828 0.353083 0.197477
v -1.973676 0.332597 0.234996
v -1.921925 0.299329 0.269575
v -1.876566 0.254559 0.299883
v -1.839341 0.200005 0.324756
v -1.811680 0.137766 0.343238
v -1.794646 0.070233 0.354620
v -1.788894 0.000000 0.358463
v -1.794646 -0.070232 0.354620
v -1.811680 -0.137766 0.343238
v -1.839341 -0.200005 0.324756
v -1.876566 -0.254558 0.299883
v -1.921925 -0.299329 0.269575
v -1.973676 -0.332597 0.234996
v -2.029827 -0.353083 0.197477
v -2.088223 -0.360000 0.158458
v -2.146619 -0.353083 0.119438
v -2.202772 -0.332597 0.081919
v -2.254522 -0.299329 0.047341
v -2.299881 -0.254558 0.017032
v -2.337106 -0.200005 -0.007841
v -2.364767 -0.137766 -0.026323
v -2.381801 -0.070232 -0.037705
v -2.447377 0.070233 0.084980
v -2.453768 0.000000 0.082333
v -2.428451 0.137766 0.092820
v -2.397716 0.200005 0.105551
v -2.356353 0.254559 0.122684
v -2.305952 0.299329 0.143560
v -2.248451 0.332597 0.167378
v -2.186057 0.353083 0.193222
v -2.121171 0.360000 0.220099
v -2.056286 0.353083 0.246976
v -1.993892 0.332597 0.272820
v -1.936390 0.299329 0.296638
v -1.885991 0.254558 0.317514
v -1.844627 0.200005 0.334647
v -1.813892 0.137766 0.347378
v -1.794966 0.070233 0.355218
v -1.788574 0.000000 0.357865
v -1.794966 -0.070232 0.355218
v -1.813892 -0.137766 0.347378
v -1.844627 -0.200005 0.334647
v -1.885991 -0.254558 0.317514
v -1.936390 -0.299329 0.296638
v -1.993892 -0.332597 0.272820
v -2.056285 -0.353083 0.246976
v -2.121171 -0.360000 0.220099
v -2.186057 -0.353083 0.193222
v -2.248451 -0.332597 0.167378
v -2.305952 -0.299329 0.143560
v -2.356353 -0.254558 0.122684
v -2.397716 -0.200005 0.105551
v -2.428451 -0.137766 0.092820
v -2.447377 -0.070232 0.084980
v -2.487759 0.070233 0.218101
v -2.494544 0.000000 0.216751
v -2.467667 0.137766 0.222097
v -2.435039 0.200005 0.228588
v -2.391128 0.254558 0.237322
v -2.337623 0.299329 0.247965
v -2.276580 0.332597 0.260107
v -2.210344 0.353083 0.273282
v -2.141461 0.360000 0.286984
v -2.072578 0.353083 0.300686
v -2.006342 0.332597 0.313861
v -1.945298 0.299329 0.326003
v -1.891794 0.254558 0.336646
v -1.847883 0.200005 0.345380
v -1.815255 0.137766 0.351870
v -1.795163 0.070233 0.355867
v -1.788378 0.000000 0.357216
v -1.795163 -0.070233 0.355867
v -1.815255 -0.137766 0.351870
v -1.847883 -0.200005 0.345380
v -1.891794 -0.254558 0.336646
v -1.945298 -0.299329 0.326003
v -2.006342 -0.332597 0.313861
v -2.072578 -0.353083 0.300685
v -2.141461 -0.360000 0.286984
v -2.210344 -0.353083 0.273282
v -2.276580 -0.332597 0.260107
v -2.337623 -0.299329 0.247965
v -2.391128 -0.254558 0.237322
v -2.435039 -0.200005 0.228588
v -2.467667 -0.137766 0.222097
v -2.487759 -0.070232 0.218101
v -2.501394 0.070233 0.356541
v -2.508312 0.000000 0.356542
v -2.480908 0.137766 0.356541
v -2.447641 0.200005 0.356542
v -2.402870 0.254558 0.356541
v -2.348317 0.299329 0.356541
v -2.286078 0.332597 0.356541
v -2.218544 0.353083 0.356541
v -2.148312 0.360000 0.356542
v -2.078080 0.353083 0.356542
v -2.010546 0.332597 0.356542
v -1.948306 0.299329 0.356541
v -1.893754 0.254558 0.356542
v -1.848982 0.200005 0.356542
v -1.815715 0.137766 0.356542
v -1.795229 0.070233 0.356542
v -1.788311 0.000000 0.356541
v -1.795229 -0.070233 0.356542
v -1.815715 -0.137766 0.356542
v -1.848982 -0.200005 0.356542
v -1.893754 -0.254558 0.356542
v -1.948306 -0.299329 0.356541
v -2.010546 -0.332597 0.356542
v -2.078079 -0.353083 0.356542
v -2.148312 -0.360000 0.356542
v -2.218544 -0.353083 0.356541
v -2.286078 -0.332597 0.356541
v -2.348317 -0.299329 0.356541
v -2.402870 -0.254558 0.356541
v -2.447641 -0.200005 0.356542
v -2.480908 -0.137766 0.356541
v -2.501394 -0.070232 0.356541
v -2.501394 0.070233 7.121817
v -2.508312 0.000000 7.121817
v -2.480908 0.137766 7.121817
v -2.447641 0.200005 7.121817
v -2.402870 0.254558 7.121817
v -2.348317 0.299329 7.121817
v -2.286078 0.332597 7.121817
v -2.218544 0.353083 7.121817
v -2.148312 0.360000 7.121817
v -2.078080 0.353083 7.121818
v -2.010546 0.332597 7.121818
v -1.948306 0.299329 7.121817
v -1.893754 0.254558 7.121818
v -1.848982 0.200005 7.121817
v -1.815715 0.137766 7.121817
v -1.795229 0.070233 7.121817
v -1.788311 0.000000 7.121816
v -1.795229 -0.070233 7.121817
v -1.815715 -0.137766 7.121817
v -1.848982 -0.200005 7.121817
v -1.893754 -0.254558 7.121818
v -1.948306 -0.299329 7.121817
v -2.010546 -0.332597 7.121818
v -2.078079 -0.353083 7.121817
v -2.148312 -0.360000 7.121817
v -2.218544 -0.353083 7.121817
v -2.286078 -0.332597 7.121817
v -2.348317 -0.299329 7.121817
v -2.402870 -0.254558 7.121817
v -2.447641 -0.200005 7.121817
v -2.480908 -0.137766 7.121817
v -2.501394 -0.070232 7.121817
v -2.348317 0.299329 1.484087
v -2.348317 0.299329 2.611633
v -2.348317 0.299329 3.739179
v -2.348317 0.299329 4.866725
v -2.348317 0.299329 5.994271
v -2.286078 0.332597 5.994271
v -2.286078 0.332597 4.866725
v -2.286078 0.332597 3.739179
v -2.286078 0.332597 2.611633
v -2.286078 0.332597 1.484087
v -1.848982 -0.200005 1.484088
v -1.848982 -0.200005 2.611633
v -1.848982 -0.200005 3.739179
v -1.848982 -0.200005 4.866725
v -1.848982 -0.200005 5.994271
v -1.893754 -0.254558 5.994271
v -1.893754 -0.254558 4.866725
v -1.893754 -0.254558 3.739179
v -1.893754 -0.254558 2.611634
v -1.893754 -0.254558 1.484088
v -2.218544 0.353083 5.994271
v -2.218544 0.353083 4.866725
v -2.218544 0.353083 3.739179
v -2.218544 0.353083 2.611633
v -2.218544 0.353083 1.484087
v -1.948306 -0.299329 5.994271
v -1.948306 -0.299329 4.866725
v -1.948306 -0.299329 3.739179
v -1.948306 -0.299329 2.611633
v -1.948306 -0.299329 1.484087
v -2.148312 0.360000 5.994271
v -2.148312 0.360000 4.866725
v -2.148312 0.360000 3.739179
v -2.148312 0.360000 2.611633
v -2.148312 0.360000 1.484087
v -2.010546 -0.332597 5.994271
v -2.010546 -0.332597 4.866725
v -2.010546 -0.332597 3.739179
v -2.010546 -0.332597 2.611633
v -2.010546 -0.332597 1.484088
v -2.078080 0.353083 5.994271
v -2.078080 0.353083 4.866725
v -2.078080 0.353083 3.739179
v -2.078080 0.353083 2.611634
v -2.078080 0.353083 1.484088
v -2.078079 -0.353083 5.994271
v -2.078079 -0.353083 4.866725
v -2.078079 -0.353083 3.739179
v -2.078079 -0.353083 2.611633
v -2.078079 -0.353083 1.484087
v -2.010546 0.332597 5.994271
v -2.010546 0.332597 4.866725
v -2.010546 0.332597 3.739179
v -2.010546 0.332597 2.611633
v -2.010546 0.332597 1.484088
v -2.148312 -0.360000 5.994271
v -2.148312 -0.360000 4.866725
v -2.148312 -0.360000 3.739179
v -2.148312 -0.360000 2.611633
v -2.148312 -0.360000 1.484087
v -1.948306 0.299329 5.994271
v -1.948306 0.299329 4.866725
v -1.948306 0.299329 3.739179
v -1.948306 0.299329 2.611633
v -1.948306 0.299329 1.484087
v -2.218544 -0.353083 5.994271
v -2.218544 -0.353083 4.866725
v -2.218544 -0.353083 3.739179
v -2.218544 -0.353083 2.611633
v -2.218544 -0.353083 1.484087
v -1.893754 0.254558 5.994271
v -1.893754 0.254558 4.866725
v -1.893754 0.254558 3.739179
v -1.893754 0.254558 2.611634
v -1.893754 0.254558 1.484088
v -2.286078 -0.332597 5.994271
v -2.286078 -0.332597 4.866725
v -2.286078 -0.332597 3.739179
v -2.286078 -0.332597 2.611633
v -2.286078 -0.332597 1.484087
v -1.848982 0.200005 5.994271
v -1.848982 0.200005 4.866725
v -1.848982 0.200005 3.739179
v -1.848982 0.200005 2.611633
v -1.848982 0.200005 1.484087
v -2.348317 -0.299329 5.994271
v -2.348317 -0.299329 4.866725
v -2.348317 -0.299329 3.739179
v -2.348317 -0.299329 2.611633
v -2.348317 -0.299329 1.484087
v -1.815715 0.137766 5.994271
v -1.815715 0.137766 4.866725
v -1.815715 0.137766 3.739179
v -1.815715 0.137766 2.611633
v -1.815715 0.137766 1.484087
v -2.508312 0.000000 1.484087
v -2.508312 0.000000 2.611633
v -2.508312 0.000000 3.739179
v -2.508312 0.000000 4.866725
v -2.508312 0.000000 5.994271
v -2.501394 0.070233 5.994271
v -2.501394 0.070233 4.866725
v -2.501394 0.070233 3.739179
v -2.501394 0.070233 2.611633
v -2.501394 0.070233 1.484087
v -2.402870 -0.254558 5.994271
v -2.402870 -0.254558 4.866725
v -2.402870 -0.254558 3.739179
v -2.402870 -0.254558 2.611633
v -2.402870 -0.254558 1.484087
v -1.795229 0.070233 5.994271
v -1.795229 0.070233 4.866725
v -1.795229 0.070233 3.739179
v -1.795229 0.070233 2.611633
v -1.795229 0.070233 1.484087
v -2.480908 0.137766 5.994271
v -2.480908 0.137766 4.866725
v -2.480908 0.137766 3.739179
v -2.480908 0.137766 2.611633
v -2.480908 0.137766 1.484087
v -2.447641 -0.200005 5.994271
v -2.447641 -0.200005 4.866725
v -2.447641 -0.200005 3.739179
v -2.447641 -0.200005 2.611633
v -2.447641 -0.200005 1.484087
v -1.788311 0.000000 5.994270
v -1.788311 0.000000 4.866724
v -1.788311 0.000000 3.739178
v -1.788311 0.000000 2.611633
v -1.788311 0.000000 1.484087
v -2.447641 0.200005 5.994271
v -2.447641 0.200005 4.866725
v -2.447641 0.200005 3.739179
v -2.447641 0.200005 2.611633
v -2.447641 0.200005 1.484087
v -2.480908 -0.137766 5.994271
v -2.480908 -0.137766 4.866725
v -2.480908 -0.137766 3.739179
v -2.480908 -0.137766 2.611633
v -2.480908 -0.137766 1.484087
v -1.795229 -0.070233 5.994271
v -1.795229 -0.070233 4.866725
v -1.795229 -0.070233 3.739179
v -1.795229 -0.070233 2.611633
v -1.795229 -0.070233 1.484087
v -2.402870 0.254558 5.994271
v -2.402870 0.254558 4.866725
v -2.402870 0.254558 3.739179
v -2.402870 0.254558 2.611633
v -2.402870 0.254558 1.484087
v -2.501394 -0.070232 5.994271
v -2.501394 -0.070232 4.866725
v -2.501394 -0.070232 3.739179
v -2.501394 -0.070232 2.611633
v -2.501394 -0.070232 1.484087
v -1.815715 -0.137766 5.994271
v -1.815715 -0.137766 4.866725
v -1.815715 -0.137766 3.739179
v -1.815715 -0.137766 2.611633
v -1.815715 -0.137766 1.484087
v -2.159176 -0.072242 1.106806
v -2.159176 6.468293 1.106806
v -2.095440 -0.072242 1.113083
v -2.095440 6.468293 1.113083
v -2.034154 -0.072242 1.131674
v -2.034153 6.468293 1.131674
v -1.977671 -0.072242 1.161864
v -1.977671 6.468293 1.161864
v -1.928164 -0.072242 1.202494
v -1.928164 6.468293 1.202494
v -1.887535 -0.072242 1.252001
v -1.887535 6.468293 1.252001
v -1.857345 -0.072242 1.308483
v -1.857345 6.468293 1.308483
v -1.838754 -0.072242 1.369770
v -1.838754 6.468293 1.369770
v -1.832476 -0.072242 1.433506
v -1.832476 6.468293 1.433506
v -1.838754 -0.072242 1.497242
v -1.838754 6.468293 1.497242
v -1.857345 -0.072242 1.558528
v -1.857345 6.468293 1.558528
v -1.887535 -0.072242 1.615010
v -1.887535 6.468293 1.615010
v -1.928164 -0.072242 1.664517
v -1.928164 6.468293 1.664517
v -1.977671 -0.072242 1.705147
v -1.977671 6.468293 1.705147
v -2.034154 -0.072242 1.735337
v -2.034153 6.468293 1.735337
v -2.095440 -0.072242 1.753928
v -2.095440 6.468293 1.753928
v -2.159176 -0.072242 1.760206
v -2.159176 6.468293 1.760206
v -2.222912 -0.072242 1.753928
v -2.222912 6.468293 1.753928
v -2.284199 -0.072242 1.735337
v -2.284199 6.468293 1.735337
v -2.340681 -0.072242 1.705147
v -2.340681 6.468293 1.705147
v -2.390188 -0.072242 1.664517
v -2.390188 6.468293 1.664517
v -2.430817 -0.072242 1.615010
v -2.430817 6.468293 1.615010
v -2.461008 -0.072242 1.558528
v -2.461008 6.468293 1.558528
v -2.479599 -0.072242 1.497242
v -2.479599 6.468293 1.497242
v -2.485876 -0.072242 1.433506
v -2.485876 6.468293 1.433506
v -2.479599 -0.072242 1.369770
v -2.479599 6.468293 1.369770
v -2.461008 -0.072242 1.308483
v -2.461008 6.468293 1.308483
v -2.430817 -0.072242 1.252001
v -2.430817 6.468293 1.252001
v -2.390188 -0.072242 1.202494
v -2.390188 6.468293 1.202494
v -2.340681 -0.072242 1.161864
v -2.340681 6.468293 1.161864
v -2.284199 -0.072242 1.131674
v -2.284199 6.468293 1.131674
v -2.222912 -0.072242 1.113083
v -2.222912 6.468293 1.113083
v -2.159176 -0.072242 3.217757
v -2.159176 6.468293 3.217757
v -2.095440 -0.072242 3.224035
v -2.095440 6.468293 3.224035
v -2.034154 -0.072242 3.242625
v -2.034153 6.468293 3.242625
v -1.977671 -0.072242 3.272816
v -1.977671 6.468293 3.272816
v -1.928164 -0.072242 3.313445
v -1.928164 6.468293 3.313445
v -1.887535 -0.072242 3.362952
v -1.887535 6.468293 3.362952
v -1.857345 -0.072242 3.419434
v -1.857345 6.468293 3.419434
v -1.838754 -0.072242 3.480721
v -1.838754 6.468293 3.480721
v -1.832476 -0.072242 3.544457
v -1.832476 6.468293 3.544457
v -1.838754 -0.072242 3.608193
v -1.838754 6.468293 3.608193
v -1.857345 -0.072242 3.669480
v -1.857345 6.468293 3.669480
v -1.887535 -0.072242 3.725962
v -1.887535 6.468293 3.725962
v -1.928164 -0.072242 3.775469
v -1.928164 6.468293 3.775469
v -1.977671 -0.072242 3.816098
v -1.977671 6.468293 3.816098
v -2.034154 -0.072242 3.846289
v -2.034153 6.468293 3.846289
v -2.095440 -0.072242 3.864880
v -2.095440 6.468293 3.864880
v -2.159176 -0.072242 3.871157
v -2.159176 6.468293 3.871157
v -2.222912 -0.072242 3.864880
v -2.222912 6.468293 3.864880
v -2.284199 -0.072242 3.846289
v -2.284199 6.468293 3.846289
v -2.340681 -0.072242 3.816098
v -2.340681 6.468293 3.816098
v -2.390188 -0.072242 3.775469
v -2.390188 6.468293 3.775469
v -2.430817 -0.072242 3.725962
v -2.430817 6.468293 3.725962
v -2.461008 -0.072242 3.669480
v -2.461008 6.468293 3.669480
v -2.479599 -0.072242 3.608193
v -2.479599 6.468293 3.608193
v -2.485876 -0.072242 3.544457
v -2.485876 6.468293 3.544457
v -2.479599 -0.072242 3.480721
v -2.479599 6.468293 3.480721
v -2.461008 -0.072242 3.419434
v -2.461008 6.468293 3.419434
v -2.430817 -0.072242 3.362952
v -2.430817 6.468293 3.362952
v -2.390188 -0.072242 3.313445
v -2.390188 6.468293 3.313445
v -2.340681 -0.072242 3.272816
v -2.340681 6.468293 3.272816
v -2.284199 -0.072242 3.242625
v -2.284199 6.468293 3.242625
v -2.222912 -0.072242 3.224035
v -2.222912 6.468293 3.224035
v -2.159176 -0.072242 5.333327
v -2.159176 6.468293 5.333327
v -2.095440 -0.072242 5.339605
v -2.095440 6.468293 5.339605
v -2.034154 -0.072242 5.358196
v -2.034153 6.468293 5.358196
v -1.977671 -0.072242 5.388387
v -1.977671 6.468293 5.388387
v -1.928164 -0.072242 5.429016
v -1.928164 6.468293 5.429016
v -1.887535 -0.072242 5.478523
v -1.887535 6.468293 5.478523
v -1.857345 -0.072242 5.535005
v -1.857345 6.468293 5.535005
v -1.838754 -0.072242 5.596292
v -1.838754 6.468293 5.596292
v -1.832476 -0.072242 5.660028
v -1.832476 6.468293 5.660028
v -1.838754 -0.072242 5.723764
v -1.838754 6.468293 5.723764
v -1.857345 -0.072242 5.785051
v -1.857345 6.468293 5.785051
v -1.887535 -0.072242 5.841533
v -1.887535 6.468293 5.841533
v -1.928164 -0.072242 5.891039
v -1.928164 6.468293 5.891039
v -1.977671 -0.072242 5.931669
v -1.977671 6.468293 5.931669
v -2.034154 -0.072242 5.961859
v -2.034153 6.468293 5.961859
v -2.095440 -0.072242 5.980450
v -2.095440 6.468293 5.980450
v -2.159176 -0.072242 5.986727
v -2.159176 6.468293 5.986727
v -2.222912 -0.072242 5.980450
v -2.222912 6.468293 5.980450
v -2.284199 -0.072242 5.961859
v -2.284199 6.468293 5.961859
v -2.340681 -0.072242 5.931669
v -2.340681 6.468293 5.931669
v -2.390188 -0.072242 5.891039
v -2.390188 6.468293 5.891039
v -2.430817 -0.072242 5.841533
v -2.430817 6.468293 5.841533
v -2.461008 -0.072242 5.785051
v -2.461008 6.468293 5.785051
v -2.479599 -0.072242 5.723764
v -2.479599 6.468293 5.723764
v -2.485876 -0.072242 5.660028
v -2.485876 6.468293 5.660028
v -2.479599 -0.072242 5.596292
v -2.479599 6.468293 5.596292
v -2.461008 -0.072242 5.535005
v -2.461008 6.468293 5.535005
v -2.430817 -0.072242 5.478523
v -2.430817 6.468293 5.478523
v -2.390188 -0.072242 5.429016
v -2.390188 6.468293 5.429016
v -2.340681 -0.072242 5.388387
v -2.340681 6.468293 5.388387
v -2.284199 -0.072242 5.358196
v -2.284199 6.468293 5.358196
v -2.222912 -0.072242 5.339605
v -2.222912 6.468293 5.339605
v -2.179044 1.978925 1.147688
v -2.719964 1.978925 1.196111
v -2.179044 2.036907 1.153399
v -2.719964 2.027460 1.200891
v -2.179044 2.092662 1.170312
v -2.719964 2.074131 1.215048
v -2.179044 2.144045 1.197777
v -2.719964 2.117143 1.238039
v -2.179044 2.189083 1.234738
v -2.719964 2.154843 1.268978
v -2.179044 2.226045 1.279776
v -2.719964 2.185783 1.306679
v -2.179044 2.253510 1.331160
v -2.719964 2.208773 1.349690
v -2.179044 2.270423 1.386914
v -2.719964 2.222930 1.396361
v -2.179044 2.276133 1.444897
v -2.719964 2.227711 1.444897
v -2.179044 2.270423 1.502879
v -2.719964 2.222930 1.493432
v -2.179044 2.253510 1.558634
v -2.719964 2.208773 1.540103
v -2.179044 2.226045 1.610017
v -2.719964 2.185783 1.583115
v -2.179044 2.189083 1.655055
v -2.719964 2.154843 1.620815
v -2.179044 2.144045 1.692017
v -2.719964 2.117143 1.651755
v -2.179044 2.092662 1.719482
v -2.719964 2.074131 1.674745
v -2.179044 2.036907 1.736395
v -2.719964 2.027460 1.688903
v -2.179044 1.978925 1.742105
v -2.719964 1.978925 1.693683
v -2.179044 1.920942 1.736395
v -2.719964 1.930389 1.688903
v -2.179044 1.865188 1.719482
v -2.719964 1.883718 1.674745
v -2.179044 1.813804 1.692017
v -2.719964 1.840707 1.651755
v -2.179044 1.768766 1.655055
v -2.719964 1.803006 1.620815
v -2.179044 1.731804 1.610017
v -2.719964 1.772067 1.583115
v -2.179044 1.704340 1.558634
v -2.719964 1.749076 1.540103
v -2.179044 1.687427 1.502879
v -2.719964 1.734919 1.493432
v -2.179044 1.681716 1.444897
v -2.719964 1.730138 1.444897
v -2.179044 1.687427 1.386914
v -2.719964 1.734919 1.396361
v -2.179044 1.704340 1.331160
v -2.719964 1.749076 1.349690
v -2.179044 1.731804 1.279776
v -2.719964 1.772067 1.306679
v -2.179044 1.768766 1.234738
v -2.719964 1.803006 1.268978
v -2.179044 1.813804 1.197777
v -2.719964 1.840707 1.238039
v -2.179044 1.865188 1.170312
v -2.719964 1.883718 1.215048
v -2.179044 1.920942 1.153399
v -2.719964 1.930389 1.200891
v -2.719964 2.036907 1.153399
v -2.719964 1.978925 1.147688
v -2.719964 2.092662 1.170312
v -2.719964 2.144045 1.197777
v -2.719964 2.189083 1.234738
v -2.719964 2.226045 1.279776
v -2.719964 2.253510 1.331160
v -2.719964 2.270423 1.386914
v -2.719964 2.276133 1.444897
v -2.719964 2.270423 1.502879
v -2.719964 2.253510 1.558634
v -2.719964 2.226045 1.610017
v -2.719964 2.189083 1.655055
v -2.719964 2.144045 1.692017
v -2.719964 2.092662 1.719482
v -2.719964 2.036907 1.736395
v -2.719964 1.978925 1.742105
v -2.719964 1.920942 1.736395
v -2.719964 1.865188 1.719482
v -2.719964 1.813804 1.692017
v -2.719964 1.768766 1.655055
v -2.719964 1.731805 1.610017
v -2.719964 1.704340 1.558634
v -2.719964 1.687427 1.502879
v -2.719964 1.681716 1.444897
v -2.719964 1.687427 1.386914
v -2.719964 1.704340 1.331160
v -2.719964 1.731805 1.279776
v -2.719964 1.768766 1.234738
v -2.719964 1.813804 1.197777
v -2.719964 1.865188 1.170312
v -2.719964 1.920942 1.153399
v -2.678953 2.019532 1.240751
v -2.678953 1.978925 1.236752
v -2.678953 2.058578 1.252596
v -2.678953 2.094564 1.271831
v -2.678953 2.126106 1.297716
v -2.678953 2.151991 1.329258
v -2.678953 2.171226 1.365243
v -2.678953 2.183070 1.404290
v -2.678953 2.187070 1.444897
v -2.678953 2.183070 1.485504
v -2.678953 2.171226 1.524550
v -2.678953 2.151991 1.560536
v -2.678953 2.126106 1.592077
v -2.678953 2.094564 1.617963
v -2.678953 2.058578 1.637198
v -2.678953 2.019532 1.649042
v -2.678953 1.978925 1.653042
v -2.678953 1.938318 1.649042
v -2.678953 1.899271 1.637198
v -2.678953 1.863286 1.617963
v -2.678953 1.831744 1.592077
v -2.678953 1.805858 1.560536
v -2.678953 1.786624 1.524550
v -2.678953 1.774779 1.485504
v -2.678953 1.770780 1.444897
v -2.678953 1.774779 1.404290
v -2.678953 1.786624 1.365243
v -2.678953 1.805858 1.329258
v -2.678953 1.831744 1.297716
v -2.678953 1.863286 1.271831
v -2.678953 1.899271 1.252596
v -2.678953 1.938318 1.240751
v -2.678953 2.027460 1.200891
v -2.678953 1.978925 1.196111
v -2.678953 2.074131 1.215048
v -2.678953 2.117143 1.238039
v -2.678953 2.154843 1.268978
v -2.678953 2.185783 1.306679
v -2.678953 2.208773 1.349690
v -2.678953 2.222930 1.396361
v -2.678953 2.227711 1.444897
v -2.678953 2.222930 1.493432
v -2.678953 2.208773 1.540103
v -2.678953 2.185783 1.583115
v -2.678953 2.154843 1.620815
v -2.678953 2.117143 1.651755
v -2.678953 2.074131 1.674745
v -2.678953 2.027460 1.688903
v -2.678953 1.978925 1.693683
v -2.678953 1.930389 1.688903
v -2.678953 1.883718 1.674745
v -2.678953 1.840707 1.651755
v -2.678953 1.803006 1.620815
v -2.678953 1.772067 1.583115
v -2.678953 1.749076 1.540103
v -2.678953 1.734919 1.493432
v -2.678953 1.730138 1.444897
v -2.678953 1.734919 1.396361
v -2.678953 1.749076 1.349690
v -2.678953 1.772067 1.306679
v -2.678953 1.803006 1.268978
v -2.678953 1.840707 1.238039
v -2.678953 1.883718 1.215048
v -2.678953 1.930389 1.200891
v -2.615095 2.012128 1.277974
v -2.615095 1.978925 1.274703
v -2.615095 2.044055 1.287659
v -2.615095 2.073479 1.303386
v -2.615095 2.099270 1.324552
v -2.615095 2.120435 1.350342
v -2.615095 2.136163 1.379767
v -2.615095 2.145848 1.411694
v -2.615095 2.149118 1.444897
v -2.615095 2.145848 1.478100
v -2.615095 2.136163 1.510027
v -2.615095 2.120435 1.539451
v -2.615095 2.099270 1.565242
v -2.615095 2.073479 1.586407
v -2.615095 2.044055 1.602135
v -2.615095 2.012128 1.611820
v -2.615095 1.978925 1.615090
v -2.615095 1.945722 1.611820
v -2.615095 1.913795 1.602135
v -2.615095 1.884370 1.586407
v -2.615095 1.858580 1.565242
v -2.615095 1.837414 1.539451
v -2.615095 1.821687 1.510027
v -2.615095 1.812001 1.478100
v -2.615095 1.808731 1.444897
v -2.615095 1.812001 1.411694
v -2.615095 1.821687 1.379767
v -2.615095 1.837414 1.350342
v -2.615095 1.858580 1.324552
v -2.615095 1.884370 1.303386
v -2.615095 1.913795 1.287659
v -2.615095 1.945722 1.277974
v -2.615095 2.019532 1.240751
v -2.615095 1.978925 1.236752
v -2.615095 2.058578 1.252596
v -2.615095 2.094564 1.271831
v -2.615095 2.126106 1.297716
v -2.615095 2.151991 1.329258
v -2.615095 2.171226 1.365243
v -2.615095 2.183070 1.404290
v -2.615095 2.187070 1.444897
v -2.615095 2.183070 1.485504
v -2.615095 2.171226 1.524550
v -2.615095 2.151991 1.560536
v -2.615095 2.126106 1.592077
v -2.615095 2.094564 1.617963
v -2.615095 2.058578 1.637198
v -2.615095 2.019532 1.649042
v -2.615095 1.978925 1.653042
v -2.615095 1.938318 1.649042
v -2.615095 1.899271 1.637198
v -2.615095 1.863286 1.617963
v -2.615095 1.831744 1.592077
v -2.615095 1.805858 1.560536
v -2.615095 1.786624 1.524550
v -2.615095 1.774779 1.485504
v -2.615095 1.770780 1.444897
v -2.615095 1.774779 1.404290
v -2.615095 1.786624 1.365243
v -2.615095 1.805858 1.329258
v -2.615095 1.831744 1.297716
v -2.615095 1.863286 1.271831
v -2.615095 1.899271 1.252596
v -2.615095 1.938318 1.240751
v -2.729310 2.000891 1.334462
v -2.729310 1.978925 1.332298
v -2.729310 2.022014 1.340869
v -2.729310 2.041481 1.351274
v -2.729310 2.058544 1.365277
v -2.729310 2.072547 1.382340
v -2.729310 2.082952 1.401807
v -2.729310 2.089360 1.422930
v -2.729310 2.091523 1.444897
v -2.729310 2.089360 1.466864
v -2.729310 2.082952 1.487986
v -2.729310 2.072547 1.507453
v -2.729310 2.058544 1.524516
v -2.729310 2.041481 1.538519
v -2.729310 2.022014 1.548924
v -2.729310 2.000891 1.555332
v -2.729310 1.978925 1.557495
v -2.729310 1.956958 1.555332
v -2.729310 1.935835 1.548924
v -2.729310 1.916368 1.538519
v -2.729310 1.899305 1.524516
v -2.729310 1.885302 1.507453
v -2.729310 1.874897 1.487986
v -2.729310 1.868490 1.466864
v -2.729310 1.866326 1.444897
v -2.729310 1.868490 1.422930
v -2.729310 1.874897 1.401807
v -2.729310 1.885302 1.382340
v -2.729310 1.899305 1.365277
v -2.729310 1.916368 1.351274
v -2.729310 1.935835 1.340869
v -2.729310 1.956958 1.334462
v -2.729310 2.012128 1.277974
v -2.729310 1.978925 1.274703
v -2.729310 2.044055 1.287659
v -2.729310 2.073479 1.303386
v -2.729310 2.099270 1.324552
v -2.729310 2.120435 1.350342
v -2.729310 2.136163 1.379767
v -2.729310 2.145848 1.411694
v -2.729310 2.149118 1.444897
v -2.729310 2.145848 1.478100
v -2.729310 2.136163 1.510027
v -2.729310 2.120435 1.539451
v -2.729310 2.099270 1.565242
v -2.729310 2.073479 1.586407
v -2.729310 2.044055 1.602135
v -2.729310 2.012128 1.611820
v -2.729310 1.978925 1.615090
v -2.729310 1.945722 1.611820
v -2.729310 1.913795 1.602135
v -2.729310 1.884370 1.586407
v -2.729310 1.858580 1.565242
v -2.729310 1.837414 1.539451
v -2.729310 1.821687 1.510027
v -2.729310 1.812001 1.478100
v -2.729310 1.808731 1.444897
v -2.729310 1.812001 1.411694
v -2.729310 1.821687 1.379767
v -2.729310 1.837414 1.350342
v -2.729310 1.858580 1.324552
v -2.729310 1.884370 1.303386
v -2.729310 1.913795 1.287659
v -2.729310 1.945722 1.277974
v -2.650118 2.000891 1.334462
v -2.650118 1.978925 1.332298
v -2.650118 2.022014 1.340869
v -2.650118 2.041481 1.351274
v -2.650118 2.058544 1.365277
v -2.650118 2.072547 1.382340
v -2.650118 2.082952 1.401807
v -2.650118 2.089360 1.422930
v -2.650118 2.091523 1.444897
v -2.650118 2.089360 1.466864
v -2.650118 2.082952 1.487986
v -2.650118 2.072547 1.507453
v -2.650118 2.058544 1.524516
v -2.650118 2.041481 1.538519
v -2.650118 2.022014 1.548924
v -2.650118 2.000891 1.555332
v -2.650118 1.978925 1.557495
v -2.650118 1.956958 1.555332
v -2.650118 1.935835 1.548924
v -2.650118 1.916368 1.538519
v -2.650118 1.899305 1.524516
v -2.650118 1.885302 1.507453
v -2.650118 1.874897 1.487986
v -2.650118 1.868490 1.466864
v -2.650118 1.866326 1.444897
v -2.650118 1.868490 1.422930
v -2.650118 1.874897 1.401807
v -2.650118 1.885302 1.382340
v -2.650118 1.899305 1.365277
v -2.650118 1.916368 1.351274
v -2.650118 1.935835 1.340869
v -2.650118 1.956958 1.334462
v -2.179044 1.978925 3.253942
v -2.719964 1.978925 3.302364
v -2.179044 2.036907 3.259652
v -2.719964 2.027460 3.307144
v -2.179044 2.092662 3.276565
v -2.719964 2.074131 3.321302
v -2.179044 2.144045 3.304030
v -2.719964 2.117143 3.344292
v -2.179044 2.189083 3.340992
v -2.719964 2.154843 3.375232
v -2.179044 2.226045 3.386030
v -2.719964 2.185783 3.412932
v -2.179044 2.253510 3.437413
v -2.719964 2.208773 3.455944
v -2.179044 2.270423 3.493168
v -2.719964 2.222930 3.502614
v -2.179044 2.276133 3.551150
v -2.719964 2.227711 3.551150
v -2.179044 2.270423 3.609133
v -2.719964 2.222930 3.599686
v -2.179044 2.253510 3.664887
v -2.719964 2.208773 3.646357
v -2.179044 2.226045 3.716270
v -2.719964 2.185783 3.689368
v -2.179044 2.189083 3.761308
v -2.719964 2.154843 3.727068
v -2.179044 2.144045 3.798270
v -2.719964 2.117143 3.758008
v -2.179044 2.092662 3.825735
v -2.719964 2.074131 3.780998
v -2.179044 2.036907 3.842648
v -2.719964 2.027460 3.795156
v -2.179044 1.978925 3.848359
v -2.719964 1.978925 3.799936
v -2.179044 1.920942 3.842648
v -2.719964 1.930389 3.795156
v -2.179044 1.865188 3.825735
v -2.719964 1.883718 3.780998
v -2.179044 1.813804 3.798270
v -2.719964 1.840707 3.758008
v -2.179044 1.768766 3.761308
v -2.719964 1.803006 3.727068
v -2.179044 1.731804 3.716270
v -2.719964 1.772067 3.689368
v -2.179044 1.704340 3.664887
v -2.719964 1.749076 3.646357
v -2.179044 1.687427 3.609133
v -2.719964 1.734919 3.599686
v -2.179044 1.681716 3.551150
v -2.719964 1.730138 3.551150
v -2.179044 1.687427 3.493168
v -2.719964 1.734919 3.502614
v -2.179044 1.704340 3.437413
v -2.719964 1.749076 3.455944
v -2.179044 1.731804 3.386030
v -2.719964 1.772067 3.412932
v -2.179044 1.768766 3.340992
v -2.719964 1.803006 3.375232
v -2.179044 1.813804 3.304030
v -2.719964 1.840707 3.344292
v -2.179044 1.865188 3.276565
v -2.719964 1.883718 3.321302
v -2.179044 1.920942 3.259652
v -2.719964 1.930389 3.307144
v -2.719964 2.036907 3.259652
v -2.719964 1.978925 3.253942
v -2.719964 2.092662 3.276565
v -2.719964 2.144045 3.304030
v -2.719964 2.189083 3.340992
v -2.719964 2.226045 3.386030
v -2.719964 2.253510 3.437413
v -2.719964 2.270423 3.493168
v -2.719964 2.276133 3.551150
v -2.719964 2.270423 3.609133
v -2.719964 2.253510 3.664887
v -2.719964 2.226045 3.716270
v -2.719964 2.189083 3.761308
v -2.719964 2.144045 3.798270
v -2.719964 2.092662 3.825735
v -2.719964 2.036907 3.842648
v -2.719964 1.978925 3.848359
v -2.719964 1.920942 3.842648
v -2.719964 1.865188 3.825735
v -2.719964 1.813804 3.798270
v -2.719964 1.768766 3.761308
v -2.719964 1.731805 3.716270
v -2.719964 1.704340 3.664887
v -2.719964 1.687427 3.609133
v -2.719964 1.681716 3.551150
v -2.719964 1.687427 3.493168
v -2.719964 1.704340 3.437413
v -2.719964 1.731805 3.386030
v -2.719964 1.768766 3.340992
v -2.719964 1.813804 3.304030
v -2.719964 1.865188 3.276565
v -2.719964 1.920942 3.259652
v -2.678953 2.019532 3.347005
v -2.678953 1.978925 3.343005
v -2.678953 2.058578 3.358849
v -2.678953 2.094564 3.378084
v -2.678953 2.126106 3.403970
v -2.678953 2.151991 3.435511
v -2.678953 2.171226 3.471497
v -2.678953 2.183070 3.510543
v -2.678953 2.187070 3.551150
v -2.678953 2.183070 3.591757
v -2.678953 2.171226 3.630804
v -2.678953 2.151991 3.666789
v -2.678953 2.126106 3.698331
v -2.678953 2.094564 3.724216
v -2.678953 2.058578 3.743451
v -2.678953 2.019532 3.755296
v -2.678953 1.978925 3.759295
v -2.678953 1.938318 3.755296
v -2.678953 1.899271 3.743451
v -2.678953 1.863286 3.724216
v -2.678953 1.831744 3.698331
v -2.678953 1.805858 3.666789
v -2.678953 1.786624 3.630804
v -2.678953 1.774779 3.591757
v -2.678953 1.770780 3.551150
v -2.678953 1.774779 3.510543
v -2.678953 1.786624 3.471497
v -2.678953 1.805858 3.435511
v -2.678953 1.831744 3.403970
v -2.678953 1.863286 3.378084
v -2.678953 1.899271 3.358849
v -2.678953 1.938318 3.347005
v -2.678953 2.027460 3.307144
v -2.678953 1.978925 3.302364
v -2.678953 2.074131 3.321302
v -2.678953 2.117143 3.344292
v -2.678953 2.154843 3.375232
v -2.678953 2.185783 3.412932
v -2.678953 2.208773 3.455944
v -2.678953 2.222930 3.502614
v -2.678953 2.227711 3.551150
v -2.678953 2.222930 3.599686
v -2.678953 2.208773 3.646357
v -2.678953 2.185783 3.689368
v -2.678953 2.154843 3.727068
v -2.678953 2.117143 3.758008
v -2.678953 2.074131 3.780998
v -2.678953 2.027460 3.795156
v -2.678953 1.978925 3.799936
v -2.678953 1.930389 3.795156
v -2.678953 1.883718 3.780998
v -2.678953 1.840707 3.758008
v -2.678953 1.803006 3.727068
v -2.678953 1.772067 3.689368
v -2.678953 1.749076 3.646357
v -2.678953 1.734919 3.599686
v -2.678953 1.730138 3.551150
v -2.678953 1.734919 3.502614
v -2.678953 1.749076 3.455944
v -2.678953 1.772067 3.412932
v -2.678953 1.803006 3.375232
v -2.678953 1.840707 3.344292
v -2.678953 1.883718 3.321302
v -2.678953 1.930389 3.307144
v -2.615095 2.012128 3.384227
v -2.615095 1.978925 3.380957
v -2.615095 2.044055 3.393912
v -2.615095 2.073479 3.409640
v -2.615095 2.099270 3.430805
v -2.615095 2.120435 3.456596
v -2.615095 2.136163 3.486020
v -2.615095 2.145848 3.517947
v -2.615095 2.149118 3.551150
v -2.615095 2.145848 3.584353
v -2.615095 2.136163 3.616280
v -2.615095 2.120435 3.645704
v -2.615095 2.099270 3.671495
v -2.615095 2.073479 3.692661
v -2.615095 2.044055 3.708388
v -2.615095 2.012128 3.718073
v -2.615095 1.978925 3.721344
v -2.615095 1.945722 3.718073
v -2.615095 1.913795 3.708388
v -2.615095 1.884370 3.692661
v -2.615095 1.858580 3.671495
v -2.615095 1.837414 3.645704
v -2.615095 1.821687 3.616280
v -2.615095 1.812001 3.584353
v -2.615095 1.808731 3.551150
v -2.615095 1.812001 3.517947
v -2.615095 1.821687 3.486020
v -2.615095 1.837414 3.456596
v -2.615095 1.858580 3.430805
v -2.615095 1.884370 3.409640
v -2.615095 1.913795 3.393912
v -2.615095 1.945722 3.384227
v -2.615095 2.019532 3.347005
v -2.615095 1.978925 3.343005
v -2.615095 2.058578 3.358849
v -2.615095 2.094564 3.378084
v -2.615095 2.126106 3.403970
v -2.615095 2.151991 3.435511
v -2.615095 2.171226 3.471497
v -2.615095 2.183070 3.510543
v -2.615095 2.187070 3.551150
v -2.615095 2.183070 3.591757
v -2.615095 2.171226 3.630804
v -2.615095 2.151991 3.666789
v -2.615095 2.126106 3.698331
v -2.615095 2.094564 3.724216
v -2.615095 2.058578 3.743451
v -2.615095 2.019532 3.755296
v -2.615095 1.978925 3.759295
v -2.615095 1.938318 3.755296
v -2.615095 1.899271 3.743451
v -2.615095 1.863286 3.724216
v -2.615095 1.831744 3.698331
v -2.615095 1.805858 3.666789
v -2.615095 1.786624 3.630804
v -2.615095 1.774779 3.591757
v -2.615095 1.770780 3.551150
v -2.615095 1.774779 3.510543
v -2.615095 1.786624 3.471497
v -2.615095 1.805858 3.435511
v -2.615095 1.831744 3.403970
v -2.615095 1.863286 3.378084
v -2.615095 1.899271 3.358849
v -2.615095 1.938318 3.347005
v -2.729310 2.000891 3.440715
v -2.729310 1.978925 3.438552
v -2.729310 2.022014 3.447123
v -2.729310 2.041481 3.457528
v -2.729310 2.058544 3.471531
v -2.729310 2.072547 3.488594
v -2.729310 2.082952 3.508060
v -2.729310 2.089360 3.529183
v -2.729310 2.091523 3.551150
v -2.729310 2.089360 3.573117
v -2.729310 2.082952 3.594240
v -2.729310 2.072547 3.613707
v -2.729310 2.058544 3.630769
v -2.729310 2.041481 3.644773
v -2.729310 2.022014 3.655178
v -2.729310 2.000891 3.661585
v -2.729310 1.978925 3.663749
v -2.729310 1.956958 3.661585
v -2.729310 1.935835 3.655178
v -2.729310 1.916368 3.644773
v -2.729310 1.899305 3.630769
v -2.729310 1.885302 3.613707
v -2.729310 1.874897 3.594240
v -2.729310 1.868490 3.573117
v -2.729310 1.866326 3.551150
v -2.729310 1.868490 3.529183
v -2.729310 1.874897 3.508060
v -2.729310 1.885302 3.488594
v -2.729310 1.899305 3.471531
v -2.729310 1.916368 3.457528
v -2.729310 1.935835 3.447123
v -2.729310 1.956958 3.440715
v -2.729310 2.012128 3.384227
v -2.729310 1.978925 3.380957
v -2.729310 2.044055 3.393912
v -2.729310 2.073479 3.409640
v -2.729310 2.099270 3.430805
v -2.729310 2.120435 3.456596
v -2.729310 2.136163 3.486020
v -2.729310 2.145848 3.517947
v -2.729310 2.149118 3.551150
v -2.729310 2.145848 3.584353
v -2.729310 2.136163 3.616280
v -2.729310 2.120435 3.645704
v -2.729310 2.099270 3.671495
v -2.729310 2.073479 3.692661
v -2.729310 2.044055 3.708388
v -2.729310 2.012128 3.718073
v -2.729310 1.978925 3.721344
v -2.729310 1.945722 3.718073
v -2.729310 1.913795 3.708388
v -2.729310 1.884370 3.692661
v -2.729310 1.858580 3.671495
v -2.729310 1.837414 3.645704
v -2.729310 1.821687 3.616280
v -2.729310 1.812001 3.584353
v -2.729310 1.808731 3.551150
v -2.729310 1.812001 3.517947
v -2.729310 1.821687 3.486020
v -2.729310 1.837414 3.456596
v -2.729310 1.858580 3.430805
v -2.729310 1.884370 3.409640
v -2.729310 1.913795 3.393912
v -2.729310 1.945722 3.384227
v -2.650118 2.000891 3.440715
v -2.650118 1.978925 3.438552
v -2.650118 2.022014 3.447123
v -2.650118 2.041481 3.457528
v -2.650118 2.058544 3.471531
v -2.650118 2.072547 3.488594
v -2.650118 2.082952 3.508060
v -2.650118 2.089360 3.529183
v -2.650118 2.091523 3.551150
v -2.650118 2.089360 3.573117
v -2.650118 2.082952 3.594240
v -2.650118 2.072547 3.613707
v -2.650118 2.058544 3.630769
v -2.650118 2.041481 3.644773
v -2.650118 2.022014 3.655178
v -2.650118 2.000891 3.661585
v -2.650118 1.978925 3.663749
v -2.650118 1.956958 3.661585
v -2.650118 1.935835 3.655178
v -2.650118 1.916368 3.644773
v -2.650118 1.899305 3.630769
v -2.650118 1.885302 3.613707
v -2.650118 1.874897 3.594240
v -2.650118 1.868490 3.573117
v -2.650118 1.866326 3.551150
v -2.650118 1.868490 3.529183
v -2.650118 1.874897 3.508060
v -2.650118 1.885302 3.488594
v -2.650118 1.899305 3.471531
v -2.650118 1.916368 3.457528
v -2.650118 1.935835 3.447123
v -2.650118 1.956958 3.440715
v -2.179044 1.978925 5.362808
v -2.719964 1.978925 5.411231
v -2.179044 2.036907 5.368519
v -2.719964 2.027460 5.416011
v -2.179044 2.092662 5.385432
v -2.719964 2.074131 5.430169
v -2.179044 2.144045 5.412897
v -2.719964 2.117143 5.453159
v -2.179044 2.189083 5.449859
v -2.719964 2.154843 5.484099
v -2.179044 2.226045 5.494896
v -2.719964 2.185783 5.521799
v -2.179044 2.253510 5.546280
v -2.719964 2.208773 5.564810
v -2.179044 2.270423 5.602035
v -2.719964 2.222930 5.611481
v -2.179044 2.276133 5.660017
v -2.719964 2.227711 5.660017
v -2.179044 2.270423 5.717999
v -2.719964 2.222930 5.708553
v -2.179044 2.253510 5.773754
v -2.719964 2.208773 5.755223
v -2.179044 2.226045 5.825137
v -2.719964 2.185783 5.798235
v -2.179044 2.189083 5.870175
v -2.719964 2.154843 5.835935
v -2.179044 2.144045 5.907137
v -2.719964 2.117143 5.866875
v -2.179044 2.092662 5.934602
v -2.719964 2.074131 5.889866
v -2.179044 2.036907 5.951515
v -2.719964 2.027460 5.904023
v -2.179044 1.978925 5.957226
v -2.719964 1.978925 5.908803
v -2.179044 1.920942 5.951515
v -2.719964 1.930389 5.904023
v -2.179044 1.865188 5.934602
v -2.719964 1.883718 5.889866
v -2.179044 1.813804 5.907137
v -2.719964 1.840707 5.866875
v -2.179044 1.768766 5.870175
v -2.719964 1.803006 5.835935
v -2.179044 1.731804 5.825137
v -2.719964 1.772067 5.798235
v -2.179044 1.704340 5.773754
v -2.719964 1.749076 5.755223
v -2.179044 1.687427 5.717999
v -2.719964 1.734919 5.708553
v -2.179044 1.681716 5.660017
v -2.719964 1.730138 5.660017
v -2.179044 1.687427 5.602035
v -2.719964 1.734919 5.611481
v -2.179044 1.704340 5.546280
v -2.719964 1.749076 5.564810
v -2.179044 1.731804 5.494896
v -2.719964 1.772067 5.521799
v -2.179044 1.768766 5.449859
v -2.719964 1.803006 5.484099
v -2.179044 1.813804 5.412897
v -2.719964 1.840707 5.453159
v -2.179044 1.865188 5.385432
v -2.719964 1.883718 5.430169
v -2.179044 1.920942 5.368519
v -2.719964 1.930389 5.416011
v -2.719964 2.036907 5.368519
v -2.719964 1.978925 5.362808
v -2.719964 2.092662 5.385432
v -2.719964 2.144045 5.412897
v -2.719964 2.189083 5.449859
v -2.719964 2.226045 5.494896
v -2.719964 2.253510 5.546280
v -2.719964 2.270423 5.602035
v -2.719964 2.276133 5.660017
v -2.719964 2.270423 5.717999
v -2.719964 2.253510 5.773754
v -2.719964 2.226045 5.825137
v -2.719964 2.189083 5.870175
v -2.719964 2.144045 5.907137
v -2.719964 2.092662 5.934602
v -2.719964 2.036907 5.951515
v -2.719964 1.978925 5.957226
v -2.719964 1.920942 5.951515
v -2.719964 1.865188 5.934602
v -2.719964 1.813804 5.907137
v -2.719964 1.768766 5.870175
v -2.719964 1.731805 5.825137
v -2.719964 1.704340 5.773754
v -2.719964 1.687427 5.717999
v -2.719964 1.681716 5.660017
v -2.719964 1.687427 5.602035
v -2.719964 1.704340 5.546280
v -2.719964 1.731805 5.494896
v -2.719964 1.768766 5.449859
v -2.719964 1.813804 5.412897
v -2.719964 1.865188 5.385432
v -2.719964 1.920942 5.368519
v -2.678953 2.019532 5.455872
v -2.678953 1.978925 5.451872
v -2.678953 2.058578 5.467716
v -2.678953 2.094564 5.486951
v -2.678953 2.126106 5.512836
v -2.678953 2.151991 5.544378
v -2.678953 2.171226 5.580363
v -2.678953 2.183070 5.619410
v -2.678953 2.187070 5.660017
v -2.678953 2.183070 5.700624
v -2.678953 2.171226 5.739671
v -2.678953 2.151991 5.775656
v -2.678953 2.126106 5.807198
v -2.678953 2.094564 5.833084
v -2.678953 2.058578 5.852318
v -2.678953 2.019532 5.864162
v -2.678953 1.978925 5.868162
v -2.678953 1.938318 5.864162
v -2.678953 1.899271 5.852318
v -2.678953 1.863286 5.833084
v -2.678953 1.831744 5.807198
v -2.678953 1.805858 5.775656
v -2.678953 1.786624 5.739671
v -2.678953 1.774779 5.700624
v -2.678953 1.770780 5.660017
v -2.678953 1.774779 5.619410
v -2.678953 1.786624 5.580363
v -2.678953 1.805858 5.544378
v -2.678953 1.831744 5.512836
v -2.678953 1.863286 5.486951
v -2.678953 1.899271 5.467716
v -2.678953 1.938318 5.455872
v -2.678953 2.027460 5.416011
v -2.678953 1.978925 5.411231
v -2.678953 2.074131 5.430169
v -2.678953 2.117143 5.453159
v -2.678953 2.154843 5.484099
v -2.678953 2.185783 5.521799
v -2.678953 2.208773 5.564810
v -2.678953 2.222930 5.611481
v -2.678953 2.227711 5.660017
v -2.678953 2.222930 5.708553
v -2.678953 2.208773 5.755223
v -2.678953 2.185783 5.798235
v -2.678953 2.154843 5.835935
v -2.678953 2.117143 5.866875
v -2.678953 2.074131 5.889866
v -2.678953 2.027460 5.904023
v -2.678953 1.978925 5.908803
v -2.678953 1.930389 5.904023
v -2.678953 1.883718 5.889866
v -2.678953 1.840707 5.866875
v -2.678953 1.803006 5.835935
v -2.678953 1.772067 5.798235
v -2.678953 1.749076 5.755223
v -2.678953 1.734919 5.708553
v -2.678953 1.730138 5.660017
v -2.678953 1.734919 5.611481
v -2.678953 1.749076 5.564810
v -2.678953 1.772067 5.521799
v -2.678953 1.803006 5.484099
v -2.678953 1.840707 5.453159
v -2.678953 1.883718 5.430169
v -2.678953 1.930389 5.416011
v -2.615095 2.012128 5.493094
v -2.615095 1.978925 5.489824
v -2.615095 2.044055 5.502779
v -2.615095 2.073479 5.518507
v -2.615095 2.099270 5.539672
v -2.615095 2.120435 5.565463
v -2.615095 2.136163 5.594887
v -2.615095 2.145848 5.626814
v -2.615095 2.149118 5.660017
v -2.615095 2.145848 5.693220
v -2.615095 2.136163 5.725147
v -2.615095 2.120435 5.754571
v -2.615095 2.099270 5.780362
v -2.615095 2.073479 5.801528
v -2.615095 2.044055 5.817255
v -2.615095 2.012128 5.826940
v -2.615095 1.978925 5.830211
v -2.615095 1.945722 5.826940
v -2.615095 1.913795 5.817255
v -2.615095 1.884370 5.801528
v -2.615095 1.858580 5.780362
v -2.615095 1.837414 5.754571
v -2.615095 1.821687 5.725147
v -2.615095 1.812001 5.693220
v -2.615095 1.808731 5.660017
v -2.615095 1.812001 5.626814
v -2.615095 1.821687 5.594887
v -2.615095 1.837414 5.565463
v -2.615095 1.858580 5.539672
v -2.615095 1.884370 5.518507
v -2.615095 1.913795 5.502779
v -2.615095 1.945722 5.493094
v -2.615095 2.019532 5.455872
v -2.615095 1.978925 5.451872
v -2.615095 2.058578 5.467716
v -2.615095 2.094564 5.486951
v -2.615095 2.126106 5.512836
v -2.615095 2.151991 5.544378
v -2.615095 2.171226 5.580363
v -2.615095 2.183070 5.619410
v -2.615095 2.187070 5.660017
v -2.615095 2.183070 5.700624
v -2.615095 2.171226 5.739671
v -2.615095 2.151991 5.775656
v -2.615095 2.126106 5.807198
v -2.615095 2.094564 5.833084
v -2.615095 2.058578 5.852318
v -2.615095 2.019532 5.864162
v -2.615095 1.978925 5.868162
v -2.615095 1.938318 5.864162
v -2.615095 1.899271 5.852318
v -2.615095 1.863286 5.833084
v -2.615095 1.831744 5.807198
v -2.615095 1.805858 5.775656
v -2.615095 1.786624 5.739671
v -2.615095 1.774779 5.700624
v -2.615095 1.770780 5.660017
v -2.615095 1.774779 5.619410
v -2.615095 1.786624 5.580363
v -2.615095 1.805858 5.544378
v -2.615095 1.831744 5.512836
v -2.615095 1.863286 5.486951
v -2.615095 1.899271 5.467716
v -2.615095 1.938318 5.455872
v -2.729310 2.000891 5.549582
v -2.729310 1.978925 5.547419
v -2.729310 2.022014 5.555989
v -2.729310 2.041481 5.566394
v -2.729310 2.058544 5.580398
v -2.729310 2.072547 5.597460
v -2.729310 2.082952 5.616927
v -2.729310 2.089360 5.638050
v -2.729310 2.091523 5.660017
v -2.729310 2.089360 5.681984
v -2.729310 2.082952 5.703107
v -2.729310 2.072547 5.722573
v -2.729310 2.058544 5.739636
v -2.729310 2.041481 5.753639
v -2.729310 2.022014 5.764045
v -2.729310 2.000891 5.770452
v -2.729310 1.978925 5.772615
v -2.729310 1.956958 5.770452
v -2.729310 1.935835 5.764045
v -2.729310 1.916368 5.753639
v -2.729310 1.899305 5.739636
v -2.729310 1.885302 5.722573
v -2.729310 1.874897 5.703107
v -2.729310 1.868490 5.681984
v -2.729310 1.866326 5.660017
v -2.729310 1.868490 5.638050
v -2.729310 1.874897 5.616927
v -2.729310 1.885302 5.597460
v -2.729310 1.899305 5.580398
v -2.729310 1.916368 5.566394
v -2.729310 1.935835 5.555989
v -2.729310 1.956958 5.549582
v -2.729310 2.012128 5.493094
v -2.729310 1.978925 5.489824
v -2.729310 2.044055 5.502779
v -2.729310 2.073479 5.518507
v -2.729310 2.099270 5.539672
v -2.729310 2.120435 5.565463
v -2.729310 2.136163 5.594887
v -2.729310 2.145848 5.626814
v -2.729310 2.149118 5.660017
v -2.729310 2.145848 5.693220
v -2.729310 2.136163 5.725147
v -2.729310 2.120435 5.754571
v -2.729310 2.099270 5.780362
v -2.729310 2.073479 5.801528
v -2.729310 2.044055 5.817255
v -2.729310 2.012128 5.826940
v -2.729310 1.978925 5.830211
v -2.729310 1.945722 5.826940
v -2.729310 1.913795 5.817255
v -2.729310 1.884370 5.801528
v -2.729310 1.858580 5.780362
v -2.729310 1.837414 5.754571
v -2.729310 1.821687 5.725147
v -2.729310 1.812001 5.693220
v -2.729310 1.808731 5.660017
v -2.729310 1.812001 5.626814
v -2.729310 1.821687 5.594887
v -2.729310 1.837414 5.565463
v -2.729310 1.858580 5.539672
v -2.729310 1.884370 5.518507
v -2.729310 1.913795 5.502779
v -2.729310 1.945722 5.493094
v -2.650118 2.000891 5.549582
v -2.650118 1.978925 5.547419
v -2.650118 2.022014 5.555989
v -2.650118 2.041481 5.566394
v -2.650118 2.058544 5.580398
v -2.650118 2.072547 5.597460
v -2.650118 2.082952 5.616927
v -2.650118 2.089360 5.638050
v -2.650118 2.091523 5.660017
v -2.650118 2.089360 5.681984
v -2.650118 2.082952 5.703107
v -2.650118 2.072547 5.722573
v -2.650118 2.058544 5.739636
v -2.650118 2.041481 5.753639
v -2.650118 2.022014 5.764045
v -2.650118 2.000891 5.770452
v -2.650118 1.978925 5.772615
v -2.650118 1.956958 5.770452
v -2.650118 1.935835 5.764045
v -2.650118 1.916368 5.753639
v -2.650118 1.899305 5.739636
v -2.650118 1.885302 5.722573
v -2.650118 1.874897 5.703107
v -2.650118 1.868490 5.681984
v -2.650118 1.866326 5.660017
v -2.650118 1.868490 5.638050
v -2.650118 1.874897 5.616927
v -2.650118 1.885302 5.597460
v -2.650118 1.899305 5.580398
v -2.650118 1.916368 5.566394
v -2.650118 1.935835 5.555989
v -2.650118 1.956958 5.549582
vn 0.6857 -0.0000 -0.7279
vn -0.0000 -0.0000 -1.0000
vn 0.6857 0.1420 -0.7139
vn -0.0000 0.1951 -0.9808
vn 0.6857 0.2785 -0.6725
vn -0.0000 0.3827 -0.9239
vn 0.6857 0.4044 -0.6052
vn -0.0000 0.5556 -0.8315
vn 0.6857 0.5147 -0.5147
vn -0.0000 0.7071 -0.7071
vn 0.6857 0.6052 -0.4044
vn -0.0000 0.8315 -0.5556
vn 0.6857 0.6725 -0.2785
vn -0.0000 0.9239 -0.3827
vn 0.6857 0.7139 -0.1420
vn -0.0000 0.9808 -0.1951
vn 0.6857 0.7279 -0.0000
vn -0.0000 1.0000 -0.0000
vn 0.6857 0.7139 0.1420
vn -0.0000 0.9808 0.1951
vn 0.6857 0.6725 0.2785
vn -0.0000 0.9239 0.3827
vn 0.6857 0.6052 0.4044
vn -0.0000 0.8315 0.5556
vn 0.6857 0.5147 0.5147
vn -0.0000 0.7071 0.7071
vn 0.6857 0.4044 0.6052
vn -0.0000 0.5556 0.8315
vn 0.6857 0.2785 0.6725
vn -0.0000 0.3827 0.9239
vn 0.6857 0.1420 0.7139
vn -0.0000 0.1951 0.9808
vn 0.6857 -0.0000 0.7279
vn -0.0000 -0.0000 1.0000
vn 0.6857 -0.1420 0.7139
vn -0.0000 -0.1951 0.9808
vn 0.6857 -0.2785 0.6725
vn -0.0000 -0.3827 0.9239
vn 0.6857 -0.4044 0.6052
vn -0.0000 -0.5556 0.8315
vn 0.6857 -0.5147 0.5147
vn -0.0000 -0.7071 0.7071
vn 0.6857 -0.6052 0.4044
vn -0.0000 -0.8315 0.5556
vn 0.6857 -0.6725 0.2785
vn -0.0000 -0.9239 0.3827
vn 0.6857 -0.7139 0.1420
vn -0.0000 -0.9808 0.1951
vn 0.6857 -0.7279 -0.0000
vn -0.0000 -1.0000 -0.0000
vn 0.6857 -0.7139 -0.1420
vn -0.0000 -0.9808 -0.1951
vn 0.6857 -0.6725 -0.2785
vn -0.0000 -0.9239 -0.3827
vn 0.6857 -0.6052 -0.4044
vn -0.0000 -0.8315 -0.5556
vn 0.6857 -0.5147 -0.5147
vn -0.0000 -0.7071 -0.7071
vn 0.6857 -0.4044 -0.6052
vn -0.0000 -0.5556 -0.8315
vn 0.6857 -0.2785 -0.6725
vn -0.0000 -0.3827 -0.9239
vn 0.6857 -0.1420 -0.7139
vn -0.0000 -0.1951 -0.9808
vn -0.0480 0.1943 -0.9798
vn -0.0489 -0.0000 -0.9988
vn -0.0453 0.3812 -0.9234
vn -0.0408 0.5537 -0.8317
vn -0.0348 0.7052 -0.7082
vn -0.0275 0.8298 -0.5575
vn -0.0191 0.9226 -0.3852
vn -0.0099 0.9801 -0.1980
vn -0.0003 1.0000 -0.0031
vn 0.0093 0.9813 0.1921
vn 0.0186 0.9248 0.3800
vn 0.0272 0.8326 0.5532
vn 0.0347 0.7082 0.7051
vn 0.0409 0.5565 0.8298
vn 0.0454 0.3834 0.9225
vn -0.0298 0.1652 0.9858
vn -0.2017 0.0001 0.9794
vn -0.0488 -0.3170 0.9472
vn 0.0454 -0.3834 0.9225
vn 0.0409 -0.5565 0.8298
vn 0.0347 -0.7082 0.7051
vn 0.0272 -0.8326 0.5532
vn 0.0186 -0.9248 0.3800
vn 0.0093 -0.9813 0.1921
vn -0.0003 -1.0000 -0.0031
vn -0.0099 -0.9801 -0.1980
vn -0.0191 -0.9226 -0.3852
vn -0.0275 -0.8298 -0.5575
vn -0.0348 -0.7052 -0.7082
vn -0.0408 -0.5537 -0.8317
vn -0.0453 -0.3812 -0.9234
vn -0.0480 -0.1943 -0.9798
vn -0.1914 0.1939 -0.9622
vn -0.1951 -0.0000 -0.9808
vn -0.1804 0.3805 -0.9070
vn -0.1626 0.5528 -0.8173
vn -0.1385 0.7041 -0.6965
vn -0.1092 0.8286 -0.5490
vn -0.0757 0.9217 -0.3804
vn -0.0392 0.9796 -0.1971
vn -0.0012 1.0000 -0.0060
vn 0.0369 0.9819 0.1856
vn 0.0736 0.9260 0.3702
vn 0.1076 0.8343 0.5407
vn 0.1373 0.7102 0.6905
vn 0.1618 0.5584 0.8136
vn 0.1800 0.3849 0.9052
vn -0.2711 0.2004 0.9415
vn -1.0000 -0.0014 -0.0015
vn -0.5880 -0.4465 0.6744
vn 0.1801 -0.3849 0.9052
vn 0.1618 -0.5584 0.8136
vn 0.1373 -0.7102 0.6905
vn 0.1076 -0.8343 0.5407
vn 0.0736 -0.9260 0.3702
vn 0.0369 -0.9819 0.1856
vn -0.0012 -1.0000 -0.0060
vn -0.0392 -0.9796 -0.1971
vn -0.0757 -0.9217 -0.3804
vn -0.1092 -0.8286 -0.5490
vn -0.1385 -0.7041 -0.6965
vn -0.1626 -0.5528 -0.8173
vn -0.1804 -0.3805 -0.9070
vn -0.1914 -0.1939 -0.9622
vn -0.3754 0.1939 -0.9063
vn -0.3827 -0.0000 -0.9239
vn -0.3539 0.3805 -0.8544
vn -0.3189 0.5528 -0.7699
vn -0.2718 0.7041 -0.6561
vn -0.2142 0.8286 -0.5172
vn -0.1484 0.9217 -0.3584
vn -0.0769 0.9796 -0.1857
vn -0.0023 1.0000 -0.0057
vn 0.0724 0.9819 0.1748
vn 0.1444 0.9260 0.3487
vn 0.2110 0.8343 0.5093
vn 0.2694 0.7102 0.6504
vn 0.3175 0.5584 0.7664
vn 0.3532 0.3849 0.8527
vn -0.0660 0.2242 0.9723
vn -1.0000 -0.0019 0.0006
vn -0.1653 -0.6186 0.7681
vn 0.3532 -0.3849 0.8527
vn 0.3175 -0.5584 0.7664
vn 0.2694 -0.7102 0.6504
vn 0.2110 -0.8343 0.5093
vn 0.1444 -0.9260 0.3487
vn 0.0724 -0.9819 0.1748
vn -0.0023 -1.0000 -0.0057
vn -0.0769 -0.9796 -0.1857
vn -0.1484 -0.9217 -0.3584
vn -0.2142 -0.8286 -0.5172
vn -0.2718 -0.7041 -0.6561
vn -0.3189 -0.5528 -0.7699
vn -0.3539 -0.3805 -0.8544
vn -0.3754 -0.1939 -0.9063
vn -0.5450 0.1939 -0.8157
vn -0.5556 -0.0000 -0.8315
vn -0.5138 0.3805 -0.7689
vn -0.4630 0.5528 -0.6929
vn -0.3945 0.7041 -0.5905
vn -0.3110 0.8286 -0.4654
vn -0.2155 0.9217 -0.3225
vn -0.1117 0.9796 -0.1671
vn -0.0034 1.0000 -0.0051
vn 0.1051 0.9819 0.1573
vn 0.2097 0.9260 0.3138
vn 0.3063 0.8343 0.4584
vn 0.3911 0.7102 0.5854
vn 0.4609 0.5584 0.6898
vn 0.5128 0.3849 0.7674
vn 0.3130 0.1514 0.9376
vn 0.9996 -0.0279 0.0079
vn 0.8712 -0.4160 -0.2606
vn 0.5128 -0.3849 0.7674
vn 0.4609 -0.5584 0.6898
vn 0.3911 -0.7102 0.5854
vn 0.3063 -0.8343 0.4584
vn 0.2097 -0.9260 0.3138
vn 0.1051 -0.9819 0.1573
vn -0.0034 -1.0000 -0.0051
vn -0.1117 -0.9796 -0.1671
vn -0.2155 -0.9217 -0.3225
vn -0.3110 -0.8286 -0.4654
vn -0.3945 -0.7041 -0.5905
vn -0.4630 -0.5528 -0.6929
vn -0.5138 -0.3805 -0.7689
vn -0.5450 -0.1939 -0.8157
vn -0.6937 0.1939 -0.6937
vn -0.7071 -0.0000 -0.7071
vn -0.6539 0.3805 -0.6539
vn -0.5893 0.5528 -0.5893
vn -0.5021 0.7041 -0.5021
vn -0.3958 0.8286 -0.3958
vn -0.2743 0.9217 -0.2743
vn -0.1421 0.9796 -0.1421
vn -0.0043 1.0000 -0.0043
vn 0.1338 0.9819 0.1338
vn 0.2669 0.9260 0.2669
vn 0.3898 0.8343 0.3898
vn 0.4978 0.7102 0.4978
vn 0.5866 0.5584 0.5866
vn 0.6526 0.3849 0.6526
vn 0.6930 0.2333 0.6822
vn 1.0000 0.0097 0.0005
vn 0.9405 -0.3060 0.1479
vn 0.6526 -0.3849 0.6526
vn 0.5866 -0.5584 0.5866
vn 0.4978 -0.7102 0.4978
vn 0.3898 -0.8343 0.3898
vn 0.2669 -0.9260 0.2669
vn 0.1338 -0.9819 0.1338
vn -0.0043 -1.0000 -0.0043
vn -0.1421 -0.9796 -0.1421
vn -0.2743 -0.9217 -0.2743
vn -0.3958 -0.8286 -0.3958
vn -0.5021 -0.7041 -0.5021
vn -0.5893 -0.5528 -0.5893
vn -0.6539 -0.3805 -0.6539
vn -0.6937 -0.1939 -0.6937
vn -0.8157 0.1939 -0.5450
vn -0.8315 -0.0000 -0.5556
vn -0.7689 0.3805 -0.5138
vn -0.6929 0.5528 -0.4630
vn -0.5905 0.7041 -0.3945
vn -0.4654 0.8286 -0.3110
vn -0.3225 0.9217 -0.2155
vn -0.1671 0.9796 -0.1117
vn -0.0051 1.0000 -0.0034
vn 0.1573 0.9819 0.1051
vn 0.3138 0.9260 0.2097
vn 0.4584 0.8343 0.3063
vn 0.5854 0.7102 0.3911
vn 0.6898 0.5584 0.4609
vn 0.7674 0.3849 0.5128
vn 0.7824 0.2339 0.5772
vn 0.9999 0.0119 0.0009
vn 0.9605 -0.2760 0.0365
vn 0.7674 -0.3849 0.5128
vn 0.6898 -0.5584 0.4609
vn 0.5854 -0.7102 0.3911
vn 0.4584 -0.8343 0.3063
vn 0.3138 -0.9260 0.2097
vn 0.1573 -0.9819 0.1051
vn -0.0051 -1.0000 -0.0034
vn -0.1671 -0.9796 -0.1117
vn -0.3225 -0.9217 -0.2155
vn -0.4654 -0.8286 -0.3110
vn -0.5905 -0.7041 -0.3945
vn -0.6929 -0.5528 -0.4630
vn -0.7689 -0.3805 -0.5138
vn -0.8157 -0.1939 -0.5450
vn -0.9063 0.1939 -0.3754
vn -0.9239 -0.0000 -0.3827
vn -0.8544 0.3805 -0.3539
vn -0.7699 0.5528 -0.3189
vn -0.6561 0.7041 -0.2718
vn -0.5172 0.8286 -0.2142
vn -0.3584 0.9217 -0.1484
vn -0.1857 0.9796 -0.0769
vn -0.0057 1.0000 -0.0023
vn 0.1748 0.9819 0.0724
vn 0.3487 0.9260 0.1444
vn 0.5093 0.8343 0.2110
vn 0.6504 0.7102 0.2694
vn 0.7664 0.5584 0.3175
vn 0.8527 0.3849 0.3532
vn 0.5628 0.1801 0.8067
vn 0.0515 -0.0000 0.9987
vn 0.8826 -0.2962 0.3650
vn 0.8527 -0.3849 0.3532
vn 0.7664 -0.5584 0.3175
vn 0.6504 -0.7102 0.2694
vn 0.5093 -0.8343 0.2110
vn 0.3487 -0.9260 0.1444
vn 0.1748 -0.9819 0.0724
vn -0.0057 -1.0000 -0.0023
vn -0.1857 -0.9796 -0.0769
vn -0.3584 -0.9217 -0.1484
vn -0.5172 -0.8286 -0.2142
vn -0.6561 -0.7041 -0.2718
vn -0.7699 -0.5528 -0.3189
vn -0.8544 -0.3805 -0.3539
vn -0.9063 -0.1939 -0.3754
vn -0.9622 0.1939 -0.1914
vn -0.9808 -0.0000 -0.1951
vn -0.9070 0.3805 -0.1804
vn -0.8173 0.5528 -0.1626
vn -0.6965 0.7041 -0.1385
vn -0.5490 0.8286 -0.1092
vn -0.3804 0.9217 -0.0757
vn -0.1971 0.9796 -0.0392
vn -0.0060 1.0000 -0.0012
vn 0.1856 0.9819 0.0369
vn 0.3702 0.9260 0.0736
vn 0.5407 0.8343 0.1076
vn 0.6905 0.7102 0.1374
vn 0.8136 0.5584 0.1618
vn 0.9052 0.3849 0.1801
vn 0.8793 0.2030 0.4308
vn 0.6883 0.0292 0.7249
vn 0.9390 -0.2877 0.1883
vn 0.9052 -0.3849 0.1801
vn 0.8136 -0.5584 0.1618
vn 0.6905 -0.7102 0.1373
vn 0.5407 -0.8343 0.1076
vn 0.3702 -0.9260 0.0736
vn 0.1856 -0.9819 0.0369
vn -0.0060 -1.0000 -0.0012
vn -0.1971 -0.9796 -0.0392
vn -0.3804 -0.9217 -0.0757
vn -0.5490 -0.8286 -0.1092
vn -0.6965 -0.7041 -0.1385
vn -0.8173 -0.5528 -0.1626
vn -0.9070 -0.3805 -0.1804
vn -0.9622 -0.1939 -0.1914
vn -0.9798 0.1943 -0.0480
vn -0.9988 -0.0000 -0.0489
vn -0.9234 0.3812 -0.0453
vn -0.8317 0.5537 -0.0408
vn -0.7082 0.7052 -0.0348
vn -0.5575 0.8298 -0.0275
vn -0.3852 0.9226 -0.0191
vn -0.1980 0.9801 -0.0099
vn -0.0031 1.0000 -0.0003
vn 0.1921 0.9813 0.0093
vn 0.3800 0.9248 0.0186
vn 0.5532 0.8326 0.0272
vn 0.7051 0.7082 0.0347
vn 0.8298 0.5565 0.0409
vn 0.9225 0.3834 0.0454
vn 0.9824 0.1852 0.0240
vn 0.9593 0.0120 -0.2822
vn 0.9447 -0.2065 -0.2549
vn 0.9225 -0.3834 0.0454
vn 0.8298 -0.5565 0.0408
vn 0.7051 -0.7082 0.0347
vn 0.5532 -0.8326 0.0272
vn 0.3800 -0.9248 0.0186
vn 0.1921 -0.9813 0.0093
vn -0.0031 -1.0000 -0.0003
vn -0.1980 -0.9801 -0.0099
vn -0.3852 -0.9226 -0.0191
vn -0.5575 -0.8298 -0.0275
vn -0.7082 -0.7052 -0.0348
vn -0.8317 -0.5537 -0.0408
vn -0.9234 -0.3812 -0.0453
vn -0.9798 -0.1943 -0.0480
vn -0.7139 0.1420 0.6857
vn -0.7279 -0.0000 0.6857
vn -0.6725 0.2785 0.6857
vn -0.6052 0.4044 0.6857
vn -0.5147 0.5147 0.6857
vn -0.4044 0.6052 0.6857
vn -0.2785 0.6725 0.6857
vn -0.1420 0.7139 0.6857
vn -0.0000 0.7279 0.6857
vn 0.1420 0.7139 0.6857
vn 0.2785 0.6725 0.6857
vn 0.4044 0.6052 0.6857
vn 0.5147 0.5147 0.6857
vn 0.6052 0.4044 0.6857
vn 0.6725 0.2785 0.6857
vn 0.7139 0.1420 0.6857
vn 0.7279 -0.0000 0.6857
vn 0.7139 -0.1420 0.6857
vn 0.6725 -0.2785 0.6857
vn 0.6052 -0.4044 0.6857
vn 0.5147 -0.5147 0.6857
vn 0.4044 -0.6052 0.6857
vn 0.2785 -0.6725 0.6857
vn 0.1420 -0.7139 0.6857
vn -0.0000 -0.7279 0.6857
vn -0.1420 -0.7139 0.6857
vn -0.2785 -0.6725 0.6857
vn -0.4044 -0.6052 0.6857
vn -0.5147 -0.5147 0.6857
vn -0.6052 -0.4044 0.6857
vn -0.6725 -0.2785 0.6857
vn -0.7139 -0.1420 0.6857
vn -0.5556 0.8315 -0.0000
vn -0.3827 0.9239 -0.0000
vn 0.8315 -0.5556 -0.0000
vn 0.7071 -0.7071 -0.0000
vn -0.1951 0.9808 -0.0000
vn 0.5556 -0.8315 -0.0000
vn 0.3827 -0.9239 -0.0000
vn 0.1951 0.9808 -0.0000
vn 0.1951 -0.9808 -0.0000
vn 0.3827 0.9239 -0.0000
vn 0.5556 0.8315 -0.0000
vn -0.1951 -0.9808 -0.0000
vn 0.7071 0.7071 -0.0000
vn -0.3827 -0.9239 -0.0000
vn 0.8315 0.5556 -0.0000
vn -0.5556 -0.8315 -0.0000
vn 0.9239 0.3827 -0.0000
vn -1.0000 -0.0000 -0.0000
vn -0.9808 0.1951 -0.0000
vn -0.7071 -0.7071 -0.0000
vn 0.9808 0.1951 -0.0000
vn -0.9239 0.3827 -0.0000
vn -0.8315 -0.5556 -0.0000
vn 1.0000 -0.0000 -0.0000
vn -0.8315 0.5556 -0.0000
vn -0.9239 -0.3827 -0.0000
vn 0.9808 -0.1951 -0.0000
vn -0.7071 0.7071 -0.0000
vn -0.9808 -0.1951 -0.0000
vn 0.9239 -0.3827 -0.0000
vn -0.0000 -0.6857 -0.7279
vn -0.0000 0.6857 -0.7279
vn 0.1420 -0.6857 -0.7139
vn 0.1420 0.6857 -0.7139
vn 0.2785 -0.6857 -0.6725
vn 0.2785 0.6857 -0.6725
vn 0.4044 -0.6857 -0.6052
vn 0.4044 0.6857 -0.6052
vn 0.5147 -0.6857 -0.5147
vn 0.5147 0.6857 -0.5147
vn 0.6052 -0.6857 -0.4044
vn 0.6052 0.6857 -0.4044
vn 0.6725 -0.6857 -0.2785
vn 0.6725 0.6857 -0.2785
vn 0.7139 -0.6857 -0.1420
vn 0.7139 0.6857 -0.1420
vn 0.7279 -0.6857 -0.0000
vn 0.7279 0.6857 -0.0000
vn 0.7139 -0.6857 0.1420
vn 0.7139 0.6857 0.1420
vn 0.6725 -0.6857 0.2785
vn 0.6725 0.6857 0.2785
vn 0.6052 -0.6857 0.4044
vn 0.6052 0.6857 0.4044
vn 0.5147 -0.6857 0.5147
vn 0.5147 0.6857 0.5147
vn 0.4044 -0.6857 0.6052
vn 0.4044 0.6857 0.6052
vn 0.2785 -0.6857 0.6725
vn 0.2785 0.6857 0.6725
vn 0.1420 -0.6857 0.7139
vn 0.1420 0.6857 0.7139
vn -0.0000 -0.6857 0.7279
vn -0.0000 0.6857 0.7279
vn -0.1420 -0.6857 0.7139
vn -0.1420 0.6857 0.7139
vn -0.2785 -0.6857 0.6725
vn -0.2785 0.6857 0.6725
vn -0.4044 -0.6857 0.6052
vn -0.4044 0.6857 0.6052
vn -0.5147 -0.6857 0.5147
vn -0.5147 0.6857 0.5147
vn -0.6052 -0.6857 0.4044
vn -0.6052 0.6857 0.4044
vn -0.6725 -0.6857 0.2785
vn -0.6725 0.6857 0.2785
vn -0.7139 -0.6857 0.1420
vn -0.7139 0.6857 0.1420
vn -0.7279 -0.6857 -0.0000
vn -0.7279 0.6857 -0.0000
vn -0.7139 -0.6857 -0.1420
vn -0.7139 0.6857 -0.1420
vn -0.6725 -0.6857 -0.2785
vn -0.6725 0.6857 -0.2785
vn -0.6052 -0.6857 -0.4044
vn -0.6052 0.6857 -0.4044
vn -0.5147 -0.6857 -0.5147
vn -0.5147 0.6857 -0.5147
vn -0.4044 -0.6857 -0.6052
vn -0.4044 0.6857 -0.6052
vn -0.2785 -0.6857 -0.6725
vn -0.2785 0.6857 -0.6725
vn -0.1420 -0.6857 -0.7139
vn -0.1420 0.6857 -0.7139
vn -0.7298 -0.0000 0.6836
vn -0.7298 -0.1334 0.6705
vn -0.7298 -0.2616 0.6316
vn -0.7298 -0.3798 0.5684
vn -0.7298 -0.4834 0.4834
vn -0.7298 -0.5684 0.3798
vn -0.7298 -0.6316 0.2616
vn -0.7298 -0.6705 0.1334
vn -0.7298 -0.6836 -0.0000
vn -0.7298 -0.6705 -0.1334
vn -0.7298 -0.6316 -0.2616
vn -0.7298 -0.5684 -0.3798
vn -0.7298 -0.4834 -0.4834
vn -0.7298 -0.3798 -0.5684
vn -0.7298 -0.2616 -0.6316
vn -0.7298 -0.1334 -0.6705
vn -0.7298 -0.0000 -0.6836
vn -0.7298 0.1334 -0.6705
vn -0.7298 0.2616 -0.6316
vn -0.7298 0.3798 -0.5684
vn -0.7298 0.4834 -0.4834
vn -0.7298 0.5684 -0.3798
vn -0.7298 0.6316 -0.2616
vn -0.7298 0.6705 -0.1334
vn -0.7298 0.6836 -0.0000
vn -0.7298 0.6705 0.1334
vn -0.7298 0.6316 0.2616
vn -0.7298 0.5684 0.3798
vn -0.7298 0.4834 0.4834
vn -0.7298 0.3798 0.5684
vn -0.7298 0.2616 0.6316
vn -0.7298 0.1334 0.6705
vn -0.6857 0.1420 -0.7139
vn -0.6857 -0.0000 -0.7279
vn -0.6857 0.2785 -0.6725
vn -0.6857 0.4044 -0.6052
vn -0.6857 0.5147 -0.5147
vn -0.6857 0.6052 -0.4044
vn -0.6857 0.6725 -0.2785
vn -0.6857 0.7139 -0.1420
vn -0.6857 0.7279 -0.0000
vn -0.6857 0.7139 0.1420
vn -0.6857 0.6725 0.2785
vn -0.6857 0.6052 0.4044
vn -0.6857 0.5147 0.5147
vn -0.6857 0.4044 0.6052
vn -0.6857 0.2785 0.6725
vn -0.6857 0.1420 0.7139
vn -0.6857 -0.0000 0.7279
vn -0.6857 -0.1420 0.7139
vn -0.6857 -0.2785 0.6725
vn -0.6857 -0.4044 0.6052
vn -0.6857 -0.5147 0.5147
vn -0.6857 -0.6052 0.4044
vn -0.6857 -0.6725 0.2785
vn -0.6857 -0.7139 0.1420
vn -0.6857 -0.7279 -0.0000
vn -0.6857 -0.7139 -0.1420
vn -0.6857 -0.6725 -0.2785
vn -0.6857 -0.6052 -0.4044
vn -0.6857 -0.5147 -0.5147
vn -0.6857 -0.4044 -0.6052
vn -0.6857 -0.2785 -0.6725
vn -0.6857 -0.1420 -0.7139
vn 0.6857 0.2786 0.6725
vn 0.6857 -0.2786 0.6725
vn -0.6857 0.2786 -0.6725
vn -0.6857 -0.6725 0.2786
vn -0.6857 -0.2786 -0.6725
vn -0.6857 0.2786 0.6725
vn -0.6857 0.6725 -0.2786
vt 0.639495 0.504708
vt 0.639495 0.558729
vt 0.634225 0.558723
vt 0.634225 0.504702
vt 0.629158 0.558706
vt 0.629158 0.504685
vt 0.624488 0.558677
vt 0.624488 0.504656
vt 0.620395 0.558639
vt 0.620395 0.504618
vt 0.211928 0.558097
vt 0.157903 0.558097
vt 0.157903 0.554003
vt 0.211928 0.554003
vt 0.157903 0.549333
vt 0.211928 0.549333
vt 0.157903 0.544266
vt 0.211928 0.544266
vt 0.157903 0.538996
vt 0.211928 0.538996
vt 0.157903 0.533726
vt 0.211928 0.533726
vt 0.157903 0.528659
vt 0.211928 0.528659
vt 0.157903 0.523989
vt 0.211928 0.523989
vt 0.157903 0.519896
vt 0.211928 0.519896
vt 0.523351 0.524900
vt 0.523351 0.578914
vt 0.519258 0.578979
vt 0.519258 0.524965
vt 0.514588 0.579027
vt 0.514588 0.525013
vt 0.509521 0.579057
vt 0.509521 0.525042
vt 0.504251 0.579067
vt 0.504251 0.525052
vt 0.498981 0.579057
vt 0.498981 0.525042
vt 0.493914 0.579027
vt 0.493914 0.525013
vt 0.489244 0.578979
vt 0.489244 0.524965
vt 0.485150 0.578914
vt 0.485150 0.524900
vt 0.221165 0.519896
vt 0.275190 0.519896
vt 0.275190 0.523989
vt 0.221165 0.523989
vt 0.275190 0.528659
vt 0.221165 0.528659
vt 0.275190 0.533726
vt 0.221165 0.533726
vt 0.275190 0.538996
vt 0.221165 0.538996
vt 0.275190 0.544266
vt 0.221165 0.544266
vt 0.275190 0.549333
vt 0.221165 0.549333
vt 0.275190 0.554003
vt 0.221165 0.554003
vt 0.275190 0.558097
vt 0.221165 0.558097
vt 0.658596 0.504618
vt 0.658596 0.558639
vt 0.654502 0.558677
vt 0.654502 0.504656
vt 0.649832 0.558706
vt 0.649832 0.504685
vt 0.050472 0.558097
vt 0.050472 0.554003
vt 0.644765 0.558723
vt 0.644765 0.504702
vt 0.067611 0.591578
vt 0.068642 0.586384
vt 0.070665 0.581492
vt 0.073602 0.577088
vt 0.077339 0.573342
vt 0.081735 0.570399
vt 0.086618 0.568371
vt 0.091803 0.567336
vt 0.097089 0.567334
vt 0.102273 0.568366
vt 0.107157 0.570390
vt 0.111552 0.573331
vt 0.115289 0.577074
vt 0.118226 0.581476
vt 0.120249 0.586367
vt 0.121280 0.591560
vt 0.121280 0.596855
vt 0.120249 0.602049
vt 0.118226 0.606942
vt 0.115289 0.611346
vt 0.111552 0.615092
vt 0.107157 0.618035
vt 0.102273 0.620063
vt 0.097089 0.621098
vt 0.091803 0.621099
vt 0.086618 0.620068
vt 0.081735 0.618043
vt 0.077339 0.615103
vt 0.073602 0.611360
vt 0.070665 0.606958
vt 0.068642 0.602067
vt 0.067611 0.596874
vt 0.493914 0.686439
vt 0.498981 0.686468
vt 0.498981 0.686519
vt 0.493914 0.686790
vt 0.519258 0.686390
vt 0.514588 0.686439
vt 0.382621 0.528659
vt 0.382621 0.533726
vt 0.639495 0.666153
vt 0.634225 0.666147
vt 0.644765 0.666147
vt 0.050472 0.533726
vt 0.050472 0.528659
vt 0.489244 0.686390
vt 0.382621 0.554003
vt 0.382621 0.558097
vt 0.050472 0.549333
vt 0.509521 0.686468
vt 0.382621 0.538996
vt 0.629158 0.666130
vt 0.050472 0.523989
vt 0.485150 0.686326
vt 0.658596 0.666063
vt 0.654502 0.666101
vt 0.050472 0.544266
vt 0.504251 0.686478
vt 0.382621 0.544266
vt 0.624488 0.666101
vt 0.050472 0.519896
vt 0.382621 0.519896
vt 0.382621 0.523989
vt 0.649832 0.666130
vt 0.050472 0.538996
vt 0.382621 0.549333
vt 0.620395 0.666063
vt 0.523351 0.686326
vt 0.384912 0.523763
vt 0.384114 0.519749
vt 0.385549 0.519313
vt 0.387116 0.523095
vt 0.041527 0.557216
vt 0.042325 0.553201
vt 0.644765 0.676523
vt 0.639495 0.676630
vt 0.489244 0.687229
vt 0.043236 0.548621
vt 0.485150 0.687821
vt 0.044225 0.543651
vt 0.045253 0.538482
vt 0.385823 0.528344
vt 0.046281 0.533314
vt 0.386812 0.533314
vt 0.047269 0.528344
vt 0.387840 0.538482
vt 0.048181 0.523763
vt 0.388868 0.543651
vt 0.048979 0.519749
vt 0.389857 0.548621
vt 0.523351 0.687821
vt 0.519258 0.687229
vt 0.390768 0.553201
vt 0.514588 0.686790
vt 0.634225 0.676523
vt 0.391566 0.557216
vt 0.509521 0.686519
vt 0.629158 0.676206
vt 0.658596 0.674998
vt 0.654502 0.675691
vt 0.118052 0.736594
vt 0.118046 0.731325
vt 0.117995 0.731325
vt 0.118102 0.736594
vt 0.624488 0.675691
vt 0.649832 0.676206
vt 0.118046 0.741864
vt 0.117995 0.741864
vt 0.620395 0.674998
vt 0.392859 0.536960
vt 0.390842 0.532091
vt 0.394556 0.530106
vt 0.397484 0.534488
vt 0.038218 0.541829
vt 0.040234 0.536960
vt 0.388903 0.527410
vt 0.042251 0.532091
vt 0.044190 0.527410
vt 0.045977 0.523095
vt 0.394875 0.541828
vt 0.047544 0.519313
vt 0.396814 0.546510
vt 0.523351 0.689265
vt 0.519258 0.688039
vt 0.398602 0.550825
vt 0.514588 0.687129
vt 0.639495 0.686680
vt 0.634225 0.686476
vt 0.400168 0.554606
vt 0.509521 0.686568
vt 0.629158 0.685872
vt 0.658596 0.683570
vt 0.654502 0.684891
vt 0.714223 0.537210
vt 0.714238 0.531916
vt 0.714223 0.531917
vt 0.714238 0.537208
vt 0.624488 0.684891
vt 0.649832 0.685872
vt 0.504251 0.686427
vt 0.504251 0.686378
vt 0.498981 0.686568
vt 0.620395 0.683570
vt 0.644765 0.686476
vt 0.493914 0.687129
vt 0.032925 0.554606
vt 0.034491 0.550825
vt 0.489244 0.688039
vt 0.036278 0.546510
vt 0.485150 0.689265
vt 0.405821 0.546966
vt 0.403227 0.543083
vt 0.408847 0.538470
vt 0.412149 0.541772
vt 0.041352 0.525893
vt 0.043947 0.522010
vt 0.400412 0.538869
vt 0.046221 0.518606
vt 0.523351 0.690601
vt 0.519258 0.688789
vt 0.514588 0.687442
vt 0.639495 0.695918
vt 0.634225 0.695625
vt 0.408095 0.550369
vt 0.509521 0.686613
vt 0.629158 0.694757
vt 0.658596 0.691449
vt 0.654502 0.693347
vt 0.045861 0.736594
vt 0.045394 0.731324
vt 0.045421 0.731324
vt 0.045835 0.736594
vt 0.624488 0.693347
vt 0.649832 0.694757
vt 0.045394 0.741863
vt 0.045421 0.741863
vt 0.620395 0.691449
vt 0.644765 0.695625
vt 0.498981 0.686613
vt 0.493914 0.687442
vt 0.024997 0.550369
vt 0.027271 0.546966
vt 0.489244 0.688789
vt 0.029866 0.543083
vt 0.485150 0.690601
vt 0.032681 0.538869
vt 0.386872 0.518606
vt 0.389146 0.522010
vt 0.035609 0.534488
vt 0.391741 0.525893
vt 0.038537 0.530106
vt 0.471819 0.547232
vt 0.467149 0.548976
vt 0.467149 0.541062
vt 0.471819 0.539701
vt 0.519258 0.689450
vt 0.514588 0.687719
vt 0.639495 0.703989
vt 0.634225 0.703618
vt 0.415044 0.544667
vt 0.509521 0.686653
vt 0.629158 0.702519
vt 0.409962 0.553162
vt 0.417419 0.547042
vt 0.108719 0.736594
vt 0.108425 0.731325
vt 0.108386 0.731325
vt 0.108758 0.736594
vt 0.624488 0.700734
vt 0.654503 0.700734
vt 0.649832 0.702519
vt 0.108425 0.741864
vt 0.108386 0.741864
vt 0.023131 0.553162
vt 0.015674 0.547042
vt 0.018049 0.544667
vt 0.644765 0.703618
vt 0.498981 0.686653
vt 0.493914 0.687719
vt 0.020943 0.541772
vt 0.489244 0.689450
vt 0.024246 0.538470
vt 0.385006 0.515813
vt 0.385656 0.515279
vt 0.388032 0.517654
vt 0.027829 0.534887
vt 0.390926 0.520549
vt 0.031555 0.531161
vt 0.394228 0.523851
vt 0.035281 0.527434
vt 0.397811 0.527434
vt 0.038864 0.523851
vt 0.401538 0.531161
vt 0.042167 0.520549
vt 0.405264 0.534887
vt 0.045061 0.517654
vt 0.048087 0.515813
vt 0.047436 0.515279
vt 0.019633 0.532850
vt 0.015750 0.535444
vt 0.011891 0.528224
vt 0.016206 0.526437
vt 0.446475 0.548976
vt 0.441805 0.547232
vt 0.441805 0.539701
vt 0.446475 0.541062
vt 0.055492 0.741863
vt 0.055132 0.736594
vt 0.055099 0.736594
vt 0.055525 0.741863
vt 0.009553 0.539585
vt 0.012346 0.537718
vt 0.451542 0.550049
vt 0.451542 0.541901
vt 0.493913 0.007291
vt 0.498980 0.008311
vt 0.498980 0.008353
vt 0.493913 0.007576
vt 0.456812 0.550412
vt 0.456812 0.542184
vt 0.489243 0.005634
vt 0.489243 0.006316
vt 0.386190 0.514629
vt 0.388983 0.516495
vt 0.023846 0.530034
vt 0.392387 0.518769
vt 0.028228 0.527107
vt 0.396270 0.521364
vt 0.032610 0.524179
vt 0.400483 0.524179
vt 0.036823 0.521364
vt 0.404865 0.527107
vt 0.040706 0.518769
vt 0.409247 0.530034
vt 0.044109 0.516495
vt 0.413460 0.532850
vt 0.046903 0.514629
vt 0.417343 0.535444
vt 0.514587 0.007291
vt 0.519257 0.005634
vt 0.519257 0.006315
vt 0.514587 0.007576
vt 0.462082 0.550049
vt 0.462082 0.541901
vt 0.420746 0.537718
vt 0.509519 0.008311
vt 0.509519 0.008352
vt 0.423539 0.539585
vt 0.055492 0.731324
vt 0.055525 0.731324
vt 0.030624 0.520465
vt 0.025756 0.522481
vt 0.024233 0.517463
vt 0.029402 0.516435
vt 0.485150 0.004619
vt 0.489243 0.007080
vt 0.485150 0.005982
vt 0.020887 0.524498
vt 0.389691 0.515172
vt 0.393472 0.516738
vt 0.397787 0.518525
vt 0.402468 0.520465
vt 0.035306 0.518525
vt 0.407337 0.522481
vt 0.039621 0.516738
vt 0.412206 0.524498
vt 0.043402 0.515172
vt 0.416887 0.526437
vt 0.523351 0.004619
vt 0.523351 0.005982
vt 0.519257 0.007080
vt 0.421202 0.528224
vt 0.514587 0.007896
vt 0.456812 0.532829
vt 0.462082 0.532636
vt 0.424984 0.529791
vt 0.509519 0.008399
vt 0.467149 0.532065
vt 0.437712 0.537869
vt 0.437712 0.529890
vt 0.441805 0.531138
vt 0.161336 0.734154
vt 0.160901 0.728884
vt 0.160877 0.728884
vt 0.161359 0.734154
vt 0.471819 0.531138
vt 0.446475 0.532065
vt 0.160901 0.739423
vt 0.160877 0.739423
vt 0.475913 0.537869
vt 0.475913 0.529890
vt 0.451542 0.532636
vt 0.498980 0.008399
vt 0.493913 0.007896
vt 0.008109 0.529791
vt 0.042967 0.513736
vt 0.038952 0.514535
vt 0.038727 0.512244
vt 0.042820 0.512244
vt 0.398721 0.515446
vt 0.403691 0.516435
vt 0.034372 0.515446
vt 0.408859 0.517463
vt 0.414028 0.518491
vt 0.418998 0.519479
vt 0.523351 0.007440
vt 0.519257 0.007898
vt 0.423578 0.520391
vt 0.514587 0.008239
vt 0.456812 0.522707
vt 0.462082 0.522612
vt 0.427593 0.521189
vt 0.509519 0.008448
vt 0.467149 0.522330
vt 0.437712 0.521258
vt 0.441805 0.521873
vt 0.738894 0.682969
vt 0.739369 0.677699
vt 0.739385 0.677699
vt 0.738878 0.682969
vt 0.471819 0.521873
vt 0.446475 0.522330
vt 0.739369 0.688239
vt 0.739385 0.688239
vt 0.475913 0.521258
vt 0.451542 0.522612
vt 0.498980 0.008448
vt 0.493913 0.008239
vt 0.005500 0.521189
vt 0.009515 0.520391
vt 0.489243 0.007899
vt 0.014095 0.519479
vt 0.485150 0.007441
vt 0.019065 0.518491
vt 0.390126 0.513736
vt 0.394141 0.514535
vt 0.013382 0.089223
vt 0.008712 0.089223
vt 0.008712 0.004619
vt 0.013382 0.004619
vt 0.414643 0.512244
vt 0.419711 0.512244
vt 0.523351 0.008939
vt 0.519257 0.008739
vt 0.424381 0.512244
vt 0.514587 0.008591
vt 0.456812 0.512206
vt 0.462082 0.512212
vt 0.428474 0.512244
vt 0.509519 0.008499
vt 0.467149 0.512231
vt 0.437712 0.512302
vt 0.441805 0.512261
vt 0.656524 0.718497
vt 0.656014 0.713227
vt 0.656010 0.713227
vt 0.656529 0.718497
vt 0.471819 0.512261
vt 0.446475 0.512231
vt 0.656014 0.723767
vt 0.656010 0.723767
vt 0.475913 0.512302
vt 0.451542 0.512212
vt 0.498980 0.008499
vt 0.493913 0.008591
vt 0.004619 0.512244
vt 0.008712 0.512244
vt 0.489243 0.008740
vt 0.013382 0.512244
vt 0.485150 0.008940
vt 0.018449 0.512244
vt 0.390273 0.512244
vt 0.394366 0.512244
vt 0.023719 0.512244
vt 0.399036 0.512244
vt 0.028989 0.512244
vt 0.404104 0.512244
vt 0.034056 0.512244
vt 0.409373 0.512244
vt 0.058373 0.591568
vt 0.058373 0.596864
vt 0.057340 0.602057
vt 0.055314 0.606949
vt 0.052373 0.611352
vt 0.048629 0.615097
vt 0.044227 0.618039
vt 0.039336 0.620065
vt 0.034143 0.621099
vt 0.028849 0.621099
vt 0.023656 0.620066
vt 0.018765 0.618039
vt 0.014363 0.615098
vt 0.010619 0.611353
vt 0.007678 0.606951
vt 0.005652 0.602058
vt 0.004619 0.596865
vt 0.004619 0.591570
vt 0.005652 0.586376
vt 0.007678 0.581484
vt 0.010619 0.577081
vt 0.014363 0.573336
vt 0.018765 0.570394
vt 0.023657 0.568368
vt 0.028849 0.567335
vt 0.034143 0.567334
vt 0.039336 0.568367
vt 0.044227 0.570394
vt 0.048629 0.573335
vt 0.052373 0.577080
vt 0.055314 0.581482
vt 0.057340 0.586375
vt 0.485150 0.431209
vt 0.489243 0.431008
vt 0.489243 0.515462
vt 0.485150 0.515662
vt 0.018449 0.089223
vt 0.018449 0.004619
vt 0.394366 0.089223
vt 0.390273 0.089223
vt 0.390273 0.004619
vt 0.394366 0.004619
vt 0.023719 0.089223
vt 0.023719 0.004619
vt 0.399036 0.089223
vt 0.399036 0.004619
vt 0.028989 0.089223
vt 0.028989 0.004619
vt 0.404104 0.089223
vt 0.404104 0.004619
vt 0.034056 0.089223
vt 0.034056 0.004619
vt 0.409373 0.089223
vt 0.409373 0.004619
vt 0.038727 0.089223
vt 0.038727 0.004619
vt 0.414643 0.089223
vt 0.414643 0.004619
vt 0.042820 0.089223
vt 0.042820 0.004619
vt 0.419711 0.089223
vt 0.419711 0.004619
vt 0.519257 0.431008
vt 0.523351 0.431208
vt 0.523351 0.515662
vt 0.519257 0.515462
vt 0.424381 0.089223
vt 0.424381 0.004619
vt 0.514587 0.430859
vt 0.514587 0.515313
vt 0.462082 0.089223
vt 0.456812 0.089217
vt 0.456812 0.004619
vt 0.462082 0.004625
vt 0.428474 0.089223
vt 0.428474 0.004619
vt 0.509519 0.430768
vt 0.509519 0.515222
vt 0.467149 0.089242
vt 0.467149 0.004644
vt 0.441805 0.089272
vt 0.437712 0.089313
vt 0.437712 0.004715
vt 0.441805 0.004674
vt 0.504249 0.430737
vt 0.504249 0.515191
vt 0.471819 0.089272
vt 0.471819 0.004674
vt 0.446475 0.089242
vt 0.446475 0.004644
vt 0.498980 0.430768
vt 0.498980 0.515222
vt 0.475913 0.089313
vt 0.475913 0.004715
vt 0.451542 0.089223
vt 0.451542 0.004625
vt 0.493913 0.430860
vt 0.493913 0.515313
vt 0.004619 0.089223
vt 0.004619 0.004619
vt 0.493913 0.093045
vt 0.489243 0.093193
vt 0.493913 0.177498
vt 0.489243 0.177647
vt 0.493913 0.261952
vt 0.489243 0.262101
vt 0.493913 0.346406
vt 0.489243 0.346555
vt 0.451542 0.427615
vt 0.456812 0.427608
vt 0.451542 0.343017
vt 0.456812 0.343010
vt 0.451542 0.258419
vt 0.456812 0.258412
vt 0.451542 0.173821
vt 0.456812 0.173815
vt 0.004619 0.427639
vt 0.008712 0.427639
vt 0.004619 0.343035
vt 0.008712 0.343035
vt 0.004619 0.258431
vt 0.008712 0.258431
vt 0.004619 0.173827
vt 0.008712 0.173827
vt 0.498980 0.092953
vt 0.498980 0.177407
vt 0.498980 0.261860
vt 0.498980 0.346314
vt 0.446475 0.427633
vt 0.446475 0.343035
vt 0.446475 0.258437
vt 0.446475 0.173839
vt 0.471819 0.427663
vt 0.475913 0.427704
vt 0.471819 0.343066
vt 0.475913 0.343106
vt 0.471819 0.258468
vt 0.475913 0.258508
vt 0.471819 0.173870
vt 0.475913 0.173911
vt 0.504250 0.008468
vt 0.504250 0.092922
vt 0.504249 0.177376
vt 0.504249 0.261829
vt 0.504249 0.346283
vt 0.441805 0.427663
vt 0.441805 0.343066
vt 0.441805 0.258468
vt 0.441805 0.173870
vt 0.467149 0.427633
vt 0.467149 0.343035
vt 0.467149 0.258437
vt 0.467149 0.173839
vt 0.509519 0.092953
vt 0.509519 0.177407
vt 0.509519 0.261860
vt 0.509519 0.346314
vt 0.437712 0.427704
vt 0.437712 0.343106
vt 0.437712 0.258508
vt 0.437712 0.173911
vt 0.462082 0.427615
vt 0.462082 0.343017
vt 0.462082 0.258419
vt 0.462082 0.173821
vt 0.514587 0.093044
vt 0.514587 0.177498
vt 0.514587 0.261952
vt 0.514587 0.346406
vt 0.424381 0.427639
vt 0.428474 0.427639
vt 0.424381 0.343035
vt 0.428474 0.343035
vt 0.424381 0.258431
vt 0.428474 0.258431
vt 0.424381 0.173827
vt 0.428474 0.173827
vt 0.519257 0.093193
vt 0.519257 0.177647
vt 0.519257 0.262101
vt 0.519257 0.346554
vt 0.419711 0.427639
vt 0.419711 0.343035
vt 0.419711 0.258431
vt 0.419711 0.173827
vt 0.523351 0.093393
vt 0.523351 0.177847
vt 0.523351 0.262301
vt 0.523351 0.346754
vt 0.414643 0.427639
vt 0.414643 0.343035
vt 0.414643 0.258431
vt 0.414643 0.173827
vt 0.038727 0.427639
vt 0.042820 0.427639
vt 0.038727 0.343035
vt 0.042820 0.343035
vt 0.038727 0.258431
vt 0.042820 0.258431
vt 0.038727 0.173827
vt 0.042820 0.173827
vt 0.409373 0.427639
vt 0.409373 0.343035
vt 0.409373 0.258431
vt 0.409373 0.173827
vt 0.034056 0.427639
vt 0.034056 0.343035
vt 0.034056 0.258431
vt 0.034056 0.173827
vt 0.404104 0.427639
vt 0.404104 0.343035
vt 0.404104 0.258431
vt 0.404104 0.173827
vt 0.028989 0.427639
vt 0.028989 0.343035
vt 0.028989 0.258431
vt 0.028989 0.173827
vt 0.399036 0.427639
vt 0.399036 0.343035
vt 0.399036 0.258431
vt 0.399036 0.173827
vt 0.023719 0.427639
vt 0.023719 0.343035
vt 0.023719 0.258431
vt 0.023719 0.173827
vt 0.394366 0.427639
vt 0.394366 0.343035
vt 0.394366 0.258431
vt 0.394366 0.173827
vt 0.018449 0.427639
vt 0.018449 0.343035
vt 0.018449 0.258431
vt 0.018449 0.173827
vt 0.390273 0.427639
vt 0.390273 0.343035
vt 0.390273 0.258431
vt 0.390273 0.173827
vt 0.013382 0.427639
vt 0.013382 0.343035
vt 0.013382 0.258431
vt 0.013382 0.173827
vt 0.485150 0.093394
vt 0.485150 0.177847
vt 0.485150 0.262301
vt 0.485150 0.346755
vt 0.593743 0.495380
vt 0.593743 0.004619
vt 0.598530 0.004619
vt 0.598530 0.495380
vt 0.603144 0.004619
vt 0.603144 0.495380
vt 0.607408 0.004619
vt 0.607408 0.495380
vt 0.611157 0.004619
vt 0.611157 0.495381
vt 0.576492 0.995380
vt 0.576492 0.504618
vt 0.580018 0.504619
vt 0.580018 0.995380
vt 0.584114 0.504619
vt 0.584114 0.995381
vt 0.588621 0.504619
vt 0.588621 0.995381
vt 0.593367 0.504620
vt 0.593367 0.995381
vt 0.598169 0.504619
vt 0.598169 0.995381
vt 0.602842 0.504619
vt 0.602842 0.995381
vt 0.607208 0.504619
vt 0.607208 0.995381
vt 0.611098 0.504618
vt 0.611098 0.995380
vt 0.883802 0.495381
vt 0.883802 0.004619
vt 0.887575 0.004619
vt 0.887575 0.495381
vt 0.891856 0.004619
vt 0.891856 0.495380
vt 0.896480 0.004619
vt 0.896480 0.495380
vt 0.901271 0.004619
vt 0.901271 0.495380
vt 0.906043 0.004619
vt 0.906043 0.495380
vt 0.910614 0.004619
vt 0.910614 0.495380
vt 0.914808 0.004619
vt 0.914808 0.495381
vt 0.918463 0.004619
vt 0.918463 0.495381
vt 0.708200 0.495380
vt 0.708200 0.004619
vt 0.711877 0.004619
vt 0.711877 0.495380
vt 0.716088 0.004619
vt 0.716088 0.495380
vt 0.720669 0.004619
vt 0.720669 0.495380
vt 0.725445 0.004619
vt 0.725445 0.495380
vt 0.730233 0.004619
vt 0.730233 0.495380
vt 0.734848 0.004619
vt 0.734848 0.495380
vt 0.739113 0.004619
vt 0.739113 0.495380
vt 0.742865 0.004619
vt 0.742865 0.495380
vt 0.576492 0.495381
vt 0.576492 0.004619
vt 0.580172 0.004619
vt 0.580172 0.495380
vt 0.584384 0.004619
vt 0.584384 0.495380
vt 0.340555 0.613349
vt 0.336115 0.615188
vt 0.331402 0.616125
vt 0.326597 0.616125
vt 0.321883 0.615188
vt 0.317444 0.613349
vt 0.313448 0.610679
vt 0.310050 0.607281
vt 0.307380 0.603285
vt 0.305541 0.598846
vt 0.304604 0.594133
vt 0.304604 0.589327
vt 0.305541 0.584614
vt 0.307380 0.580174
vt 0.310050 0.576179
vt 0.313448 0.572781
vt 0.317444 0.570111
vt 0.321883 0.568272
vt 0.326597 0.567334
vt 0.331402 0.567334
vt 0.336115 0.568272
vt 0.340555 0.570111
vt 0.344551 0.572781
vt 0.347949 0.576179
vt 0.350618 0.580174
vt 0.352457 0.584614
vt 0.353395 0.589327
vt 0.353395 0.594133
vt 0.352457 0.598846
vt 0.350618 0.603285
vt 0.347949 0.607281
vt 0.344551 0.610679
vt 0.588966 0.004619
vt 0.588966 0.495380
vt 0.411424 0.594133
vt 0.410486 0.598846
vt 0.408647 0.603285
vt 0.405977 0.607281
vt 0.402579 0.610679
vt 0.398584 0.613349
vt 0.394144 0.615188
vt 0.389431 0.616125
vt 0.384625 0.616125
vt 0.379912 0.615188
vt 0.375472 0.613349
vt 0.371477 0.610679
vt 0.368079 0.607281
vt 0.365409 0.603285
vt 0.363570 0.598846
vt 0.362633 0.594133
vt 0.362633 0.589327
vt 0.363570 0.584614
vt 0.365409 0.580174
vt 0.368079 0.576179
vt 0.371477 0.572781
vt 0.375472 0.570111
vt 0.379912 0.568272
vt 0.384625 0.567334
vt 0.389431 0.567334
vt 0.394144 0.568272
vt 0.398584 0.570111
vt 0.402579 0.572781
vt 0.405977 0.576179
vt 0.408647 0.580174
vt 0.410486 0.584614
vt 0.411424 0.589327
vt 0.637646 0.495380
vt 0.637646 0.004619
vt 0.642433 0.004619
vt 0.642433 0.495380
vt 0.647047 0.004619
vt 0.647047 0.495380
vt 0.651311 0.004619
vt 0.651311 0.495380
vt 0.655060 0.004619
vt 0.655060 0.495381
vt 0.927701 0.495380
vt 0.927701 0.004619
vt 0.931227 0.004619
vt 0.931227 0.495381
vt 0.935323 0.004620
vt 0.935323 0.495381
vt 0.939830 0.004620
vt 0.939830 0.495382
vt 0.944576 0.004620
vt 0.944576 0.495382
vt 0.949378 0.004620
vt 0.949378 0.495382
vt 0.954051 0.004620
vt 0.954051 0.495382
vt 0.958417 0.004620
vt 0.958417 0.495381
vt 0.962306 0.004619
vt 0.962306 0.495381
vt 0.796005 0.495381
vt 0.796005 0.004619
vt 0.799778 0.004619
vt 0.799778 0.495381
vt 0.804058 0.004619
vt 0.804058 0.495380
vt 0.808683 0.004619
vt 0.808683 0.495380
vt 0.813474 0.004619
vt 0.813474 0.495380
vt 0.818246 0.004619
vt 0.818246 0.495380
vt 0.822817 0.004619
vt 0.822817 0.495380
vt 0.827010 0.004619
vt 0.827010 0.495381
vt 0.830666 0.004619
vt 0.830666 0.495381
vt 0.664297 0.495380
vt 0.664297 0.004619
vt 0.667975 0.004619
vt 0.667975 0.495380
vt 0.672185 0.004619
vt 0.672185 0.495380
vt 0.676766 0.004619
vt 0.676766 0.495380
vt 0.681543 0.004619
vt 0.681543 0.495380
vt 0.686330 0.004619
vt 0.686330 0.495380
vt 0.690946 0.004619
vt 0.690946 0.495380
vt 0.695211 0.004619
vt 0.695211 0.495380
vt 0.698962 0.004619
vt 0.698962 0.495380
vt 0.620395 0.495381
vt 0.620395 0.004619
vt 0.624074 0.004619
vt 0.624074 0.495380
vt 0.628286 0.004619
vt 0.628286 0.495380
vt 0.469452 0.589327
vt 0.469452 0.594133
vt 0.468515 0.598846
vt 0.466676 0.603285
vt 0.464006 0.607281
vt 0.460608 0.610679
vt 0.456612 0.613349
vt 0.452173 0.615188
vt 0.447459 0.616125
vt 0.442654 0.616125
vt 0.437941 0.615188
vt 0.433501 0.613349
vt 0.429505 0.610679
vt 0.426107 0.607281
vt 0.423438 0.603285
vt 0.421599 0.598846
vt 0.420661 0.594133
vt 0.420661 0.589327
vt 0.421599 0.584614
vt 0.423438 0.580174
vt 0.426107 0.576179
vt 0.429505 0.572781
vt 0.433501 0.570111
vt 0.437941 0.568272
vt 0.442654 0.567334
vt 0.447459 0.567334
vt 0.452173 0.568272
vt 0.456612 0.570111
vt 0.460608 0.572781
vt 0.464006 0.576179
vt 0.466676 0.580174
vt 0.468515 0.584614
vt 0.632869 0.004619
vt 0.632869 0.495380
vt 0.273374 0.616125
vt 0.268568 0.616125
vt 0.263855 0.615188
vt 0.259415 0.613349
vt 0.255420 0.610679
vt 0.252022 0.607281
vt 0.249352 0.603285
vt 0.247513 0.598846
vt 0.246575 0.594133
vt 0.246575 0.589327
vt 0.247513 0.584614
vt 0.249352 0.580174
vt 0.252021 0.576179
vt 0.255419 0.572781
vt 0.259415 0.570111
vt 0.263855 0.568272
vt 0.268568 0.567334
vt 0.273373 0.567334
vt 0.278087 0.568272
vt 0.282526 0.570111
vt 0.286522 0.572781
vt 0.289920 0.576179
vt 0.292590 0.580174
vt 0.294429 0.584614
vt 0.295366 0.589327
vt 0.295366 0.594133
vt 0.294429 0.598846
vt 0.292590 0.603285
vt 0.289920 0.607281
vt 0.286522 0.610679
vt 0.282526 0.613349
vt 0.278087 0.615188
vt 0.549840 0.495380
vt 0.549840 0.004619
vt 0.554627 0.004619
vt 0.554627 0.495380
vt 0.559242 0.004619
vt 0.559242 0.495380
vt 0.563505 0.004619
vt 0.563505 0.495380
vt 0.567254 0.004619
vt 0.567254 0.495381
vt 0.532589 0.995380
vt 0.532589 0.504618
vt 0.536116 0.504619
vt 0.536116 0.995380
vt 0.540211 0.504619
vt 0.540211 0.995381
vt 0.544718 0.504619
vt 0.544718 0.995381
vt 0.549464 0.504620
vt 0.549464 0.995381
vt 0.554266 0.504619
vt 0.554266 0.995381
vt 0.558940 0.504619
vt 0.558940 0.995381
vt 0.563305 0.504619
vt 0.563305 0.995381
vt 0.567195 0.504618
vt 0.567195 0.995380
vt 0.839903 0.495381
vt 0.839903 0.004619
vt 0.843676 0.004619
vt 0.843676 0.495381
vt 0.847957 0.004619
vt 0.847957 0.495380
vt 0.852582 0.004619
vt 0.852582 0.495380
vt 0.857372 0.004619
vt 0.857372 0.495380
vt 0.862145 0.004619
vt 0.862145 0.495380
vt 0.866715 0.004619
vt 0.866715 0.495380
vt 0.870909 0.004619
vt 0.870909 0.495381
vt 0.874564 0.004619
vt 0.874564 0.495381
vt 0.752102 0.495380
vt 0.752102 0.004619
vt 0.755780 0.004619
vt 0.755780 0.495380
vt 0.759990 0.004619
vt 0.759990 0.495380
vt 0.764571 0.004619
vt 0.764571 0.495380
vt 0.769348 0.004619
vt 0.769348 0.495380
vt 0.774135 0.004619
vt 0.774135 0.495380
vt 0.778750 0.004619
vt 0.778750 0.495380
vt 0.783016 0.004619
vt 0.783016 0.495380
vt 0.786767 0.004619
vt 0.786767 0.495380
vt 0.532589 0.495381
vt 0.532589 0.004619
vt 0.536269 0.004619
vt 0.536269 0.495380
vt 0.540481 0.004619
vt 0.540481 0.495380
vt 0.133294 0.603285
vt 0.131455 0.598846
vt 0.130518 0.594133
vt 0.130518 0.589327
vt 0.131455 0.584614
vt 0.133294 0.580174
vt 0.135964 0.576179
vt 0.139362 0.572781
vt 0.143358 0.570111
vt 0.147798 0.568272
vt 0.152511 0.567334
vt 0.157316 0.567334
vt 0.162029 0.568272
vt 0.166469 0.570111
vt 0.170465 0.572781
vt 0.173863 0.576179
vt 0.176533 0.580174
vt 0.178371 0.584614
vt 0.179309 0.589327
vt 0.179309 0.594133
vt 0.178371 0.598846
vt 0.176532 0.603285
vt 0.173863 0.607281
vt 0.170465 0.610679
vt 0.166469 0.613349
vt 0.162029 0.615188
vt 0.157316 0.616125
vt 0.152511 0.616125
vt 0.147798 0.615188
vt 0.143358 0.613349
vt 0.139362 0.610679
vt 0.135964 0.607281
vt 0.545063 0.004619
vt 0.545063 0.495380
vt 0.236400 0.598846
vt 0.234561 0.603285
vt 0.231891 0.607281
vt 0.228493 0.610679
vt 0.224498 0.613349
vt 0.220058 0.615188
vt 0.215345 0.616125
vt 0.210539 0.616125
vt 0.205826 0.615188
vt 0.201386 0.613349
vt 0.197391 0.610679
vt 0.193993 0.607281
vt 0.191323 0.603285
vt 0.189484 0.598846
vt 0.188547 0.594133
vt 0.188547 0.589327
vt 0.189484 0.584614
vt 0.191323 0.580174
vt 0.193993 0.576179
vt 0.197391 0.572781
vt 0.201386 0.570111
vt 0.205826 0.568272
vt 0.210539 0.567334
vt 0.215345 0.567334
vt 0.220058 0.568272
vt 0.224498 0.570111
vt 0.228493 0.572781
vt 0.231891 0.576179
vt 0.234561 0.580174
vt 0.236400 0.584614
vt 0.237338 0.589327
vt 0.237338 0.594133
vt 0.083380 0.717314
vt 0.083380 0.676730
vt 0.087731 0.676735
vt 0.087731 0.717319
vt 0.091914 0.676749
vt 0.091914 0.717334
vt 0.095769 0.676772
vt 0.095769 0.717357
vt 0.099149 0.676804
vt 0.099149 0.717389
vt 0.202831 0.678987
vt 0.202831 0.719575
vt 0.199452 0.719575
vt 0.199452 0.678987
vt 0.195597 0.719575
vt 0.195597 0.678987
vt 0.191413 0.719575
vt 0.191413 0.678987
vt 0.187063 0.719575
vt 0.187063 0.678987
vt 0.182712 0.719575
vt 0.182712 0.678987
vt 0.178528 0.719575
vt 0.178528 0.678987
vt 0.174673 0.719575
vt 0.174673 0.678987
vt 0.171294 0.719575
vt 0.171294 0.678987
vt 0.667833 0.641659
vt 0.667833 0.601080
vt 0.671213 0.601026
vt 0.671213 0.641606
vt 0.675068 0.600987
vt 0.675068 0.641566
vt 0.679252 0.600962
vt 0.679251 0.641542
vt 0.683602 0.600954
vt 0.683602 0.641534
vt 0.687953 0.600962
vt 0.687953 0.641542
vt 0.692136 0.600987
vt 0.692136 0.641566
vt 0.695992 0.601026
vt 0.695992 0.641606
vt 0.699371 0.601080
vt 0.699371 0.641659
vt 0.212069 0.719575
vt 0.212069 0.678987
vt 0.215448 0.678987
vt 0.215448 0.719575
vt 0.219304 0.678987
vt 0.219304 0.719575
vt 0.223487 0.678987
vt 0.223487 0.719575
vt 0.227838 0.678987
vt 0.227838 0.719575
vt 0.232189 0.678987
vt 0.232189 0.719575
vt 0.236372 0.678987
vt 0.236372 0.719575
vt 0.240228 0.678987
vt 0.240228 0.719575
vt 0.243607 0.678987
vt 0.243607 0.719575
vt 0.067611 0.717389
vt 0.067611 0.676804
vt 0.070990 0.676772
vt 0.070990 0.717357
vt 0.074846 0.676749
vt 0.074846 0.717334
vt 0.746209 0.517818
vt 0.746205 0.514176
vt 0.749282 0.514176
vt 0.749286 0.517818
vt 0.079029 0.676735
vt 0.079029 0.717319
vt 0.291381 0.645378
vt 0.292232 0.641090
vt 0.293903 0.637051
vt 0.296327 0.633415
vt 0.299413 0.630323
vt 0.303041 0.627893
vt 0.307073 0.626219
vt 0.311353 0.625364
vt 0.315717 0.625363
vt 0.319998 0.626214
vt 0.324029 0.627886
vt 0.327658 0.630314
vt 0.330744 0.633404
vt 0.333168 0.637038
vt 0.334838 0.641076
vt 0.335690 0.645363
vt 0.335690 0.649735
vt 0.334838 0.654023
vt 0.333168 0.658062
vt 0.330744 0.661698
vt 0.327658 0.664790
vt 0.324029 0.667220
vt 0.319997 0.668895
vt 0.315717 0.669749
vt 0.311353 0.669750
vt 0.307073 0.668899
vt 0.303041 0.667227
vt 0.299413 0.664800
vt 0.296327 0.661710
vt 0.293902 0.658076
vt 0.292232 0.654037
vt 0.291381 0.649750
vt 0.171286 0.645727
vt 0.170572 0.642138
vt 0.174049 0.641083
vt 0.174901 0.645371
vt 0.169172 0.638757
vt 0.172376 0.637044
vt 0.167139 0.635714
vt 0.169947 0.633409
vt 0.164551 0.633126
vt 0.166856 0.630318
vt 0.161509 0.631093
vt 0.163221 0.627889
vt 0.158128 0.629693
vt 0.159183 0.626216
vt 0.154539 0.628979
vt 0.154895 0.625363
vt 0.150880 0.628979
vt 0.150524 0.625363
vt 0.147291 0.629693
vt 0.146236 0.626216
vt 0.143910 0.631093
vt 0.142198 0.627889
vt 0.140868 0.633126
vt 0.138563 0.630318
vt 0.138281 0.635714
vt 0.135472 0.633409
vt 0.136248 0.638757
vt 0.133044 0.637044
vt 0.134847 0.642137
vt 0.131371 0.641083
vt 0.134134 0.645727
vt 0.130518 0.645370
vt 0.134134 0.649386
vt 0.130518 0.649742
vt 0.134847 0.652975
vt 0.131371 0.654030
vt 0.136248 0.656356
vt 0.133044 0.658069
vt 0.138281 0.659399
vt 0.135472 0.661704
vt 0.140868 0.661986
vt 0.138563 0.664795
vt 0.143911 0.664019
vt 0.142198 0.667224
vt 0.147291 0.665420
vt 0.146237 0.668897
vt 0.150880 0.666134
vt 0.150524 0.669750
vt 0.154540 0.666134
vt 0.154896 0.669750
vt 0.158128 0.665420
vt 0.159183 0.668897
vt 0.161509 0.664020
vt 0.163222 0.667224
vt 0.164551 0.661986
vt 0.166856 0.664795
vt 0.167139 0.659399
vt 0.169947 0.661704
vt 0.169172 0.656356
vt 0.172376 0.658069
vt 0.170572 0.652975
vt 0.174049 0.654030
vt 0.171286 0.649386
vt 0.174901 0.649742
vt 0.067611 0.731693
vt 0.067611 0.728993
vt 0.072402 0.728993
vt 0.072402 0.731693
vt 0.054146 0.633165
vt 0.054113 0.636392
vt 0.051036 0.636392
vt 0.051069 0.633165
vt 0.054113 0.650680
vt 0.054146 0.653907
vt 0.051069 0.653907
vt 0.051036 0.650680
vt 0.746205 0.521460
vt 0.749282 0.521460
vt 0.054191 0.630336
vt 0.051114 0.630336
vt 0.054092 0.647178
vt 0.051016 0.647178
vt 0.746193 0.524962
vt 0.749270 0.524962
vt 0.098746 0.750197
vt 0.098746 0.753026
vt 0.095669 0.753026
vt 0.095669 0.750197
vt 0.054085 0.643536
vt 0.051009 0.643536
vt 0.746174 0.528189
vt 0.749251 0.528189
vt 0.098746 0.746970
vt 0.095669 0.746970
vt 0.746147 0.531018
vt 0.749224 0.531018
vt 0.098746 0.743468
vt 0.095669 0.743468
vt 0.227410 0.731641
vt 0.227410 0.728812
vt 0.230487 0.728812
vt 0.230487 0.731641
vt 0.098746 0.739826
vt 0.095669 0.739826
vt 0.227410 0.734868
vt 0.230487 0.734868
vt 0.098746 0.736184
vt 0.095669 0.736184
vt 0.227410 0.738370
vt 0.230487 0.738370
vt 0.098746 0.732682
vt 0.095669 0.732682
vt 0.227410 0.742012
vt 0.230487 0.742012
vt 0.098746 0.729455
vt 0.095669 0.729455
vt 0.227410 0.745654
vt 0.230487 0.745654
vt 0.098746 0.726626
vt 0.095669 0.726626
vt 0.227410 0.749156
vt 0.230487 0.749156
vt 0.746174 0.507447
vt 0.746147 0.504618
vt 0.749224 0.504618
vt 0.749251 0.507447
vt 0.227410 0.752383
vt 0.230487 0.752383
vt 0.746193 0.510674
vt 0.749270 0.510674
vt 0.054092 0.639894
vt 0.051016 0.639894
vt 0.227410 0.755212
vt 0.230487 0.755212
vt 0.054191 0.656736
vt 0.051114 0.656736
vt 0.038737 0.647383
vt 0.038139 0.644380
vt 0.041057 0.643495
vt 0.041771 0.647084
vt 0.036968 0.641551
vt 0.039657 0.640114
vt 0.035267 0.639006
vt 0.037624 0.637071
vt 0.033102 0.636841
vt 0.035036 0.634483
vt 0.030556 0.635140
vt 0.031994 0.632450
vt 0.027728 0.633968
vt 0.028613 0.631050
vt 0.024725 0.633371
vt 0.025024 0.630336
vt 0.021664 0.633371
vt 0.021365 0.630336
vt 0.018661 0.633968
vt 0.017776 0.631050
vt 0.015833 0.635140
vt 0.014396 0.632450
vt 0.013288 0.636841
vt 0.011353 0.634484
vt 0.011123 0.639006
vt 0.008766 0.637071
vt 0.009422 0.641551
vt 0.006733 0.640114
vt 0.008251 0.644380
vt 0.005333 0.643495
vt 0.007653 0.647383
vt 0.004619 0.647084
vt 0.007653 0.650444
vt 0.004619 0.650743
vt 0.008251 0.653447
vt 0.005333 0.654333
vt 0.009422 0.656276
vt 0.006733 0.657713
vt 0.011123 0.658822
vt 0.008766 0.660756
vt 0.013288 0.660986
vt 0.011354 0.663344
vt 0.015834 0.662687
vt 0.014396 0.665377
vt 0.018662 0.663859
vt 0.017777 0.666777
vt 0.021665 0.664456
vt 0.021366 0.667491
vt 0.024726 0.664456
vt 0.025025 0.667491
vt 0.027729 0.663859
vt 0.028614 0.666777
vt 0.030557 0.662687
vt 0.031994 0.665377
vt 0.033102 0.660986
vt 0.035037 0.663344
vt 0.035267 0.658821
vt 0.037624 0.660756
vt 0.036968 0.656276
vt 0.039657 0.657713
vt 0.038139 0.653447
vt 0.041057 0.654332
vt 0.038737 0.650444
vt 0.041771 0.650743
vt 0.108454 0.688251
vt 0.108458 0.685760
vt 0.117027 0.685760
vt 0.117022 0.688251
vt 0.086431 0.734623
vt 0.086431 0.737670
vt 0.081640 0.737670
vt 0.081640 0.734623
vt 0.067611 0.734623
vt 0.072402 0.734623
vt 0.086431 0.731693
vt 0.081640 0.731693
vt 0.067611 0.737670
vt 0.072402 0.737670
vt 0.086431 0.728993
vt 0.081640 0.728993
vt 0.067611 0.740717
vt 0.072402 0.740717
vt 0.086431 0.726626
vt 0.081640 0.726626
vt 0.067611 0.743646
vt 0.072402 0.743646
vt 0.018722 0.728992
vt 0.018700 0.726625
vt 0.023491 0.726625
vt 0.023513 0.728992
vt 0.067611 0.746347
vt 0.072402 0.746347
vt 0.018738 0.731692
vt 0.023529 0.731692
vt 0.736827 0.512615
vt 0.736821 0.515662
vt 0.732031 0.515662
vt 0.732037 0.512615
vt 0.067611 0.748713
vt 0.072402 0.748713
vt 0.018748 0.734622
vt 0.023539 0.734622
vt 0.736844 0.509685
vt 0.732054 0.509685
vt 0.736872 0.524339
vt 0.736910 0.526705
vt 0.732119 0.526705
vt 0.732082 0.524339
vt 0.018752 0.737669
vt 0.023543 0.737669
vt 0.736872 0.506985
vt 0.732082 0.506985
vt 0.736844 0.521638
vt 0.732054 0.521638
vt 0.018748 0.740716
vt 0.023539 0.740716
vt 0.736910 0.504618
vt 0.732119 0.504618
vt 0.736827 0.518709
vt 0.732037 0.518709
vt 0.018738 0.743646
vt 0.023529 0.743646
vt 0.086431 0.746347
vt 0.086431 0.748713
vt 0.081640 0.748713
vt 0.081640 0.746347
vt 0.018722 0.746346
vt 0.023513 0.746346
vt 0.086431 0.743646
vt 0.081640 0.743646
vt 0.018700 0.748712
vt 0.023491 0.748712
vt 0.086431 0.740717
vt 0.081640 0.740717
vt 0.067611 0.726626
vt 0.072402 0.726626
vt 0.513400 0.714130
vt 0.512911 0.711674
vt 0.515636 0.710848
vt 0.516233 0.713851
vt 0.511953 0.709362
vt 0.514465 0.708019
vt 0.510563 0.707280
vt 0.512764 0.705474
vt 0.508793 0.705510
vt 0.510599 0.703309
vt 0.506711 0.704119
vt 0.508053 0.701608
vt 0.504398 0.703161
vt 0.505225 0.700436
vt 0.501943 0.702673
vt 0.502222 0.699839
vt 0.499440 0.702673
vt 0.499161 0.699839
vt 0.496985 0.703161
vt 0.496158 0.700436
vt 0.494672 0.704119
vt 0.493330 0.701608
vt 0.492591 0.705510
vt 0.490785 0.703309
vt 0.490821 0.707280
vt 0.488620 0.705474
vt 0.489430 0.709362
vt 0.486919 0.708019
vt 0.488472 0.711674
vt 0.485747 0.710848
vt 0.487984 0.714130
vt 0.485150 0.713851
vt 0.487984 0.716633
vt 0.485150 0.716912
vt 0.488472 0.719088
vt 0.485748 0.719915
vt 0.489430 0.721401
vt 0.486919 0.722744
vt 0.490821 0.723483
vt 0.488620 0.725289
vt 0.492591 0.725253
vt 0.490785 0.727454
vt 0.494673 0.726644
vt 0.493330 0.729155
vt 0.496985 0.727602
vt 0.496159 0.730327
vt 0.499440 0.728090
vt 0.499161 0.730924
vt 0.501944 0.728090
vt 0.502223 0.730924
vt 0.504399 0.727602
vt 0.505225 0.730327
vt 0.506711 0.726644
vt 0.508054 0.729155
vt 0.508793 0.725253
vt 0.510599 0.727454
vt 0.510563 0.723483
vt 0.512764 0.725289
vt 0.511954 0.721401
vt 0.514465 0.722744
vt 0.512911 0.719088
vt 0.515636 0.719915
vt 0.513400 0.716633
vt 0.516234 0.716912
vt 0.336948 0.733139
vt 0.336948 0.731554
vt 0.342890 0.731554
vt 0.342890 0.733139
vt 0.116998 0.704027
vt 0.116980 0.705962
vt 0.108411 0.705962
vt 0.108429 0.704027
vt 0.116959 0.715548
vt 0.116967 0.717944
vt 0.108397 0.717944
vt 0.108389 0.715548
vt 0.108440 0.690647
vt 0.117008 0.690647
vt 0.628965 0.729352
vt 0.628965 0.731287
vt 0.620395 0.731287
vt 0.620395 0.729352
vt 0.116956 0.713057
vt 0.108386 0.713057
vt 0.108417 0.692854
vt 0.116985 0.692854
vt 0.628965 0.727144
vt 0.620395 0.727144
vt 0.108386 0.694790
vt 0.116955 0.694790
vt 0.628965 0.724748
vt 0.620395 0.724748
vt 0.638202 0.715162
vt 0.638202 0.713227
vt 0.646772 0.713227
vt 0.646772 0.715162
vt 0.628965 0.722257
vt 0.620395 0.722257
vt 0.638202 0.717370
vt 0.646772 0.717370
vt 0.628965 0.719766
vt 0.620395 0.719766
vt 0.638202 0.719766
vt 0.646772 0.719766
vt 0.628965 0.717370
vt 0.620395 0.717370
vt 0.638202 0.722257
vt 0.646772 0.722257
vt 0.628965 0.715162
vt 0.620395 0.715162
vt 0.638202 0.724748
vt 0.646772 0.724748
vt 0.628965 0.713227
vt 0.620395 0.713227
vt 0.638202 0.727144
vt 0.646772 0.727144
vt 0.108417 0.678665
vt 0.108386 0.676730
vt 0.116955 0.676730
vt 0.116985 0.678665
vt 0.638202 0.729352
vt 0.646772 0.729352
vt 0.108440 0.680873
vt 0.117008 0.680873
vt 0.116959 0.710566
vt 0.108389 0.710566
vt 0.638202 0.731287
vt 0.646772 0.731287
vt 0.108454 0.683268
vt 0.117022 0.683268
vt 0.116967 0.708170
vt 0.108397 0.708170
vt 0.116980 0.720152
vt 0.116998 0.722087
vt 0.108429 0.722087
vt 0.108411 0.720152
vt 0.273960 0.690868
vt 0.273637 0.689244
vt 0.277772 0.687989
vt 0.278260 0.690444
vt 0.273003 0.687713
vt 0.276814 0.685676
vt 0.272083 0.686336
vt 0.275423 0.683595
vt 0.270912 0.685165
vt 0.273653 0.681825
vt 0.269535 0.684245
vt 0.271572 0.680434
vt 0.268005 0.683611
vt 0.269259 0.679476
vt 0.266381 0.683288
vt 0.266804 0.678987
vt 0.264724 0.683288
vt 0.264301 0.678987
vt 0.263100 0.683611
vt 0.261846 0.679476
vt 0.261570 0.684245
vt 0.259533 0.680434
vt 0.260193 0.685165
vt 0.257452 0.681825
vt 0.259022 0.686336
vt 0.255682 0.683595
vt 0.258102 0.687713
vt 0.254291 0.685676
vt 0.257468 0.689244
vt 0.253333 0.687989
vt 0.257145 0.690868
vt 0.252845 0.690444
vt 0.257145 0.692524
vt 0.252845 0.692948
vt 0.257468 0.694149
vt 0.253333 0.695403
vt 0.258102 0.695679
vt 0.254291 0.697716
vt 0.259022 0.697056
vt 0.255682 0.699797
vt 0.260193 0.698227
vt 0.257452 0.701568
vt 0.261570 0.699147
vt 0.259533 0.702958
vt 0.263100 0.699781
vt 0.261846 0.703916
vt 0.264725 0.700104
vt 0.264301 0.704405
vt 0.266381 0.700104
vt 0.266804 0.704405
vt 0.268005 0.699781
vt 0.269259 0.703916
vt 0.269535 0.699147
vt 0.271572 0.702958
vt 0.270912 0.698227
vt 0.273654 0.701568
vt 0.272083 0.697056
vt 0.275424 0.699797
vt 0.273003 0.695679
vt 0.276814 0.697716
vt 0.273637 0.694149
vt 0.277772 0.695403
vt 0.273960 0.692524
vt 0.278260 0.692948
vt 0.468513 0.631319
vt 0.468836 0.632943
vt 0.468836 0.634599
vt 0.468513 0.636224
vt 0.467879 0.637754
vt 0.466959 0.639131
vt 0.465788 0.640302
vt 0.464411 0.641222
vt 0.462881 0.641856
vt 0.461256 0.642179
vt 0.459600 0.642179
vt 0.457976 0.641856
vt 0.456446 0.641222
vt 0.455069 0.640302
vt 0.453898 0.639131
vt 0.452978 0.637754
vt 0.452344 0.636223
vt 0.452021 0.634599
vt 0.452021 0.632943
vt 0.452344 0.631318
vt 0.452978 0.629788
vt 0.453898 0.628411
vt 0.455069 0.627240
vt 0.456446 0.626320
vt 0.457976 0.625686
vt 0.459600 0.625363
vt 0.461256 0.625363
vt 0.462881 0.625686
vt 0.464411 0.626320
vt 0.465788 0.627240
vt 0.466959 0.628411
vt 0.467879 0.629788
vt 0.358069 0.731554
vt 0.358069 0.733139
vt 0.352127 0.733139
vt 0.352127 0.731554
vt 0.336948 0.734787
vt 0.342890 0.734787
vt 0.358069 0.730093
vt 0.352127 0.730093
vt 0.336948 0.736435
vt 0.342890 0.736435
vt 0.358069 0.728813
vt 0.352127 0.728813
vt 0.336948 0.738020
vt 0.342890 0.738020
vt 0.465863 0.730092
vt 0.465851 0.728811
vt 0.471793 0.728811
vt 0.471805 0.730092
vt 0.336948 0.739481
vt 0.342890 0.739481
vt 0.465872 0.731552
vt 0.471814 0.731552
vt 0.714553 0.677998
vt 0.714550 0.679646
vt 0.708609 0.679646
vt 0.708612 0.677998
vt 0.336948 0.740761
vt 0.342890 0.740761
vt 0.465877 0.733137
vt 0.471819 0.733137
vt 0.714562 0.676413
vt 0.708621 0.676413
vt 0.714577 0.684340
vt 0.714598 0.685620
vt 0.708657 0.685620
vt 0.708636 0.684340
vt 0.465879 0.734786
vt 0.471821 0.734786
vt 0.714577 0.674952
vt 0.708636 0.674952
vt 0.714562 0.682879
vt 0.708621 0.682879
vt 0.465877 0.736434
vt 0.471819 0.736434
vt 0.714598 0.673672
vt 0.708657 0.673672
vt 0.714553 0.681295
vt 0.708612 0.681295
vt 0.465872 0.738019
vt 0.471814 0.738019
vt 0.358069 0.739481
vt 0.358069 0.740761
vt 0.352127 0.740761
vt 0.352127 0.739481
vt 0.465863 0.739479
vt 0.471805 0.739479
vt 0.358069 0.738020
vt 0.352127 0.738020
vt 0.465851 0.740760
vt 0.471793 0.740760
vt 0.358069 0.736435
vt 0.352127 0.736435
vt 0.336948 0.730093
vt 0.336948 0.728813
vt 0.342890 0.728813
vt 0.342890 0.730093
vt 0.358069 0.734787
vt 0.352127 0.734787
vt 0.020388 0.676803
vt 0.020388 0.717388
vt 0.016037 0.717383
vt 0.016037 0.676798
vt 0.011854 0.717368
vt 0.011854 0.676784
vt 0.007998 0.717345
vt 0.007998 0.676760
vt 0.004619 0.717314
vt 0.004619 0.676729
vt 0.322919 0.678988
vt 0.322919 0.719575
vt 0.319540 0.719575
vt 0.319540 0.678988
vt 0.315684 0.719575
vt 0.315684 0.678988
vt 0.311501 0.719575
vt 0.311501 0.678988
vt 0.307150 0.719575
vt 0.307150 0.678988
vt 0.302799 0.719575
vt 0.302799 0.678988
vt 0.298616 0.719575
vt 0.298616 0.678988
vt 0.294760 0.719575
vt 0.294760 0.678988
vt 0.291381 0.719575
vt 0.291381 0.678988
vt 0.699371 0.650897
vt 0.699371 0.691477
vt 0.695992 0.691530
vt 0.695992 0.650950
vt 0.692136 0.691570
vt 0.692136 0.650990
vt 0.687953 0.691594
vt 0.687953 0.651015
vt 0.683602 0.691603
vt 0.683602 0.651023
vt 0.679252 0.691594
vt 0.679252 0.651015
vt 0.675068 0.691570
vt 0.675068 0.650990
vt 0.671213 0.691530
vt 0.671213 0.650950
vt 0.667833 0.691477
vt 0.667833 0.650897
vt 0.332157 0.719575
vt 0.332157 0.678988
vt 0.335536 0.678988
vt 0.335536 0.719575
vt 0.339391 0.678988
vt 0.339391 0.719575
vt 0.343575 0.678988
vt 0.343575 0.719575
vt 0.347926 0.678988
vt 0.347926 0.719575
vt 0.352276 0.678988
vt 0.352276 0.719575
vt 0.356460 0.678988
vt 0.356460 0.719575
vt 0.360315 0.678988
vt 0.360315 0.719575
vt 0.363695 0.678988
vt 0.363695 0.719575
vt 0.036157 0.676729
vt 0.036157 0.717314
vt 0.032777 0.717345
vt 0.032777 0.676760
vt 0.028922 0.717368
vt 0.028922 0.676784
vt 0.032842 0.739825
vt 0.032838 0.736183
vt 0.035915 0.736183
vt 0.035919 0.739825
vt 0.024738 0.717383
vt 0.024738 0.676798
vt 0.344927 0.645378
vt 0.345779 0.641090
vt 0.347449 0.637051
vt 0.349873 0.633415
vt 0.352959 0.630323
vt 0.356587 0.627893
vt 0.360619 0.626219
vt 0.364899 0.625364
vt 0.369263 0.625363
vt 0.373544 0.626214
vt 0.377575 0.627886
vt 0.381204 0.630314
vt 0.384290 0.633404
vt 0.386714 0.637038
vt 0.388384 0.641076
vt 0.389236 0.645363
vt 0.389236 0.649735
vt 0.388384 0.654023
vt 0.386714 0.658062
vt 0.384290 0.661698
vt 0.381204 0.664790
vt 0.377575 0.667220
vt 0.373544 0.668895
vt 0.369263 0.669749
vt 0.364899 0.669750
vt 0.360619 0.668899
vt 0.356587 0.667227
vt 0.352959 0.664800
vt 0.349873 0.661710
vt 0.347449 0.658076
vt 0.345779 0.654037
vt 0.344927 0.649750
vt 0.224907 0.649386
vt 0.224907 0.645726
vt 0.228522 0.645370
vt 0.228522 0.649742
vt 0.224193 0.642137
vt 0.227670 0.641083
vt 0.222793 0.638756
vt 0.225997 0.637044
vt 0.220760 0.635714
vt 0.223568 0.633409
vt 0.218172 0.633126
vt 0.220477 0.630318
vt 0.215130 0.631093
vt 0.216842 0.627889
vt 0.211749 0.629693
vt 0.212804 0.626216
vt 0.208160 0.628979
vt 0.208516 0.625363
vt 0.204501 0.628979
vt 0.204145 0.625363
vt 0.200912 0.629693
vt 0.199858 0.626216
vt 0.197532 0.631093
vt 0.195819 0.627889
vt 0.194489 0.633126
vt 0.192184 0.630318
vt 0.191902 0.635714
vt 0.189093 0.633409
vt 0.189869 0.638757
vt 0.186665 0.637044
vt 0.188469 0.642138
vt 0.184992 0.641083
vt 0.187755 0.645727
vt 0.184139 0.645371
vt 0.187755 0.649386
vt 0.184139 0.649743
vt 0.188469 0.652975
vt 0.184992 0.654030
vt 0.189869 0.656356
vt 0.186665 0.658069
vt 0.191902 0.659399
vt 0.189093 0.661704
vt 0.194489 0.661987
vt 0.192184 0.664795
vt 0.197532 0.664020
vt 0.195819 0.667224
vt 0.200912 0.665420
vt 0.199858 0.668897
vt 0.204501 0.666134
vt 0.204145 0.669750
vt 0.208160 0.666134
vt 0.208516 0.669750
vt 0.211749 0.665420
vt 0.212804 0.668897
vt 0.215130 0.664019
vt 0.216843 0.667224
vt 0.218172 0.661986
vt 0.220477 0.664795
vt 0.220760 0.659399
vt 0.223568 0.661704
vt 0.222793 0.656356
vt 0.225997 0.658069
vt 0.224193 0.652975
vt 0.227670 0.654030
vt 0.171293 0.733879
vt 0.171293 0.731179
vt 0.176085 0.731179
vt 0.176085 0.733879
vt 0.117138 0.633166
vt 0.117105 0.636393
vt 0.114028 0.636393
vt 0.114061 0.633166
vt 0.117105 0.650681
vt 0.117138 0.653908
vt 0.114061 0.653908
vt 0.114028 0.650681
vt 0.032838 0.743467
vt 0.035915 0.743467
vt 0.117183 0.630337
vt 0.114106 0.630337
vt 0.117084 0.647179
vt 0.114008 0.647179
vt 0.032826 0.746969
vt 0.035903 0.746969
vt 0.242802 0.752383
vt 0.242802 0.755212
vt 0.239725 0.755212
vt 0.239725 0.752383
vt 0.117077 0.643537
vt 0.114001 0.643537
vt 0.032807 0.750196
vt 0.035884 0.750196
vt 0.242802 0.749156
vt 0.239725 0.749156
vt 0.032780 0.753025
vt 0.035857 0.753025
vt 0.242802 0.745654
vt 0.239725 0.745654
vt 0.398473 0.731640
vt 0.398473 0.728811
vt 0.401550 0.728811
vt 0.401550 0.731640
vt 0.242802 0.742012
vt 0.239725 0.742012
vt 0.398473 0.734868
vt 0.401550 0.734868
vt 0.242802 0.738370
vt 0.239725 0.738370
vt 0.398473 0.738369
vt 0.401550 0.738369
vt 0.242802 0.734868
vt 0.239725 0.734868
vt 0.398473 0.742011
vt 0.401550 0.742011
vt 0.242802 0.731641
vt 0.239725 0.731641
vt 0.398473 0.745653
vt 0.401550 0.745653
vt 0.242802 0.728812
vt 0.239725 0.728812
vt 0.398473 0.749155
vt 0.401550 0.749155
vt 0.032807 0.729454
vt 0.032780 0.726625
vt 0.035857 0.726625
vt 0.035884 0.729454
vt 0.398473 0.752382
vt 0.401550 0.752382
vt 0.032826 0.732681
vt 0.035903 0.732681
vt 0.117084 0.639895
vt 0.114008 0.639895
vt 0.398473 0.755211
vt 0.401550 0.755211
vt 0.117183 0.656737
vt 0.114106 0.656737
vt 0.701951 0.524726
vt 0.701951 0.521665
vt 0.704986 0.521366
vt 0.704986 0.525025
vt 0.701354 0.518662
vt 0.704272 0.517777
vt 0.700182 0.515833
vt 0.702872 0.514396
vt 0.698482 0.513288
vt 0.700839 0.511353
vt 0.696317 0.511123
vt 0.698251 0.508766
vt 0.693771 0.509422
vt 0.695209 0.506732
vt 0.690943 0.508250
vt 0.691828 0.505332
vt 0.687940 0.507653
vt 0.688239 0.504618
vt 0.684879 0.507653
vt 0.684580 0.504618
vt 0.681876 0.508250
vt 0.680991 0.505332
vt 0.679048 0.509422
vt 0.677611 0.506732
vt 0.676502 0.511123
vt 0.674568 0.508766
vt 0.674338 0.513288
vt 0.671981 0.511353
vt 0.672637 0.515833
vt 0.669948 0.514396
vt 0.671465 0.518662
vt 0.668547 0.517777
vt 0.670868 0.521665
vt 0.667833 0.521366
vt 0.670868 0.524726
vt 0.667833 0.525025
vt 0.671465 0.527729
vt 0.668547 0.528614
vt 0.672637 0.530558
vt 0.669947 0.531995
vt 0.674337 0.533104
vt 0.671980 0.535038
vt 0.676502 0.535268
vt 0.674568 0.537626
vt 0.679048 0.536969
vt 0.677610 0.539659
vt 0.681876 0.538141
vt 0.680991 0.541059
vt 0.684879 0.538738
vt 0.684580 0.541773
vt 0.687940 0.538738
vt 0.688239 0.541773
vt 0.690943 0.538141
vt 0.691828 0.541059
vt 0.693771 0.536969
vt 0.695208 0.539659
vt 0.696316 0.535268
vt 0.698251 0.537626
vt 0.698481 0.533104
vt 0.700838 0.535038
vt 0.700182 0.530558
vt 0.702871 0.531995
vt 0.701354 0.527729
vt 0.704272 0.528614
vt 0.045462 0.688250
vt 0.045466 0.685759
vt 0.054035 0.685759
vt 0.054030 0.688250
vt 0.190114 0.736809
vt 0.190114 0.739856
vt 0.185323 0.739856
vt 0.185323 0.736809
vt 0.171293 0.736809
vt 0.176085 0.736809
vt 0.190114 0.733879
vt 0.185323 0.733879
vt 0.171293 0.739856
vt 0.176085 0.739856
vt 0.190114 0.731179
vt 0.185323 0.731179
vt 0.171293 0.742903
vt 0.176085 0.742903
vt 0.190114 0.728812
vt 0.185323 0.728812
vt 0.171293 0.745832
vt 0.176085 0.745832
vt 0.743284 0.591363
vt 0.743262 0.588996
vt 0.748053 0.588996
vt 0.748075 0.591363
vt 0.171293 0.748533
vt 0.176085 0.748533
vt 0.743301 0.594063
vt 0.748092 0.594063
vt 0.743674 0.654371
vt 0.743669 0.657418
vt 0.738878 0.657418
vt 0.738884 0.654371
vt 0.171293 0.750899
vt 0.176085 0.750899
vt 0.743311 0.596993
vt 0.748102 0.596993
vt 0.743692 0.651442
vt 0.738901 0.651442
vt 0.743719 0.666095
vt 0.743757 0.668462
vt 0.738966 0.668462
vt 0.738929 0.666095
vt 0.743314 0.600040
vt 0.748105 0.600040
vt 0.743719 0.648741
vt 0.738929 0.648741
vt 0.743692 0.663395
vt 0.738901 0.663395
vt 0.743311 0.603087
vt 0.748102 0.603087
vt 0.743757 0.646375
vt 0.738966 0.646375
vt 0.743674 0.660465
vt 0.738884 0.660465
vt 0.743301 0.606017
vt 0.748092 0.606017
vt 0.190114 0.748533
vt 0.190114 0.750899
vt 0.185323 0.750899
vt 0.185323 0.748533
vt 0.743284 0.608717
vt 0.748075 0.608717
vt 0.190114 0.745832
vt 0.185323 0.745832
vt 0.743262 0.611083
vt 0.748053 0.611083
vt 0.190114 0.742903
vt 0.185323 0.742903
vt 0.171293 0.728812
vt 0.176085 0.728812
vt 0.696083 0.715131
vt 0.695594 0.712676
vt 0.698319 0.711849
vt 0.698916 0.714852
vt 0.694636 0.710363
vt 0.697148 0.709021
vt 0.693246 0.708282
vt 0.695447 0.706475
vt 0.691476 0.706511
vt 0.693282 0.704310
vt 0.689394 0.705121
vt 0.690736 0.702609
vt 0.687081 0.704163
vt 0.687908 0.701437
vt 0.684626 0.703674
vt 0.684905 0.700840
vt 0.682123 0.703674
vt 0.681844 0.700840
vt 0.679668 0.704163
vt 0.678841 0.701437
vt 0.677355 0.705121
vt 0.676013 0.702609
vt 0.675274 0.706511
vt 0.673468 0.704310
vt 0.673504 0.708282
vt 0.671303 0.706475
vt 0.672113 0.710363
vt 0.669602 0.709021
vt 0.671155 0.712676
vt 0.668430 0.711849
vt 0.670667 0.715131
vt 0.667833 0.714852
vt 0.670667 0.717635
vt 0.667833 0.717914
vt 0.671155 0.720090
vt 0.668431 0.720917
vt 0.672113 0.722403
vt 0.669602 0.723745
vt 0.673504 0.724484
vt 0.671303 0.726291
vt 0.675274 0.726254
vt 0.673468 0.728456
vt 0.677356 0.727645
vt 0.676013 0.730157
vt 0.679668 0.728603
vt 0.678842 0.731328
vt 0.682123 0.729092
vt 0.681844 0.731926
vt 0.684627 0.729092
vt 0.684906 0.731926
vt 0.687082 0.728603
vt 0.687908 0.731328
vt 0.689394 0.727645
vt 0.690737 0.730157
vt 0.691476 0.726254
vt 0.693282 0.728456
vt 0.693246 0.724484
vt 0.695447 0.726291
vt 0.694636 0.722403
vt 0.697148 0.723745
vt 0.695594 0.720090
vt 0.698319 0.720917
vt 0.696083 0.717635
vt 0.698916 0.717914
vt 0.130518 0.733210
vt 0.130518 0.731625
vt 0.136460 0.731625
vt 0.136460 0.733210
vt 0.717221 0.646375
vt 0.717203 0.648310
vt 0.708633 0.648310
vt 0.708651 0.646375
vt 0.717181 0.657896
vt 0.717189 0.660291
vt 0.708620 0.660291
vt 0.708612 0.657896
vt 0.045448 0.690646
vt 0.054016 0.690646
vt 0.722793 0.520743
vt 0.722793 0.522678
vt 0.714223 0.522678
vt 0.714223 0.520743
vt 0.717178 0.655404
vt 0.708609 0.655405
vt 0.045425 0.692854
vt 0.053993 0.692854
vt 0.722793 0.518535
vt 0.714223 0.518535
vt 0.045394 0.694789
vt 0.053963 0.694789
vt 0.722793 0.516139
vt 0.714223 0.516139
vt 0.372932 0.708221
vt 0.372932 0.706285
vt 0.381502 0.706285
vt 0.381502 0.708221
vt 0.722793 0.513648
vt 0.714223 0.513648
vt 0.372932 0.710428
vt 0.381502 0.710428
vt 0.722793 0.511157
vt 0.714223 0.511157
vt 0.372932 0.712824
vt 0.381502 0.712824
vt 0.722793 0.508761
vt 0.714223 0.508761
vt 0.372932 0.715315
vt 0.381502 0.715315
vt 0.722793 0.506553
vt 0.714223 0.506553
vt 0.372932 0.717807
vt 0.381502 0.717807
vt 0.722793 0.504618
vt 0.714223 0.504618
vt 0.372932 0.720202
vt 0.381502 0.720202
vt 0.045425 0.678664
vt 0.045394 0.676729
vt 0.053963 0.676729
vt 0.053993 0.678664
vt 0.372932 0.722410
vt 0.381502 0.722410
vt 0.045448 0.680872
vt 0.054016 0.680872
vt 0.717181 0.652913
vt 0.708612 0.652913
vt 0.372932 0.724345
vt 0.381502 0.724345
vt 0.045462 0.683267
vt 0.054030 0.683267
vt 0.717189 0.650518
vt 0.708620 0.650518
vt 0.717203 0.662499
vt 0.717221 0.664434
vt 0.708651 0.664434
vt 0.708633 0.662499
vt 0.729724 0.562891
vt 0.729401 0.561267
vt 0.733536 0.560013
vt 0.734025 0.562468
vt 0.728767 0.559737
vt 0.732578 0.557700
vt 0.727847 0.558360
vt 0.731188 0.555618
vt 0.726676 0.557189
vt 0.729418 0.553848
vt 0.725299 0.556268
vt 0.727336 0.552457
vt 0.723769 0.555635
vt 0.725024 0.551499
vt 0.722145 0.555311
vt 0.722568 0.551011
vt 0.720489 0.555311
vt 0.720065 0.551011
vt 0.718864 0.555634
vt 0.717610 0.551499
vt 0.717334 0.556268
vt 0.715297 0.552457
vt 0.715957 0.557188
vt 0.713216 0.553848
vt 0.714786 0.558360
vt 0.711446 0.555618
vt 0.713866 0.559737
vt 0.710055 0.557699
vt 0.713232 0.561267
vt 0.709097 0.560012
vt 0.712909 0.562891
vt 0.708609 0.562468
vt 0.712909 0.564547
vt 0.708609 0.564971
vt 0.713232 0.566172
vt 0.709097 0.567426
vt 0.713866 0.567702
vt 0.710055 0.569739
vt 0.714786 0.569079
vt 0.711446 0.571821
vt 0.715957 0.570250
vt 0.713216 0.573591
vt 0.717334 0.571170
vt 0.715297 0.574982
vt 0.718864 0.571804
vt 0.717610 0.575940
vt 0.720489 0.572127
vt 0.720065 0.576428
vt 0.722145 0.572127
vt 0.722568 0.576428
vt 0.723769 0.571804
vt 0.725023 0.575940
vt 0.725299 0.571171
vt 0.727336 0.574982
vt 0.726676 0.570250
vt 0.729417 0.573591
vt 0.727847 0.569079
vt 0.731188 0.571821
vt 0.728767 0.567702
vt 0.732578 0.569739
vt 0.729401 0.566172
vt 0.733536 0.567427
vt 0.729724 0.564548
vt 0.734025 0.564971
vt 0.467879 0.655842
vt 0.468513 0.657372
vt 0.468836 0.658997
vt 0.468836 0.660653
vt 0.468513 0.662277
vt 0.467879 0.663808
vt 0.466959 0.665185
vt 0.465788 0.666356
vt 0.464411 0.667276
vt 0.462881 0.667910
vt 0.461256 0.668233
vt 0.459600 0.668233
vt 0.457976 0.667910
vt 0.456446 0.667276
vt 0.455069 0.666355
vt 0.453898 0.665184
vt 0.452978 0.663807
vt 0.452344 0.662277
vt 0.452021 0.660653
vt 0.452021 0.658996
vt 0.452344 0.657372
vt 0.452978 0.655842
vt 0.453898 0.654465
vt 0.455069 0.653294
vt 0.456446 0.652374
vt 0.457976 0.651740
vt 0.459600 0.651417
vt 0.461256 0.651417
vt 0.462881 0.651740
vt 0.464411 0.652374
vt 0.465788 0.653294
vt 0.466959 0.654465
vt 0.151640 0.731625
vt 0.151640 0.733210
vt 0.145698 0.733210
vt 0.145698 0.731625
vt 0.130518 0.734858
vt 0.136460 0.734858
vt 0.151640 0.730164
vt 0.145698 0.730164
vt 0.130518 0.736506
vt 0.136460 0.736506
vt 0.151640 0.728884
vt 0.145698 0.728884
vt 0.130518 0.738091
vt 0.136460 0.738091
vt 0.291393 0.730093
vt 0.291381 0.728813
vt 0.297323 0.728813
vt 0.297335 0.730093
vt 0.130518 0.739552
vt 0.136460 0.739552
vt 0.291402 0.731554
vt 0.297344 0.731554
vt 0.441362 0.733137
vt 0.441359 0.734786
vt 0.435418 0.734786
vt 0.435421 0.733137
vt 0.130518 0.740832
vt 0.136460 0.740832
vt 0.291407 0.733139
vt 0.297349 0.733139
vt 0.441371 0.731552
vt 0.435430 0.731552
vt 0.441386 0.739479
vt 0.441406 0.740760
vt 0.435465 0.740760
vt 0.435445 0.739479
vt 0.291409 0.734787
vt 0.297351 0.734787
vt 0.441386 0.730092
vt 0.435445 0.730092
vt 0.441371 0.738019
vt 0.435430 0.738019
vt 0.291407 0.736435
vt 0.297349 0.736435
vt 0.441406 0.728811
vt 0.435465 0.728811
vt 0.441362 0.736434
vt 0.435421 0.736434
vt 0.291402 0.738020
vt 0.297344 0.738020
vt 0.151640 0.739552
vt 0.151640 0.740832
vt 0.145698 0.740832
vt 0.145698 0.739552
vt 0.291393 0.739481
vt 0.297335 0.739481
vt 0.151640 0.738091
vt 0.145698 0.738091
vt 0.291381 0.740761
vt 0.297323 0.740761
vt 0.151640 0.736506
vt 0.145698 0.736506
vt 0.130518 0.730164
vt 0.130518 0.728884
vt 0.136460 0.728884
vt 0.136460 0.730164
vt 0.151640 0.734858
vt 0.145698 0.734858
vt 0.146287 0.679061
vt 0.146287 0.719646
vt 0.141936 0.719641
vt 0.141936 0.679057
vt 0.137753 0.719627
vt 0.137753 0.679042
vt 0.133897 0.719603
vt 0.133897 0.679019
vt 0.130518 0.719572
vt 0.130518 0.678987
vt 0.430011 0.678987
vt 0.430011 0.719574
vt 0.426632 0.719574
vt 0.426632 0.678987
vt 0.422776 0.719574
vt 0.422776 0.678987
vt 0.418593 0.719574
vt 0.418593 0.678987
vt 0.414242 0.719574
vt 0.414242 0.678987
vt 0.409892 0.719574
vt 0.409892 0.678987
vt 0.405708 0.719574
vt 0.405708 0.678987
vt 0.401853 0.719574
vt 0.401853 0.678987
vt 0.398473 0.719574
vt 0.398473 0.678987
vt 0.699371 0.551011
vt 0.699371 0.591590
vt 0.695992 0.591644
vt 0.695992 0.551064
vt 0.692136 0.591684
vt 0.692136 0.551104
vt 0.687953 0.591708
vt 0.687953 0.551128
vt 0.683602 0.591716
vt 0.683602 0.551136
vt 0.679252 0.591708
vt 0.679252 0.551128
vt 0.675068 0.591684
vt 0.675068 0.551104
vt 0.671213 0.591644
vt 0.671213 0.551064
vt 0.667833 0.591590
vt 0.667833 0.551011
vt 0.439249 0.719574
vt 0.439249 0.678986
vt 0.442628 0.678986
vt 0.442628 0.719574
vt 0.446484 0.678986
vt 0.446484 0.719574
vt 0.450667 0.678986
vt 0.450667 0.719574
vt 0.455018 0.678986
vt 0.455018 0.719574
vt 0.459369 0.678987
vt 0.459369 0.719574
vt 0.463552 0.678987
vt 0.463552 0.719574
vt 0.467407 0.678987
vt 0.467407 0.719574
vt 0.470787 0.678987
vt 0.470787 0.719574
vt 0.162056 0.678987
vt 0.162056 0.719572
vt 0.158676 0.719603
vt 0.158676 0.679019
vt 0.154821 0.719627
vt 0.154821 0.679042
vt 0.748537 0.714040
vt 0.748533 0.710398
vt 0.751610 0.710398
vt 0.751614 0.714040
vt 0.150637 0.719641
vt 0.150637 0.679057
vt 0.398475 0.645370
vt 0.399328 0.641083
vt 0.400999 0.637044
vt 0.403425 0.633409
vt 0.406512 0.630318
vt 0.410141 0.627889
vt 0.414173 0.626216
vt 0.418454 0.625363
vt 0.422818 0.625363
vt 0.427098 0.626216
vt 0.431129 0.627889
vt 0.434757 0.630318
vt 0.437841 0.633409
vt 0.440265 0.637044
vt 0.441933 0.641083
vt 0.442783 0.645370
vt 0.442782 0.649742
vt 0.441929 0.654029
vt 0.440258 0.658068
vt 0.437832 0.661703
vt 0.434745 0.664794
vt 0.431116 0.667223
vt 0.427083 0.668896
vt 0.422803 0.669749
vt 0.418439 0.669749
vt 0.414159 0.668896
vt 0.410128 0.667223
vt 0.406500 0.664795
vt 0.403415 0.661703
vt 0.400992 0.658068
vt 0.399323 0.654030
vt 0.398473 0.649742
vt 0.278528 0.645727
vt 0.277814 0.642138
vt 0.281291 0.641083
vt 0.282143 0.645371
vt 0.276414 0.638757
vt 0.279618 0.637044
vt 0.274381 0.635714
vt 0.277189 0.633409
vt 0.271793 0.633126
vt 0.274098 0.630318
vt 0.268751 0.631093
vt 0.270463 0.627889
vt 0.265370 0.629693
vt 0.266425 0.626216
vt 0.261781 0.628979
vt 0.262137 0.625363
vt 0.258122 0.628979
vt 0.257766 0.625363
vt 0.254533 0.629693
vt 0.253478 0.626216
vt 0.251152 0.631093
vt 0.249440 0.627889
vt 0.248110 0.633126
vt 0.245805 0.630318
vt 0.245523 0.635714
vt 0.242714 0.633409
vt 0.243490 0.638757
vt 0.240286 0.637044
vt 0.242089 0.642137
vt 0.238613 0.641083
vt 0.241376 0.645727
vt 0.237760 0.645370
vt 0.241376 0.649386
vt 0.237760 0.649742
vt 0.242089 0.652975
vt 0.238613 0.654030
vt 0.243490 0.656356
vt 0.240286 0.658069
vt 0.245523 0.659399
vt 0.242714 0.661704
vt 0.248110 0.661986
vt 0.245806 0.664795
vt 0.251153 0.664019
vt 0.249440 0.667224
vt 0.254533 0.665420
vt 0.253479 0.668897
vt 0.258122 0.666134
vt 0.257766 0.669750
vt 0.261782 0.666134
vt 0.262138 0.669750
vt 0.265370 0.665420
vt 0.266425 0.668897
vt 0.268751 0.664020
vt 0.270464 0.667224
vt 0.271794 0.661986
vt 0.274098 0.664795
vt 0.274381 0.659399
vt 0.277189 0.661704
vt 0.276414 0.656356
vt 0.279618 0.658069
vt 0.277814 0.652975
vt 0.281291 0.654030
vt 0.278528 0.649386
vt 0.282143 0.649742
vt 0.199352 0.733879
vt 0.199352 0.731179
vt 0.204143 0.731179
vt 0.204143 0.733879
vt 0.729596 0.649203
vt 0.729562 0.652431
vt 0.726486 0.652431
vt 0.726519 0.649203
vt 0.729562 0.666718
vt 0.729596 0.669946
vt 0.726519 0.669946
vt 0.726486 0.666718
vt 0.748533 0.717682
vt 0.751610 0.717682
vt 0.729640 0.646375
vt 0.726564 0.646375
vt 0.729542 0.663216
vt 0.726465 0.663216
vt 0.748521 0.721184
vt 0.751598 0.721184
vt 0.413865 0.752382
vt 0.413865 0.755211
vt 0.410788 0.755211
vt 0.410788 0.752382
vt 0.729535 0.659575
vt 0.726458 0.659575
vt 0.748501 0.724411
vt 0.751578 0.724411
vt 0.413865 0.749155
vt 0.410788 0.749155
vt 0.748475 0.727240
vt 0.751552 0.727240
vt 0.413865 0.745653
vt 0.410788 0.745653
vt 0.423103 0.731640
vt 0.423103 0.728811
vt 0.426180 0.728811
vt 0.426180 0.731640
vt 0.413865 0.742011
vt 0.410788 0.742011
vt 0.423103 0.734868
vt 0.426180 0.734868
vt 0.413865 0.738369
vt 0.410788 0.738369
vt 0.423103 0.738369
vt 0.426180 0.738369
vt 0.413865 0.734868
vt 0.410788 0.734868
vt 0.423103 0.742011
vt 0.426180 0.742011
vt 0.413865 0.731640
vt 0.410788 0.731640
vt 0.423103 0.745653
vt 0.426180 0.745653
vt 0.413865 0.728811
vt 0.410788 0.728811
vt 0.423103 0.749155
vt 0.426180 0.749155
vt 0.748501 0.703669
vt 0.748475 0.700840
vt 0.751552 0.700840
vt 0.751578 0.703669
vt 0.423103 0.752382
vt 0.426180 0.752382
vt 0.748521 0.706896
vt 0.751598 0.706896
vt 0.729542 0.655933
vt 0.726465 0.655933
vt 0.423103 0.755211
vt 0.426180 0.755211
vt 0.729640 0.672774
vt 0.726564 0.672774
vt 0.101729 0.647384
vt 0.101131 0.644381
vt 0.104049 0.643496
vt 0.104763 0.647085
vt 0.099960 0.641552
vt 0.102649 0.640115
vt 0.098259 0.639007
vt 0.100616 0.637072
vt 0.096094 0.636842
vt 0.098028 0.634484
vt 0.093548 0.635141
vt 0.094986 0.632451
vt 0.090720 0.633969
vt 0.091605 0.631051
vt 0.087717 0.633372
vt 0.088016 0.630337
vt 0.084656 0.633372
vt 0.084357 0.630337
vt 0.081653 0.633969
vt 0.080768 0.631051
vt 0.078825 0.635141
vt 0.077388 0.632451
vt 0.076280 0.636842
vt 0.074345 0.634485
vt 0.074115 0.639007
vt 0.071758 0.637072
vt 0.072414 0.641552
vt 0.069725 0.640115
vt 0.071243 0.644381
vt 0.068325 0.643496
vt 0.070645 0.647384
vt 0.067611 0.647085
vt 0.070645 0.650445
vt 0.067611 0.650744
vt 0.071243 0.653448
vt 0.068325 0.654333
vt 0.072414 0.656277
vt 0.069725 0.657714
vt 0.074115 0.658822
vt 0.071758 0.660757
vt 0.076280 0.660987
vt 0.074346 0.663345
vt 0.078826 0.662688
vt 0.077388 0.665378
vt 0.081654 0.663860
vt 0.080769 0.666778
vt 0.084657 0.664457
vt 0.084358 0.667492
vt 0.087718 0.664457
vt 0.088017 0.667492
vt 0.090721 0.663860
vt 0.091606 0.666778
vt 0.093549 0.662688
vt 0.094986 0.665378
vt 0.096094 0.660987
vt 0.098029 0.663345
vt 0.098259 0.658822
vt 0.100616 0.660757
vt 0.099960 0.656277
vt 0.102649 0.657714
vt 0.101131 0.653448
vt 0.104049 0.654333
vt 0.101729 0.650445
vt 0.104763 0.650744
vt 0.373000 0.690509
vt 0.373004 0.688018
vt 0.381573 0.688018
vt 0.381568 0.690509
vt 0.218173 0.736809
vt 0.218173 0.739856
vt 0.213381 0.739856
vt 0.213381 0.736809
vt 0.199352 0.736809
vt 0.204143 0.736809
vt 0.218173 0.733879
vt 0.213381 0.733879
vt 0.199352 0.739856
vt 0.204143 0.739856
vt 0.218173 0.731179
vt 0.213381 0.731179
vt 0.199352 0.742903
vt 0.204143 0.742903
vt 0.218173 0.728812
vt 0.213381 0.728812
vt 0.199352 0.745832
vt 0.204143 0.745832
vt 0.004641 0.728992
vt 0.004619 0.726625
vt 0.009410 0.726625
vt 0.009432 0.728992
vt 0.199352 0.748533
vt 0.204143 0.748533
vt 0.004657 0.731692
vt 0.009448 0.731692
vt 0.748059 0.559007
vt 0.748053 0.562054
vt 0.743262 0.562054
vt 0.743268 0.559007
vt 0.199352 0.750899
vt 0.204143 0.750899
vt 0.004667 0.734622
vt 0.009459 0.734622
vt 0.748076 0.556078
vt 0.743285 0.556078
vt 0.748104 0.570731
vt 0.748141 0.573098
vt 0.743350 0.573098
vt 0.743313 0.570731
vt 0.004671 0.737669
vt 0.009462 0.737669
vt 0.748104 0.553377
vt 0.743313 0.553377
vt 0.748076 0.568031
vt 0.743285 0.568031
vt 0.004667 0.740716
vt 0.009459 0.740716
vt 0.748141 0.551011
vt 0.743350 0.551011
vt 0.748059 0.565101
vt 0.743268 0.565101
vt 0.004657 0.743646
vt 0.009448 0.743646
vt 0.218173 0.748533
vt 0.218173 0.750899
vt 0.213381 0.750899
vt 0.213381 0.748533
vt 0.004641 0.746346
vt 0.009432 0.746346
vt 0.218173 0.745832
vt 0.213381 0.745832
vt 0.004619 0.748712
vt 0.009410 0.748712
vt 0.218173 0.742903
vt 0.213381 0.742903
vt 0.199352 0.728812
vt 0.204143 0.728812
vt 0.736404 0.717635
vt 0.736404 0.715131
vt 0.739237 0.714852
vt 0.739237 0.717914
vt 0.735915 0.712676
vt 0.738640 0.711849
vt 0.734957 0.710363
vt 0.737469 0.709021
vt 0.733567 0.708282
vt 0.735768 0.706475
vt 0.731797 0.706511
vt 0.733603 0.704310
vt 0.729715 0.705121
vt 0.731058 0.702609
vt 0.727403 0.704163
vt 0.728229 0.701438
vt 0.724948 0.703674
vt 0.725227 0.700840
vt 0.722444 0.703674
vt 0.722165 0.700840
vt 0.719989 0.704163
vt 0.719163 0.701438
vt 0.717677 0.705121
vt 0.716334 0.702609
vt 0.715595 0.706511
vt 0.713789 0.704310
vt 0.713825 0.708282
vt 0.711624 0.706475
vt 0.712434 0.710363
vt 0.709923 0.709021
vt 0.711476 0.712676
vt 0.708752 0.711849
vt 0.710988 0.715131
vt 0.708154 0.714852
vt 0.710988 0.717635
vt 0.708154 0.717914
vt 0.711476 0.720090
vt 0.708751 0.720917
vt 0.712434 0.722403
vt 0.709923 0.723745
vt 0.713825 0.724484
vt 0.711624 0.726291
vt 0.715595 0.726255
vt 0.713789 0.728456
vt 0.717676 0.727645
vt 0.716334 0.730157
vt 0.719989 0.728603
vt 0.719162 0.731328
vt 0.722444 0.729092
vt 0.722165 0.731926
vt 0.724947 0.729092
vt 0.725226 0.731926
vt 0.727402 0.728603
vt 0.728229 0.731328
vt 0.729715 0.727645
vt 0.731057 0.730157
vt 0.731797 0.726255
vt 0.733603 0.728456
vt 0.733567 0.724484
vt 0.735768 0.726291
vt 0.734957 0.722403
vt 0.737469 0.723745
vt 0.735915 0.720090
vt 0.738640 0.720917
vt 0.306588 0.733139
vt 0.306588 0.731554
vt 0.312531 0.731554
vt 0.312531 0.733139
vt 0.054006 0.704026
vt 0.053988 0.705961
vt 0.045419 0.705961
vt 0.045437 0.704026
vt 0.053967 0.715548
vt 0.053975 0.717943
vt 0.045405 0.717943
vt 0.045397 0.715548
vt 0.372986 0.692905
vt 0.381554 0.692905
vt 0.261415 0.729767
vt 0.261415 0.731702
vt 0.252845 0.731702
vt 0.252845 0.729767
vt 0.053964 0.713056
vt 0.045394 0.713056
vt 0.372963 0.695113
vt 0.381531 0.695113
vt 0.261415 0.727559
vt 0.252845 0.727559
vt 0.372932 0.697048
vt 0.381501 0.697048
vt 0.261415 0.725164
vt 0.252845 0.725164
vt 0.270652 0.715578
vt 0.270652 0.713642
vt 0.279222 0.713642
vt 0.279222 0.715578
vt 0.261415 0.722672
vt 0.252845 0.722672
vt 0.270652 0.717785
vt 0.279222 0.717785
vt 0.261415 0.720181
vt 0.252845 0.720181
vt 0.270652 0.720181
vt 0.279222 0.720181
vt 0.261415 0.717785
vt 0.252845 0.717785
vt 0.270652 0.722672
vt 0.279222 0.722672
vt 0.261415 0.715578
vt 0.252845 0.715578
vt 0.270652 0.725164
vt 0.279222 0.725164
vt 0.261415 0.713642
vt 0.252845 0.713642
vt 0.270652 0.727559
vt 0.279222 0.727559
vt 0.372963 0.680923
vt 0.372932 0.678988
vt 0.381501 0.678988
vt 0.381531 0.680923
vt 0.270652 0.729767
vt 0.279222 0.729767
vt 0.372986 0.683131
vt 0.381554 0.683131
vt 0.053967 0.710565
vt 0.045397 0.710565
vt 0.270652 0.731702
vt 0.279222 0.731702
vt 0.373000 0.685527
vt 0.381568 0.685527
vt 0.053975 0.708169
vt 0.045405 0.708169
vt 0.053988 0.720151
vt 0.054006 0.722086
vt 0.045437 0.722086
vt 0.045419 0.720151
vt 0.729724 0.597546
vt 0.729401 0.595922
vt 0.733536 0.594668
vt 0.734025 0.597123
vt 0.728767 0.594392
vt 0.732578 0.592355
vt 0.727847 0.593015
vt 0.731187 0.590273
vt 0.726676 0.591844
vt 0.729417 0.588503
vt 0.725299 0.590923
vt 0.727336 0.587112
vt 0.723769 0.590290
vt 0.725023 0.586154
vt 0.722145 0.589966
vt 0.722568 0.585666
vt 0.720489 0.589966
vt 0.720065 0.585666
vt 0.718864 0.590290
vt 0.717610 0.586154
vt 0.717334 0.590923
vt 0.715297 0.587112
vt 0.715957 0.591844
vt 0.713216 0.588503
vt 0.714786 0.593015
vt 0.711446 0.590273
vt 0.713866 0.594392
vt 0.710055 0.592355
vt 0.713232 0.595922
vt 0.709097 0.594667
vt 0.712909 0.597546
vt 0.708609 0.597123
vt 0.712909 0.599203
vt 0.708609 0.599626
vt 0.713232 0.600827
vt 0.709097 0.602081
vt 0.713866 0.602357
vt 0.710055 0.604394
vt 0.714786 0.603734
vt 0.711446 0.606476
vt 0.715957 0.604905
vt 0.713216 0.608246
vt 0.717335 0.605826
vt 0.715298 0.609637
vt 0.718865 0.606459
vt 0.717610 0.610595
vt 0.720489 0.606783
vt 0.720065 0.611083
vt 0.722145 0.606783
vt 0.722569 0.611083
vt 0.723769 0.606459
vt 0.725024 0.610595
vt 0.725299 0.605826
vt 0.727336 0.609637
vt 0.726676 0.604905
vt 0.729418 0.608246
vt 0.727847 0.603734
vt 0.731188 0.606476
vt 0.728767 0.602357
vt 0.732578 0.604394
vt 0.729401 0.600827
vt 0.733536 0.602082
vt 0.729724 0.599203
vt 0.734025 0.599626
vt 0.725101 0.626276
vt 0.725424 0.627901
vt 0.725424 0.629557
vt 0.725101 0.631181
vt 0.724467 0.632712
vt 0.723547 0.634089
vt 0.722376 0.635260
vt 0.720999 0.636180
vt 0.719469 0.636814
vt 0.717845 0.637137
vt 0.716188 0.637137
vt 0.714564 0.636814
vt 0.713034 0.636180
vt 0.711657 0.635260
vt 0.710486 0.634089
vt 0.709566 0.632712
vt 0.708932 0.631181
vt 0.708609 0.629557
vt 0.708609 0.627901
vt 0.708932 0.626276
vt 0.709566 0.624746
vt 0.710486 0.623369
vt 0.711657 0.622198
vt 0.713034 0.621278
vt 0.714564 0.620644
vt 0.716188 0.620321
vt 0.717844 0.620321
vt 0.719469 0.620644
vt 0.720999 0.621278
vt 0.722376 0.622198
vt 0.723547 0.623369
vt 0.724467 0.624746
vt 0.327710 0.731554
vt 0.327710 0.733139
vt 0.321768 0.733139
vt 0.321768 0.731554
vt 0.306588 0.734787
vt 0.312531 0.734787
vt 0.327710 0.730093
vt 0.321768 0.730093
vt 0.306588 0.736435
vt 0.312531 0.736435
vt 0.327710 0.728813
vt 0.321768 0.728813
vt 0.306588 0.738020
vt 0.312531 0.738020
vt 0.450656 0.730092
vt 0.450644 0.728811
vt 0.456585 0.728811
vt 0.456597 0.730092
vt 0.306588 0.739481
vt 0.312531 0.739481
vt 0.450665 0.731552
vt 0.456606 0.731552
vt 0.740605 0.624647
vt 0.740602 0.626295
vt 0.734661 0.626295
vt 0.734664 0.624647
vt 0.306588 0.740761
vt 0.312531 0.740761
vt 0.450670 0.733137
vt 0.456612 0.733137
vt 0.740615 0.623062
vt 0.734674 0.623062
vt 0.740630 0.630989
vt 0.740650 0.632269
vt 0.734709 0.632269
vt 0.734689 0.630989
vt 0.450672 0.734786
vt 0.456614 0.734786
vt 0.740630 0.621601
vt 0.734689 0.621601
vt 0.740615 0.629528
vt 0.734674 0.629528
vt 0.450670 0.736434
vt 0.456612 0.736434
vt 0.740650 0.620321
vt 0.734709 0.620321
vt 0.740605 0.627943
vt 0.734664 0.627943
vt 0.450665 0.738019
vt 0.456606 0.738019
vt 0.327710 0.739481
vt 0.327710 0.740761
vt 0.321768 0.740761
vt 0.321768 0.739481
vt 0.450656 0.739479
vt 0.456597 0.739479
vt 0.327710 0.738020
vt 0.321768 0.738020
vt 0.450644 0.740760
vt 0.456585 0.740760
vt 0.327710 0.736435
vt 0.321768 0.736435
vt 0.306588 0.730093
vt 0.306588 0.728813
vt 0.312531 0.728813
vt 0.312531 0.730093
vt 0.327710 0.734787
vt 0.321768 0.734787
s 1
usemtl трубочки
f 1/1/1 2/2/2 4/3/4 3/4/3
f 3/4/3 4/3/4 6/5/6 5/6/5
f 5/6/5 6/5/6 8/7/8 7/8/7
f 7/8/7 8/7/8 10/9/10 9/10/9
f 9/11/9 10/12/10 12/13/12 11/14/11
f 11/14/11 12/13/12 14/15/14 13/16/13
f 13/16/13 14/15/14 16/17/16 15/18/15
f 15/18/15 16/17/16 18/19/18 17/20/17
f 17/20/17 18/19/18 20/21/20 19/22/19
f 19/22/19 20/21/20 22/23/22 21/24/21
f 21/24/21 22/23/22 24/25/24 23/26/23
f 23/26/23 24/25/24 26/27/26 25/28/25
f 25/29/25 26/30/26 28/31/28 27/32/27
f 27/32/27 28/31/28 30/33/30 29/34/29
f 29/34/29 30/33/30 32/35/32 31/36/31
f 31/36/31 32/35/32 34/37/34 33/38/33
f 33/38/33 34/37/34 36/39/36 35/40/35
f 35/40/35 36/39/36 38/41/38 37/42/37
f 37/42/37 38/41/38 40/43/40 39/44/39
f 39/44/39 40/43/40 42/45/42 41/46/41
f 41/47/41 42/48/42 44/49/44 43/50/43
f 43/50/43 44/49/44 46/51/46 45/52/45
f 45/52/45 46/51/46 48/53/48 47/54/47
f 47/54/47 48/53/48 50/55/50 49/56/49
f 49/56/49 50/55/50 52/57/52 51/58/51
f 51/58/51 52/57/52 54/59/54 53/60/53
f 53/60/53 54/59/54 56/61/56 55/62/55
f 55/62/55 56/61/56 58/63/58 57/64/57
f 57/65/57 58/66/58 60/67/60 59/68/59
f 59/68/59 60/67/60 62/69/62 61/70/61
f 12/13/12 10/12/10 69/71/69 70/72/70
f 61/70/61 62/69/62 64/73/64 63/74/63
f 63/74/63 64/73/64 2/2/2 1/1/1
f 1/75/1 3/76/3 5/77/5 7/78/7 9/79/9 11/80/11 13/81/13 15/82/15 17/83/17 19/84/19 21/85/21 23/86/23 25/87/25 27/88/27 29/89/29 31/90/31 33/91/33 35/92/35 37/93/37 39/94/39 41/95/41 43/96/43 45/97/45 47/98/47 49/99/49 51/100/51 53/101/53 55/102/55 57/103/57 59/104/59 61/105/61 63/106/63
f 83/107/83 82/108/82 114/109/114 115/110/115
f 30/33/30 28/31/28 78/111/78 79/112/79
f 48/53/48 46/51/46 87/113/87 88/114/88
f 4/3/4 2/2/2 66/115/66 65/116/65
f 2/2/2 64/73/64 96/117/96 66/115/66
f 22/23/22 20/21/20 74/118/74 75/119/75
f 40/43/40 38/41/38 83/107/83 84/120/84
f 58/63/58 56/61/56 92/121/92 93/122/93
f 14/15/14 12/13/12 70/72/70 71/123/71
f 32/35/32 30/33/30 79/112/79 80/124/80
f 50/55/50 48/53/48 88/114/88 89/125/89
f 6/5/6 4/3/4 65/116/65 67/126/67
f 24/25/24 22/23/22 75/119/75 76/127/76
f 42/45/42 40/43/40 84/120/84 85/128/85
f 60/67/60 58/66/58 93/129/93 94/130/94
f 16/17/16 14/15/14 71/123/71 72/131/72
f 34/37/34 32/35/32 80/124/80 81/132/81
f 52/57/52 50/55/50 89/125/89 90/133/90
f 8/7/8 6/5/6 67/126/67 68/134/68
f 26/27/26 24/25/24 76/127/76 77/135/77
f 44/49/44 42/48/42 85/136/85 86/137/86
f 62/69/62 60/67/60 94/130/94 95/138/95
f 18/19/18 16/17/16 72/131/72 73/139/73
f 36/39/36 34/37/34 81/132/81 82/108/82
f 54/59/54 52/57/52 90/133/90 91/140/91
f 10/9/10 8/7/8 68/134/68 69/141/69
f 28/31/28 26/30/26 77/142/77 78/111/78
f 46/51/46 44/49/44 86/137/86 87/113/87
f 64/73/64 62/69/62 95/138/95 96/117/96
f 20/21/20 18/19/18 73/139/73 74/118/74
f 38/41/38 36/39/36 82/108/82 83/107/83
f 56/61/56 54/59/54 91/140/91 92/121/92
f 118/143/118 117/144/117 149/145/149 150/146/150
f 70/72/70 69/71/69 101/147/101 102/148/102
f 66/115/66 96/117/96 128/149/128 98/150/98
f 84/120/84 83/107/83 115/110/115 116/151/116
f 71/123/71 70/72/70 102/148/102 103/152/103
f 85/128/85 84/120/84 116/151/116 117/153/117
f 72/131/72 71/123/71 103/152/103 104/154/104
f 86/137/86 85/136/85 117/144/117 118/143/118
f 73/139/73 72/131/72 104/154/104 105/155/105
f 87/113/87 86/137/86 118/143/118 119/156/119
f 74/118/74 73/139/73 105/155/105 106/157/106
f 88/114/88 87/113/87 119/156/119 120/158/120
f 75/119/75 74/118/74 106/157/106 107/159/107
f 89/125/89 88/114/88 120/158/120 121/160/121
f 76/127/76 75/119/75 107/159/107 108/161/108
f 90/133/90 89/125/89 121/160/121 122/162/122
f 77/135/77 76/127/76 108/161/108 109/163/109
f 91/140/91 90/133/90 122/162/122 123/164/123
f 78/111/78 77/142/77 109/165/109 110/166/110
f 92/121/92 91/140/91 123/164/123 124/167/124
f 79/112/79 78/111/78 110/166/110 111/168/111
f 65/116/65 66/115/66 98/150/98 97/169/97
f 93/122/93 92/121/92 124/167/124 125/170/125
f 80/124/80 79/112/79 111/168/111 112/171/112
f 67/126/67 65/116/65 97/169/97 99/172/99
f 94/130/94 93/129/93 125/173/125 126/174/126
f 81/175/81 80/176/80 112/177/112 113/178/113
f 68/134/68 67/126/67 99/172/99 100/179/100
f 95/138/95 94/130/94 126/174/126 127/180/127
f 82/181/82 81/175/81 113/178/113 114/182/114
f 69/141/69 68/134/68 100/179/100 101/183/101
f 96/117/96 95/138/95 127/180/127 128/149/128
f 153/184/153 152/185/152 184/186/184 185/187/185
f 105/155/105 104/154/104 136/188/136 137/189/137
f 119/156/119 118/143/118 150/146/150 151/190/151
f 106/157/106 105/155/105 137/189/137 138/191/138
f 120/158/120 119/156/119 151/190/151 152/185/152
f 107/159/107 106/157/106 138/191/138 139/192/139
f 121/160/121 120/158/120 152/185/152 153/184/153
f 108/161/108 107/159/107 139/192/139 140/193/140
f 122/162/122 121/160/121 153/184/153 154/194/154
f 109/163/109 108/161/108 140/193/140 141/195/141
f 123/164/123 122/162/122 154/194/154 155/196/155
f 110/166/110 109/165/109 141/197/141 142/198/142
f 124/167/124 123/164/123 155/196/155 156/199/156
f 111/168/111 110/166/110 142/198/142 143/200/143
f 97/169/97 98/150/98 130/201/130 129/202/129
f 125/170/125 124/167/124 156/199/156 157/203/157
f 112/171/112 111/168/111 143/200/143 144/204/144
f 99/172/99 97/169/97 129/202/129 131/205/131
f 126/174/126 125/173/125 157/206/157 158/207/158
f 113/208/113 112/209/112 144/210/144 145/211/145
f 100/179/100 99/172/99 131/205/131 132/212/132
f 127/180/127 126/174/126 158/207/158 159/213/159
f 114/109/114 113/214/113 145/215/145 146/216/146
f 101/183/101 100/179/100 132/212/132 133/217/133
f 128/149/128 127/180/127 159/213/159 160/218/160
f 115/110/115 114/109/114 146/216/146 147/219/147
f 102/148/102 101/147/101 133/220/133 134/221/134
f 98/150/98 128/149/128 160/218/160 130/201/130
f 116/151/116 115/110/115 147/219/147 148/222/148
f 103/152/103 102/148/102 134/221/134 135/223/135
f 117/153/117 116/151/116 148/222/148 149/224/149
f 104/154/104 103/152/103 135/223/135 136/188/136
f 188/225/188 187/226/187 219/227/219 220/228/220
f 140/193/140 139/192/139 171/229/171 172/230/172
f 154/194/154 153/184/153 185/187/185 186/231/186
f 141/195/141 140/193/140 172/230/172 173/232/173
f 155/196/155 154/194/154 186/231/186 187/226/187
f 142/198/142 141/197/141 173/233/173 174/234/174
f 156/199/156 155/196/155 187/226/187 188/225/188
f 143/200/143 142/198/142 174/234/174 175/235/175
f 129/202/129 130/201/130 162/236/162 161/237/161
f 157/203/157 156/199/156 188/225/188 189/238/189
f 144/204/144 143/200/143 175/235/175 176/239/176
f 131/205/131 129/202/129 161/237/161 163/240/163
f 158/207/158 157/206/157 189/241/189 190/242/190
f 145/243/145 144/244/144 176/245/176 177/246/177
f 132/212/132 131/205/131 163/240/163 164/247/164
f 159/213/159 158/207/158 190/242/190 191/248/191
f 146/249/146 145/243/145 177/246/177 178/250/178
f 133/217/133 132/212/132 164/247/164 165/251/165
f 160/218/160 159/213/159 191/248/191 192/252/192
f 147/219/147 146/216/146 178/253/178 179/254/179
f 134/221/134 133/220/133 165/255/165 166/256/166
f 130/201/130 160/218/160 192/252/192 162/236/162
f 148/222/148 147/219/147 179/254/179 180/257/180
f 135/223/135 134/221/134 166/256/166 167/258/167
f 149/224/149 148/222/148 180/257/180 181/259/181
f 136/188/136 135/223/135 167/258/167 168/260/168
f 150/146/150 149/145/149 181/261/181 182/262/182
f 137/189/137 136/188/136 168/260/168 169/263/169
f 151/190/151 150/146/150 182/262/182 183/264/183
f 138/191/138 137/189/137 169/263/169 170/265/170
f 152/185/152 151/190/151 183/264/183 184/186/184
f 139/192/139 138/191/138 170/265/170 171/229/171
f 196/266/196 195/267/195 227/268/227 228/269/228
f 175/235/175 174/234/174 206/270/206 207/271/207
f 161/237/161 162/236/162 194/272/194 193/273/193
f 189/238/189 188/225/188 220/228/220 221/274/221
f 176/239/176 175/235/175 207/271/207 208/275/208
f 163/240/163 161/237/161 193/273/193 195/276/195
f 190/277/190 189/238/189 221/274/221 222/278/222
f 177/279/177 176/280/176 208/281/208 209/282/209
f 164/247/164 163/240/163 195/276/195 196/283/196
f 191/248/191 190/242/190 222/284/222 223/285/223
f 178/286/178 177/279/177 209/282/209 210/287/210
f 165/255/165 164/288/164 196/289/196 197/290/197
f 192/252/192 191/248/191 223/285/223 224/291/224
f 179/254/179 178/253/178 210/292/210 211/293/211
f 166/256/166 165/255/165 197/290/197 198/294/198
f 162/236/162 192/252/192 224/291/224 194/272/194
f 180/257/180 179/254/179 211/293/211 212/295/212
f 167/258/167 166/256/166 198/294/198 199/296/199
f 181/261/181 180/297/180 212/298/212 213/299/213
f 168/260/168 167/258/167 199/296/199 200/300/200
f 182/262/182 181/261/181 213/299/213 214/301/214
f 169/263/169 168/260/168 200/300/200 201/302/201
f 183/264/183 182/262/182 214/301/214 215/303/215
f 170/265/170 169/263/169 201/302/201 202/304/202
f 184/186/184 183/264/183 215/303/215 216/305/216
f 171/229/171 170/265/170 202/304/202 203/306/203
f 185/187/185 184/186/184 216/305/216 217/307/217
f 172/230/172 171/229/171 203/306/203 204/308/204
f 186/231/186 185/187/185 217/307/217 218/309/218
f 173/232/173 172/230/172 204/308/204 205/310/205
f 187/226/187 186/231/186 218/309/218 219/227/219
f 174/311/174 173/232/173 205/310/205 206/312/206
f 231/313/231 230/314/230 262/315/262 263/316/263
f 223/317/223 222/318/222 254/319/254 255/320/255
f 210/321/210 209/322/209 241/323/241 242/324/242
f 197/290/197 196/289/196 228/325/228 229/326/229
f 224/327/224 223/317/223 255/320/255 256/328/256
f 211/329/211 210/330/210 242/331/242 243/332/243
f 198/294/198 197/290/197 229/326/229 230/314/230
f 194/333/194 224/327/224 256/328/256 226/334/226
f 212/335/212 211/329/211 243/332/243 244/336/244
f 199/296/199 198/294/198 230/314/230 231/313/231
f 213/299/213 212/298/212 244/337/244 245/338/245
f 200/300/200 199/296/199 231/313/231 232/339/232
f 214/301/214 213/299/213 245/338/245 246/340/246
f 201/302/201 200/300/200 232/339/232 233/341/233
f 215/303/215 214/301/214 246/340/246 247/342/247
f 202/304/202 201/302/201 233/341/233 234/343/234
f 216/305/216 215/303/215 247/342/247 248/344/248
f 203/306/203 202/304/202 234/343/234 235/345/235
f 217/307/217 216/305/216 248/344/248 249/346/249
f 204/308/204 203/306/203 235/345/235 236/347/236
f 218/309/218 217/307/217 249/346/249 250/348/250
f 205/310/205 204/308/204 236/347/236 237/349/237
f 219/227/219 218/309/218 250/348/250 251/350/251
f 206/312/206 205/310/205 237/349/237 238/351/238
f 220/228/220 219/227/219 251/350/251 252/352/252
f 207/353/207 206/354/206 238/355/238 239/356/239
f 193/357/193 194/333/194 226/334/226 225/358/225
f 221/274/221 220/228/220 252/352/252 253/359/253
f 208/360/208 207/353/207 239/356/239 240/361/240
f 195/267/195 193/357/193 225/358/225 227/268/227
f 222/278/222 221/274/221 253/359/253 254/362/254
f 209/322/209 208/363/208 240/364/240 241/323/241
f 266/365/266 265/366/265 297/367/297 298/368/298
f 245/369/245 244/336/244 276/370/276 277/371/277
f 232/339/232 231/313/231 263/316/263 264/372/264
f 246/340/246 245/338/245 277/373/277 278/374/278
f 233/341/233 232/339/232 264/372/264 265/366/265
f 247/342/247 246/340/246 278/374/278 279/375/279
f 234/343/234 233/341/233 265/366/265 266/365/266
f 248/344/248 247/342/247 279/375/279 280/376/280
f 235/345/235 234/343/234 266/365/266 267/377/267
f 249/346/249 248/344/248 280/376/280 281/378/281
f 236/347/236 235/345/235 267/377/267 268/379/268
f 250/348/250 249/346/249 281/378/281 282/380/282
f 237/349/237 236/347/236 268/379/268 269/381/269
f 251/350/251 250/348/250 282/380/282 283/382/283
f 238/355/238 237/383/237 269/384/269 270/385/270
f 252/352/252 251/350/251 283/382/283 284/386/284
f 239/356/239 238/355/238 270/385/270 271/387/271
f 225/358/225 226/334/226 258/388/258 257/389/257
f 253/359/253 252/352/252 284/386/284 285/390/285
f 240/361/240 239/356/239 271/387/271 272/391/272
f 227/268/227 225/358/225 257/389/257 259/392/259
f 254/319/254 253/393/253 285/394/285 286/395/286
f 241/396/241 240/397/240 272/398/272 273/399/273
f 228/269/228 227/268/227 259/392/259 260/400/260
f 255/320/255 254/319/254 286/395/286 287/401/287
f 242/402/242 241/396/241 273/399/273 274/403/274
f 229/404/229 228/269/228 260/400/260 261/405/261
f 256/328/256 255/320/255 287/401/287 288/406/288
f 243/332/243 242/331/242 274/407/274 275/408/275
f 230/314/230 229/326/229 261/409/261 262/315/262
f 226/334/226 256/328/256 288/406/288 258/388/258
f 244/336/244 243/332/243 275/408/275 276/370/276
f 301/410/301 300/411/300 332/412/332 333/413/333
f 280/376/280 279/375/279 311/414/311 312/415/312
f 267/377/267 266/365/266 298/368/298 299/416/299
f 281/378/281 280/376/280 312/415/312 313/417/313
f 268/379/268 267/377/267 299/416/299 300/411/300
f 282/380/282 281/378/281 313/417/313 314/418/314
f 269/381/269 268/379/268 300/411/300 301/410/301
f 283/382/283 282/380/282 314/418/314 315/419/315
f 270/385/270 269/384/269 301/420/301 302/421/302
f 284/386/284 283/382/283 315/419/315 316/422/316
f 271/387/271 270/385/270 302/421/302 303/423/303
f 257/389/257 258/388/258 290/424/290 289/425/289
f 285/390/285 284/386/284 316/422/316 317/426/317
f 272/391/272 271/387/271 303/423/303 304/427/304
f 259/392/259 257/389/257 289/425/289 291/428/291
f 286/395/286 285/394/285 317/429/317 318/430/318
f 273/431/273 272/432/272 304/433/304 305/434/305
f 260/400/260 259/392/259 291/428/291 292/435/292
f 287/401/287 286/395/286 318/430/318 319/436/319
f 274/437/274 273/431/273 305/434/305 306/438/306
f 261/405/261 260/400/260 292/435/292 293/439/293
f 288/406/288 287/401/287 319/436/319 320/440/320
f 275/408/275 274/407/274 306/441/306 307/442/307
f 262/315/262 261/409/261 293/443/293 294/444/294
f 258/388/258 288/406/288 320/440/320 290/424/290
f 276/370/276 275/408/275 307/442/307 308/445/308
f 263/316/263 262/315/262 294/444/294 295/446/295
f 277/371/277 276/370/276 308/445/308 309/447/309
f 264/372/264 263/316/263 295/446/295 296/448/296
f 278/374/278 277/373/277 309/449/309 310/450/310
f 265/366/265 264/372/264 296/448/296 297/367/297
f 279/375/279 278/374/278 310/450/310 311/414/311
f 390/451/386 389/452/385 358/453/358 359/454/359
f 315/419/315 314/418/314 346/455/346 347/456/347
f 302/421/302 301/420/301 333/457/333 334/458/334
f 316/422/316 315/419/315 347/456/347 348/459/348
f 303/423/303 302/421/302 334/458/334 335/460/335
f 289/425/289 290/424/290 322/461/322 321/462/321
f 317/426/317 316/422/316 348/459/348 349/463/349
f 304/427/304 303/423/303 335/460/335 336/464/336
f 291/428/291 289/425/289 321/462/321 323/465/323
f 318/430/318 317/429/317 349/466/349 350/467/350
f 305/468/305 304/469/304 336/470/336 337/471/337
f 292/435/292 291/428/291 323/465/323 324/472/324
f 319/436/319 318/430/318 350/467/350 351/473/351
f 306/474/306 305/468/305 337/471/337 338/475/338
f 293/439/293 292/435/292 324/472/324 325/476/325
f 320/440/320 319/436/319 351/473/351 352/477/352
f 307/442/307 306/441/306 338/478/338 339/479/339
f 294/444/294 293/443/293 325/480/325 326/481/326
f 290/424/290 320/440/320 352/477/352 322/461/322
f 308/445/308 307/442/307 339/479/339 340/482/340
f 295/446/295 294/444/294 326/481/326 327/483/327
f 309/447/309 308/445/308 340/482/340 341/484/341
f 296/448/296 295/446/295 327/483/327 328/485/328
f 310/450/310 309/449/309 341/486/341 342/487/342
f 297/367/297 296/448/296 328/485/328 329/488/329
f 311/414/311 310/450/310 342/487/342 343/489/343
f 298/368/298 297/367/297 329/488/329 330/490/330
f 312/415/312 311/414/311 343/489/343 344/491/344
f 299/416/299 298/368/298 330/490/330 331/492/331
f 313/417/313 312/415/312 344/491/344 345/493/345
f 300/411/300 299/416/299 331/492/331 332/412/332
f 314/418/314 313/417/313 345/493/345 346/455/346
f 353/494/353 354/495/354 384/496/384 383/497/383 382/498/382 381/499/381 380/500/380 379/501/379 378/502/378 377/503/377 376/504/376 375/505/375 374/506/374 373/507/373 372/508/372 371/509/371 370/510/370 369/511/369 368/512/368 367/513/367 366/514/366 365/515/365 364/516/364 363/517/363 362/518/362 361/519/361 360/520/360 359/521/359 358/522/358 357/523/357 356/524/356 355/525/355
f 400/526/388 399/527/387 372/528/372 373/529/373
f 405/530/389 390/451/386 359/454/359 360/531/360
f 410/532/390 400/533/388 373/534/373 374/535/374
f 415/536/18 405/530/389 360/531/360 361/537/361
f 420/538/391 410/532/390 374/535/374 375/539/375
f 425/540/392 415/536/18 361/537/361 362/541/362
f 430/542/393 420/538/391 375/539/375 376/543/376
f 435/544/394 425/540/392 362/541/362 363/545/363
f 440/546/50 430/542/393 376/543/376 377/547/377
f 445/548/395 435/544/394 363/545/363 364/549/364
f 450/550/396 440/546/50 377/547/377 378/551/378
f 455/552/397 445/548/395 364/549/364 365/553/365
f 460/554/398 450/550/396 378/551/378 379/555/379
f 465/556/399 455/557/397 365/558/365 366/559/366
f 470/560/400 460/554/398 379/555/379 380/561/380
f 475/562/401 465/556/399 366/559/366 367/563/367
f 485/564/403 484/565/402 354/566/354 353/567/353
f 490/568/404 470/560/400 380/561/380 381/569/381
f 495/570/405 475/562/401 367/563/367 368/571/368
f 500/572/406 485/564/403 353/567/353 355/573/355
f 505/574/407 490/575/404 381/576/381 382/577/382
f 510/578/408 495/570/405 368/571/368 369/579/369
f 515/580/409 500/572/406 355/573/355 356/581/356
f 520/582/410 505/574/407 382/577/382 383/583/383
f 525/584/411 510/578/408 369/579/369 370/585/370
f 530/586/412 515/580/409 356/581/356 357/587/357
f 535/588/413 520/582/410 383/583/383 384/589/384
f 540/590/414 525/584/411 370/585/370 371/591/371
f 389/452/385 530/592/412 357/593/357 358/453/358
f 484/565/402 535/588/413 384/589/384 354/566/354
f 399/527/387 540/590/414 371/591/371 372/528/372
f 340/482/340 339/479/339 544/594/414 395/595/387
f 395/595/387 544/594/414 543/596/414 396/597/387
f 396/597/387 543/596/414 542/598/414 397/599/387
f 397/599/387 542/598/414 541/600/414 398/601/387
f 398/601/387 541/600/414 540/590/414 399/527/387
f 322/461/322 352/477/352 539/602/413 480/603/402
f 480/603/402 539/602/413 538/604/413 481/605/402
f 481/605/402 538/604/413 537/606/413 482/607/402
f 482/607/402 537/606/413 536/608/413 483/609/402
f 483/609/402 536/608/413 535/588/413 484/565/402
f 326/481/326 325/480/325 534/610/412 385/611/385
f 385/611/385 534/610/412 533/612/412 386/613/385
f 386/613/385 533/612/412 532/614/412 387/615/385
f 387/615/385 532/614/412 531/616/412 388/617/385
f 388/617/385 531/616/412 530/592/412 389/452/385
f 339/479/339 338/478/338 529/618/411 544/594/414
f 544/594/414 529/618/411 528/619/411 543/596/414
f 543/596/414 528/619/411 527/620/411 542/598/414
f 542/598/414 527/620/411 526/621/411 541/600/414
f 541/600/414 526/621/411 525/584/411 540/590/414
f 352/477/352 351/473/351 524/622/410 539/602/413
f 539/602/413 524/622/410 523/623/410 538/604/413
f 538/604/413 523/623/410 522/624/410 537/606/413
f 537/606/413 522/624/410 521/625/410 536/608/413
f 536/608/413 521/625/410 520/582/410 535/588/413
f 325/476/325 324/472/324 519/626/409 534/627/412
f 534/627/412 519/626/409 518/628/409 533/629/412
f 533/629/412 518/628/409 517/630/409 532/631/412
f 532/631/412 517/630/409 516/632/409 531/633/412
f 531/633/412 516/632/409 515/580/409 530/586/412
f 338/478/338 337/634/337 514/635/408 529/618/411
f 529/618/411 514/635/408 513/636/408 528/619/411
f 528/619/411 513/636/408 512/637/408 527/620/411
f 527/620/411 512/637/408 511/638/408 526/621/411
f 526/621/411 511/638/408 510/578/408 525/584/411
f 351/473/351 350/467/350 509/639/407 524/622/410
f 524/622/410 509/639/407 508/640/407 523/623/410
f 523/623/410 508/640/407 507/641/407 522/624/410
f 522/624/410 507/641/407 506/642/407 521/625/410
f 521/625/410 506/642/407 505/574/407 520/582/410
f 324/472/324 323/465/323 504/643/406 519/626/409
f 519/626/409 504/643/406 503/644/406 518/628/409
f 518/628/409 503/644/406 502/645/406 517/630/409
f 517/630/409 502/645/406 501/646/406 516/632/409
f 516/632/409 501/646/406 500/572/406 515/580/409
f 337/634/337 336/464/336 499/647/405 514/635/408
f 514/635/408 499/647/405 498/648/405 513/636/408
f 513/636/408 498/648/405 497/649/405 512/637/408
f 512/637/408 497/649/405 496/650/405 511/638/408
f 511/638/408 496/650/405 495/570/405 510/578/408
f 350/467/350 349/466/349 494/651/404 509/639/407
f 509/639/407 494/651/404 493/652/404 508/640/407
f 508/640/407 493/652/404 492/653/404 507/641/407
f 507/641/407 492/653/404 491/654/404 506/642/407
f 506/642/407 491/654/404 490/575/404 505/574/407
f 323/465/323 321/462/321 489/655/403 504/643/406
f 504/643/406 489/655/403 488/656/403 503/644/406
f 503/644/406 488/656/403 487/657/403 502/645/406
f 502/645/406 487/657/403 486/658/403 501/646/406
f 501/646/406 486/658/403 485/564/403 500/572/406
f 336/464/336 335/460/335 479/659/401 499/647/405
f 499/647/405 479/659/401 478/660/401 498/648/405
f 498/648/405 478/660/401 477/661/401 497/649/405
f 497/649/405 477/661/401 476/662/401 496/650/405
f 496/650/405 476/662/401 475/562/401 495/570/405
f 349/463/349 348/459/348 474/663/400 494/664/404
f 494/664/404 474/663/400 473/665/400 493/666/404
f 493/666/404 473/665/400 472/667/400 492/668/404
f 492/668/404 472/667/400 471/669/400 491/670/404
f 491/670/404 471/669/400 470/560/400 490/568/404
f 321/462/321 322/461/322 480/603/402 489/655/403
f 489/655/403 480/603/402 481/605/402 488/656/403
f 488/656/403 481/605/402 482/607/402 487/657/403
f 487/657/403 482/607/402 483/609/402 486/658/403
f 486/658/403 483/609/402 484/565/402 485/564/403
f 335/460/335 334/458/334 469/671/399 479/659/401
f 479/659/401 469/671/399 468/672/399 478/660/401
f 478/660/401 468/672/399 467/673/399 477/661/401
f 477/661/401 467/673/399 466/674/399 476/662/401
f 476/662/401 466/674/399 465/556/399 475/562/401
f 348/459/348 347/456/347 464/675/398 474/663/400
f 474/663/400 464/675/398 463/676/398 473/665/400
f 473/665/400 463/676/398 462/677/398 472/667/400
f 472/667/400 462/677/398 461/678/398 471/669/400
f 471/669/400 461/678/398 460/554/398 470/560/400
f 334/458/334 333/457/333 459/679/397 469/671/399
f 469/671/399 459/679/397 458/680/397 468/672/399
f 468/672/399 458/680/397 457/681/397 467/673/399
f 467/673/399 457/681/397 456/682/397 466/674/399
f 466/674/399 456/682/397 455/557/397 465/556/399
f 347/456/347 346/455/346 454/683/396 464/675/398
f 464/675/398 454/683/396 453/684/396 463/676/398
f 463/676/398 453/684/396 452/685/396 462/677/398
f 462/677/398 452/685/396 451/686/396 461/678/398
f 461/678/398 451/686/396 450/550/396 460/554/398
f 333/413/333 332/412/332 449/687/395 459/688/397
f 459/688/397 449/687/395 448/689/395 458/690/397
f 458/690/397 448/689/395 447/691/395 457/692/397
f 457/692/397 447/691/395 446/693/395 456/694/397
f 456/694/397 446/693/395 445/548/395 455/552/397
f 346/455/346 345/493/345 444/695/50 454/683/396
f 454/683/396 444/695/50 443/696/50 453/684/396
f 453/684/396 443/696/50 442/697/50 452/685/396
f 452/685/396 442/697/50 441/698/50 451/686/396
f 451/686/396 441/698/50 440/546/50 450/550/396
f 332/412/332 331/492/331 439/699/394 449/687/395
f 449/687/395 439/699/394 438/700/394 448/689/395
f 448/689/395 438/700/394 437/701/394 447/691/395
f 447/691/395 437/701/394 436/702/394 446/693/395
f 446/693/395 436/702/394 435/544/394 445/548/395
f 345/493/345 344/491/344 434/703/393 444/695/50
f 444/695/50 434/703/393 433/704/393 443/696/50
f 443/696/50 433/704/393 432/705/393 442/697/50
f 442/697/50 432/705/393 431/706/393 441/698/50
f 441/698/50 431/706/393 430/542/393 440/546/50
f 331/492/331 330/490/330 429/707/392 439/699/394
f 439/699/394 429/707/392 428/708/392 438/700/394
f 438/700/394 428/708/392 427/709/392 437/701/394
f 437/701/394 427/709/392 426/710/392 436/702/394
f 436/702/394 426/710/392 425/540/392 435/544/394
f 344/491/344 343/489/343 424/711/391 434/703/393
f 434/703/393 424/711/391 423/712/391 433/704/393
f 433/704/393 423/712/391 422/713/391 432/705/393
f 432/705/393 422/713/391 421/714/391 431/706/393
f 431/706/393 421/714/391 420/538/391 430/542/393
f 330/490/330 329/488/329 419/715/18 429/707/392
f 429/707/392 419/715/18 418/716/18 428/708/392
f 428/708/392 418/716/18 417/717/18 427/709/392
f 427/709/392 417/717/18 416/718/18 426/710/392
f 426/710/392 416/718/18 415/536/18 425/540/392
f 343/489/343 342/487/342 414/719/390 424/711/391
f 424/711/391 414/719/390 413/720/390 423/712/391
f 423/712/391 413/720/390 412/721/390 422/713/391
f 422/713/391 412/721/390 411/722/390 421/714/391
f 421/714/391 411/722/390 410/532/390 420/538/391
f 329/488/329 328/485/328 409/723/389 419/715/18
f 419/715/18 409/723/389 408/724/389 418/716/18
f 418/716/18 408/724/389 407/725/389 417/717/18
f 417/717/18 407/725/389 406/726/389 416/718/18
f 416/718/18 406/726/389 405/530/389 415/536/18
f 342/487/342 341/486/341 404/727/388 414/719/390
f 414/719/390 404/727/388 403/728/388 413/720/390
f 413/720/390 403/728/388 402/729/388 412/721/390
f 412/721/390 402/729/388 401/730/388 411/722/390
f 411/722/390 401/730/388 400/533/388 410/532/390
f 328/485/328 327/483/327 394/731/386 409/723/389
f 409/723/389 394/731/386 393/732/386 408/724/389
f 408/724/389 393/732/386 392/733/386 407/725/389
f 407/725/389 392/733/386 391/734/386 406/726/389
f 406/726/389 391/734/386 390/451/386 405/530/389
f 341/484/341 340/482/340 395/595/387 404/735/388
f 404/735/388 395/595/387 396/597/387 403/736/388
f 403/736/388 396/597/387 397/599/387 402/737/388
f 402/737/388 397/599/387 398/601/387 401/738/388
f 401/738/388 398/601/387 399/527/387 400/526/388
f 327/483/327 326/481/326 385/611/385 394/731/386
f 394/731/386 385/611/385 386/613/385 393/732/386
f 393/732/386 386/613/385 387/615/385 392/733/386
f 392/733/386 387/615/385 388/617/385 391/734/386
f 391/734/386 388/617/385 389/452/385 390/451/386
f 545/739/415 546/740/416 548/741/418 547/742/417
f 547/742/417 548/741/418 550/743/420 549/744/419
f 549/744/419 550/743/420 552/745/422 551/746/421
f 551/746/421 552/745/422 554/747/424 553/748/423
f 553/749/423 554/750/424 556/751/426 555/752/425
f 555/752/425 556/751/426 558/753/428 557/754/427
f 557/754/427 558/753/428 560/755/430 559/756/429
f 559/756/429 560/755/430 562/757/432 561/758/431
f 561/758/431 562/757/432 564/759/434 563/760/433
f 563/760/433 564/759/434 566/761/436 565/762/435
f 565/762/435 566/761/436 568/763/438 567/764/437
f 567/764/437 568/763/438 570/765/440 569/766/439
f 569/767/439 570/768/440 572/769/442 571/770/441
f 571/770/441 572/769/442 574/771/444 573/772/443
f 573/772/443 574/771/444 576/773/446 575/774/445
f 575/774/445 576/773/446 578/775/448 577/776/447
f 577/776/447 578/775/448 580/777/450 579/778/449
f 579/778/449 580/777/450 582/779/452 581/780/451
f 581/780/451 582/779/452 584/781/454 583/782/453
f 583/782/453 584/781/454 586/783/456 585/784/455
f 585/785/455 586/786/456 588/787/458 587/788/457
f 587/788/457 588/787/458 590/789/460 589/790/459
f 589/790/459 590/789/460 592/791/462 591/792/461
f 591/792/461 592/791/462 594/793/464 593/794/463
f 593/794/463 594/793/464 596/795/466 595/796/465
f 595/796/465 596/795/466 598/797/468 597/798/467
f 597/798/467 598/797/468 600/799/470 599/800/469
f 599/800/469 600/799/470 602/801/472 601/802/471
f 601/803/471 602/804/472 604/805/474 603/806/473
f 603/806/473 604/805/474 606/807/476 605/808/475
f 548/809/418 546/810/416 608/811/478 606/812/476 604/813/474 602/814/472 600/815/470 598/816/468 596/817/466 594/818/464 592/819/462 590/820/460 588/821/458 586/822/456 584/823/454 582/824/452 580/825/450 578/826/448 576/827/446 574/828/444 572/829/442 570/830/440 568/831/438 566/832/436 564/833/434 562/834/432 560/835/430 558/836/428 556/837/426 554/838/424 552/839/422 550/840/420
f 605/808/475 606/807/476 608/841/478 607/842/477
f 607/842/477 608/841/478 546/740/416 545/739/415
f 545/843/415 547/844/417 549/845/419 551/846/421 553/847/423 555/848/425 557/849/427 559/850/429 561/851/431 563/852/433 565/853/435 567/854/437 569/855/439 571/856/441 573/857/443 575/858/445 577/859/447 579/860/449 581/861/451 583/862/453 585/863/455 587/864/457 589/865/459 591/866/461 593/867/463 595/868/465 597/869/467 599/870/469 601/871/471 603/872/473 605/873/475 607/874/477
f 609/875/415 610/876/416 612/877/418 611/878/417
f 611/878/417 612/877/418 614/879/420 613/880/419
f 613/880/419 614/879/420 616/881/422 615/882/421
f 615/882/421 616/881/422 618/883/424 617/884/423
f 617/885/423 618/886/424 620/887/426 619/888/425
f 619/888/425 620/887/426 622/889/428 621/890/427
f 621/890/427 622/889/428 624/891/430 623/892/429
f 623/892/429 624/891/430 626/893/432 625/894/431
f 625/894/431 626/893/432 628/895/434 627/896/433
f 627/896/433 628/895/434 630/897/436 629/898/435
f 629/898/435 630/897/436 632/899/438 631/900/437
f 631/900/437 632/899/438 634/901/440 633/902/439
f 633/903/439 634/904/440 636/905/442 635/906/441
f 635/906/441 636/905/442 638/907/444 637/908/443
f 637/908/443 638/907/444 640/909/446 639/910/445
f 639/910/445 640/909/446 642/911/448 641/912/447
f 641/912/447 642/911/448 644/913/450 643/914/449
f 643/914/449 644/913/450 646/915/452 645/916/451
f 645/916/451 646/915/452 648/917/454 647/918/453
f 647/918/453 648/917/454 650/919/456 649/920/455
f 649/921/455 650/922/456 652/923/458 651/924/457
f 651/924/457 652/923/458 654/925/460 653/926/459
f 653/926/459 654/925/460 656/927/462 655/928/461
f 655/928/461 656/927/462 658/929/464 657/930/463
f 657/930/463 658/929/464 660/931/466 659/932/465
f 659/932/465 660/931/466 662/933/468 661/934/467
f 661/934/467 662/933/468 664/935/470 663/936/469
f 663/936/469 664/935/470 666/937/472 665/938/471
f 665/939/471 666/940/472 668/941/474 667/942/473
f 667/942/473 668/941/474 670/943/476 669/944/475
f 612/945/418 610/946/416 672/947/478 670/948/476 668/949/474 666/950/472 664/951/470 662/952/468 660/953/466 658/954/464 656/955/462 654/956/460 652/957/458 650/958/456 648/959/454 646/960/452 644/961/450 642/962/448 640/963/446 638/964/444 636/965/442 634/966/440 632/967/438 630/968/436 628/969/434 626/970/432 624/971/430 622/972/428 620/973/426 618/974/424 616/975/422 614/976/420
f 669/944/475 670/943/476 672/977/478 671/978/477
f 671/978/477 672/977/478 610/876/416 609/875/415
f 609/979/415 611/980/417 613/981/419 615/982/421 617/983/423 619/984/425 621/985/427 623/986/429 625/987/431 627/988/433 629/989/435 631/990/437 633/991/439 635/992/441 637/993/443 639/994/445 641/995/447 643/996/449 645/997/451 647/998/453 649/999/455 651/1000/457 653/1001/459 655/1002/461 657/1003/463 659/1004/465 661/1005/467 663/1006/469 665/1007/471 667/1008/473 669/1009/475 671/1010/477
f 673/1011/415 674/1012/416 676/1013/418 675/1014/417
f 675/1014/417 676/1013/418 678/1015/420 677/1016/419
f 677/1016/419 678/1015/420 680/1017/422 679/1018/421
f 679/1018/421 680/1017/422 682/1019/424 681/1020/423
f 681/1021/423 682/1022/424 684/1023/426 683/1024/425
f 683/1024/425 684/1023/426 686/1025/428 685/1026/427
f 685/1026/427 686/1025/428 688/1027/430 687/1028/429
f 687/1028/429 688/1027/430 690/1029/432 689/1030/431
f 689/1030/431 690/1029/432 692/1031/434 691/1032/433
f 691/1032/433 692/1031/434 694/1033/436 693/1034/435
f 693/1034/435 694/1033/436 696/1035/438 695/1036/437
f 695/1036/437 696/1035/438 698/1037/440 697/1038/439
f 697/1039/439 698/1040/440 700/1041/442 699/1042/441
f 699/1042/441 700/1041/442 702/1043/444 701/1044/443
f 701/1044/443 702/1043/444 704/1045/446 703/1046/445
f 703/1046/445 704/1045/446 706/1047/448 705/1048/447
f 705/1048/447 706/1047/448 708/1049/450 707/1050/449
f 707/1050/449 708/1049/450 710/1051/452 709/1052/451
f 709/1052/451 710/1051/452 712/1053/454 711/1054/453
f 711/1054/453 712/1053/454 714/1055/456 713/1056/455
f 713/1057/455 714/1058/456 716/1059/458 715/1060/457
f 715/1060/457 716/1059/458 718/1061/460 717/1062/459
f 717/1062/459 718/1061/460 720/1063/462 719/1064/461
f 719/1064/461 720/1063/462 722/1065/464 721/1066/463
f 721/1066/463 722/1065/464 724/1067/466 723/1068/465
f 723/1068/465 724/1067/466 726/1069/468 725/1070/467
f 725/1070/467 726/1069/468 728/1071/470 727/1072/469
f 727/1072/469 728/1071/470 730/1073/472 729/1074/471
f 729/1075/471 730/1076/472 732/1077/474 731/1078/473
f 731/1078/473 732/1077/474 734/1079/476 733/1080/475
f 676/1081/418 674/1082/416 736/1083/478 734/1084/476 732/1085/474 730/1086/472 728/1087/470 726/1088/468 724/1089/466 722/1090/464 720/1091/462 718/1092/460 716/1093/458 714/1094/456 712/1095/454 710/1096/452 708/1097/450 706/1098/448 704/1099/446 702/1100/444 700/1101/442 698/1102/440 696/1103/438 694/1104/436 692/1105/434 690/1106/432 688/1107/430 686/1108/428 684/1109/426 682/1110/424 680/1111/422 678/1112/420
f 733/1080/475 734/1079/476 736/1113/478 735/1114/477
f 735/1114/477 736/1113/478 674/1012/416 673/1011/415
f 673/1115/415 675/1116/417 677/1117/419 679/1118/421 681/1119/423 683/1120/425 685/1121/427 687/1122/429 689/1123/431 691/1124/433 693/1125/435 695/1126/437 697/1127/439 699/1128/441 701/1129/443 703/1130/445 705/1131/447 707/1132/449 709/1133/451 711/1134/453 713/1135/455 715/1136/457 717/1137/459 719/1138/461 721/1139/463 723/1140/465 725/1141/467 727/1142/469 729/1143/471 731/1144/473 733/1145/475 735/1146/477
f 737/1147/1 802/1148/512 801/1149/511 739/1150/3
f 739/1150/3 801/1149/511 803/1151/513 741/1152/5
f 741/1152/5 803/1151/513 804/1153/514 743/1154/7
f 743/1154/7 804/1153/514 805/1155/515 745/1156/9
f 745/1157/9 805/1158/515 806/1159/516 747/1160/11
f 747/1160/11 806/1159/516 807/1161/517 749/1162/13
f 749/1162/13 807/1161/517 808/1163/518 751/1164/15
f 751/1164/15 808/1163/518 809/1165/519 753/1166/17
f 753/1166/17 809/1165/519 810/1167/520 755/1168/19
f 755/1168/19 810/1167/520 811/1169/521 757/1170/21
f 757/1170/21 811/1169/521 812/1171/522 759/1172/23
f 759/1172/23 812/1171/522 813/1173/523 761/1174/25
f 761/1175/25 813/1176/523 814/1177/524 763/1178/27
f 763/1178/27 814/1177/524 815/1179/525 765/1180/29
f 765/1180/29 815/1179/525 816/1181/526 767/1182/31
f 767/1182/31 816/1181/526 817/1183/527 769/1184/33
f 769/1184/33 817/1183/527 818/1185/528 771/1186/35
f 771/1186/35 818/1185/528 819/1187/529 773/1188/37
f 773/1188/37 819/1187/529 820/1189/530 775/1190/39
f 775/1190/39 820/1189/530 821/1191/531 777/1192/41
f 777/1193/41 821/1194/531 822/1195/532 779/1196/43
f 779/1196/43 822/1195/532 823/1197/533 781/1198/45
f 781/1198/45 823/1197/533 824/1199/534 783/1200/47
f 783/1200/47 824/1199/534 825/1201/535 785/1202/49
f 785/1202/49 825/1201/535 826/1203/536 787/1204/51
f 787/1204/51 826/1203/536 827/1205/537 789/1206/53
f 789/1206/53 827/1205/537 828/1207/538 791/1208/55
f 791/1208/55 828/1207/538 829/1209/539 793/1210/57
f 793/1211/57 829/1212/539 830/1213/540 795/1214/59
f 795/1214/59 830/1213/540 831/1215/541 797/1216/61
f 770/1217/495 768/1218/494 880/1219/542 881/1220/512
f 797/1216/61 831/1215/541 832/1221/542 799/1222/63
f 799/1222/63 832/1221/542 802/1148/512 737/1147/1
f 737/1223/1 739/1224/3 741/1225/5 743/1226/7 745/1227/9 747/1228/11 749/1229/13 751/1230/15 753/1231/17 755/1232/19 757/1233/21 759/1234/23 761/1235/25 763/1236/27 765/1237/29 767/1238/31 769/1239/33 771/1240/35 773/1241/37 775/1242/39 777/1243/41 779/1244/43 781/1245/45 783/1246/47 785/1247/49 787/1248/51 789/1249/53 791/1250/55 793/1251/57 795/1252/59 797/1253/61 799/1254/63
f 738/1255/479 740/1256/480 801/1257/511 802/1258/512
f 740/1256/480 742/1259/481 803/1260/513 801/1257/511
f 742/1259/481 744/1261/482 804/1262/514 803/1260/513
f 744/1261/482 746/1263/483 805/1264/515 804/1262/514
f 746/1263/483 748/1265/484 806/1266/516 805/1264/515
f 748/1265/484 750/1267/485 807/1268/517 806/1266/516
f 750/1267/485 752/1269/486 808/1270/518 807/1268/517
f 752/1269/486 754/1271/487 809/1272/519 808/1270/518
f 754/1271/487 756/1273/488 810/1274/520 809/1272/519
f 756/1273/488 758/1275/489 811/1276/521 810/1274/520
f 758/1275/489 760/1277/490 812/1278/522 811/1276/521
f 760/1277/490 762/1279/491 813/1280/523 812/1278/522
f 762/1279/491 764/1281/492 814/1282/524 813/1280/523
f 764/1281/492 766/1283/493 815/1284/525 814/1282/524
f 766/1283/493 768/1285/494 816/1286/526 815/1284/525
f 768/1285/494 770/1287/495 817/1288/527 816/1286/526
f 770/1287/495 772/1289/496 818/1290/528 817/1288/527
f 772/1289/496 774/1291/497 819/1292/529 818/1290/528
f 774/1291/497 776/1293/498 820/1294/530 819/1292/529
f 776/1293/498 778/1295/499 821/1296/531 820/1294/530
f 778/1295/499 780/1297/500 822/1298/532 821/1296/531
f 780/1297/500 782/1299/501 823/1300/533 822/1298/532
f 782/1299/501 784/1301/502 824/1302/534 823/1300/533
f 784/1301/502 786/1303/503 825/1304/535 824/1302/534
f 786/1303/503 788/1305/504 826/1306/536 825/1304/535
f 788/1305/504 790/1307/505 827/1308/537 826/1306/536
f 790/1307/505 792/1309/506 828/1310/538 827/1308/537
f 792/1309/506 794/1311/507 829/1312/539 828/1310/538
f 794/1311/507 796/1313/508 830/1314/540 829/1312/539
f 796/1313/508 798/1315/509 831/1316/541 830/1314/540
f 798/1315/509 800/1317/510 832/1318/542 831/1316/541
f 800/1317/510 738/1255/479 802/1258/512 832/1318/542
f 855/1319/501 854/1320/500 950/1321/516 951/1322/517
f 744/1323/482 742/1324/481 867/1325/529 868/1326/530
f 798/1327/509 796/1328/508 894/1329/524 895/1330/525
f 772/1331/496 770/1217/495 881/1220/512 882/1332/511
f 746/1333/483 744/1323/482 868/1326/530 869/1334/531
f 800/1335/510 798/1327/509 895/1330/525 896/1336/526
f 774/1337/497 772/1331/496 882/1332/511 883/1338/513
f 748/1339/484 746/1340/483 869/1341/531 870/1342/532
f 738/1343/479 800/1335/510 896/1336/526 866/1344/527
f 776/1345/498 774/1337/497 883/1338/513 884/1346/514
f 750/1347/485 748/1339/484 870/1342/532 871/1348/533
f 778/1349/499 776/1345/498 884/1346/514 885/1350/515
f 752/1351/486 750/1347/485 871/1348/533 872/1352/534
f 780/1353/500 778/1354/499 885/1355/515 886/1356/516
f 754/1357/487 752/1351/486 872/1352/534 873/1358/535
f 782/1359/501 780/1353/500 886/1356/516 887/1360/517
f 756/1361/488 754/1357/487 873/1358/535 874/1362/536
f 784/1363/502 782/1359/501 887/1360/517 888/1364/518
f 758/1365/489 756/1361/488 874/1362/536 875/1366/537
f 786/1367/503 784/1363/502 888/1364/518 889/1368/519
f 760/1369/490 758/1365/489 875/1366/537 876/1370/538
f 788/1371/504 786/1367/503 889/1368/519 890/1372/520
f 762/1373/491 760/1369/490 876/1370/538 877/1374/539
f 790/1375/505 788/1371/504 890/1372/520 891/1376/521
f 764/1377/492 762/1378/491 877/1379/539 878/1380/540
f 792/1381/506 790/1375/505 891/1376/521 892/1382/522
f 766/1383/493 764/1377/492 878/1380/540 879/1384/541
f 740/1385/480 738/1343/479 866/1344/527 865/1386/528
f 794/1387/507 792/1381/506 892/1382/522 893/1388/523
f 768/1218/494 766/1383/493 879/1384/541 880/1219/542
f 742/1324/481 740/1385/480 865/1386/528 867/1325/529
f 796/1328/508 794/1389/507 893/1390/523 894/1329/524
f 834/1391/479 833/1392/480 865/1393/528 866/1394/527
f 833/1392/480 835/1395/481 867/1396/529 865/1393/528
f 835/1395/481 836/1397/482 868/1398/530 867/1396/529
f 836/1397/482 837/1399/483 869/1400/531 868/1398/530
f 837/1399/483 838/1401/484 870/1402/532 869/1400/531
f 838/1401/484 839/1403/485 871/1404/533 870/1402/532
f 839/1403/485 840/1405/486 872/1406/534 871/1404/533
f 840/1405/486 841/1407/487 873/1408/535 872/1406/534
f 841/1407/487 842/1409/488 874/1410/536 873/1408/535
f 842/1409/488 843/1411/489 875/1412/537 874/1410/536
f 843/1411/489 844/1413/490 876/1414/538 875/1412/537
f 844/1413/490 845/1415/491 877/1416/539 876/1414/538
f 845/1415/491 846/1417/492 878/1418/540 877/1416/539
f 846/1417/492 847/1419/493 879/1420/541 878/1418/540
f 847/1419/493 848/1421/494 880/1422/542 879/1420/541
f 848/1421/494 849/1423/495 881/1424/512 880/1422/542
f 849/1423/495 850/1425/496 882/1426/511 881/1424/512
f 850/1425/496 851/1427/497 883/1428/513 882/1426/511
f 851/1427/497 852/1429/498 884/1430/514 883/1428/513
f 852/1429/498 853/1431/499 885/1432/515 884/1430/514
f 853/1431/499 854/1433/500 886/1434/516 885/1432/515
f 854/1433/500 855/1435/501 887/1436/517 886/1434/516
f 855/1435/501 856/1437/502 888/1438/518 887/1436/517
f 856/1437/502 857/1439/503 889/1440/519 888/1438/518
f 857/1439/503 858/1441/504 890/1442/520 889/1440/519
f 858/1441/504 859/1443/505 891/1444/521 890/1442/520
f 859/1443/505 860/1445/506 892/1446/522 891/1444/521
f 860/1445/506 861/1447/507 893/1448/523 892/1446/522
f 861/1447/507 862/1449/508 894/1450/524 893/1448/523
f 862/1449/508 863/1451/509 895/1452/525 894/1450/524
f 863/1451/509 864/1453/510 896/1454/526 895/1452/525
f 864/1453/510 834/1391/479 866/1394/527 896/1454/526
f 914/1455/480 913/1456/479 1009/1457/527 1010/1458/528
f 842/1459/488 841/1460/487 937/1461/535 938/1462/536
f 856/1463/502 855/1319/501 951/1322/517 952/1464/518
f 843/1465/489 842/1459/488 938/1462/536 939/1466/537
f 857/1467/503 856/1463/502 952/1464/518 953/1468/519
f 844/1469/490 843/1465/489 939/1466/537 940/1470/538
f 858/1471/504 857/1467/503 953/1468/519 954/1472/520
f 845/1473/491 844/1469/490 940/1470/538 941/1474/539
f 859/1475/505 858/1471/504 954/1472/520 955/1476/521
f 846/1477/492 845/1478/491 941/1479/539 942/1480/540
f 860/1481/506 859/1475/505 955/1476/521 956/1482/522
f 847/1483/493 846/1477/492 942/1480/540 943/1484/541
f 833/1485/480 834/1486/479 930/1487/527 929/1488/528
f 861/1489/507 860/1481/506 956/1482/522 957/1490/523
f 848/1491/494 847/1483/493 943/1484/541 944/1492/542
f 835/1493/481 833/1485/480 929/1488/528 931/1494/529
f 862/1495/508 861/1496/507 957/1497/523 958/1498/524
f 849/1499/495 848/1491/494 944/1492/542 945/1500/512
f 836/1501/482 835/1493/481 931/1494/529 932/1502/530
f 863/1503/509 862/1495/508 958/1498/524 959/1504/525
f 850/1505/496 849/1499/495 945/1500/512 946/1506/511
f 837/1507/483 836/1501/482 932/1502/530 933/1508/531
f 864/1509/510 863/1503/509 959/1504/525 960/1510/526
f 851/1511/497 850/1505/496 946/1506/511 947/1512/513
f 838/1513/484 837/1514/483 933/1515/531 934/1516/532
f 834/1486/479 864/1509/510 960/1510/526 930/1487/527
f 852/1517/498 851/1511/497 947/1512/513 948/1518/514
f 839/1519/485 838/1513/484 934/1516/532 935/1520/533
f 853/1521/499 852/1517/498 948/1518/514 949/1522/515
f 840/1523/486 839/1519/485 935/1520/533 936/1524/534
f 854/1320/500 853/1525/499 949/1526/515 950/1321/516
f 841/1460/487 840/1523/486 936/1524/534 937/1461/535
f 898/1527/495 897/1528/496 929/1529/528 930/1530/527
f 897/1528/496 899/1531/497 931/1532/529 929/1529/528
f 899/1531/497 900/1533/498 932/1534/530 931/1532/529
f 900/1533/498 901/1535/499 933/1536/531 932/1534/530
f 901/1535/499 902/1537/500 934/1538/532 933/1536/531
f 902/1537/500 903/1539/501 935/1540/533 934/1538/532
f 903/1539/501 904/1541/502 936/1542/534 935/1540/533
f 904/1541/502 905/1543/503 937/1544/535 936/1542/534
f 905/1543/503 906/1545/504 938/1546/536 937/1544/535
f 906/1545/504 907/1547/505 939/1548/537 938/1546/536
f 907/1547/505 908/1549/506 940/1550/538 939/1548/537
f 908/1549/506 909/1551/507 941/1552/539 940/1550/538
f 909/1551/507 910/1553/508 942/1554/540 941/1552/539
f 910/1553/508 911/1555/509 943/1556/541 942/1554/540
f 911/1555/509 912/1557/510 944/1558/542 943/1556/541
f 912/1557/510 913/1559/479 945/1560/512 944/1558/542
f 913/1559/479 914/1561/480 946/1562/511 945/1560/512
f 914/1561/480 915/1563/481 947/1564/513 946/1562/511
f 915/1563/481 916/1565/482 948/1566/514 947/1564/513
f 916/1565/482 917/1567/483 949/1568/515 948/1566/514
f 917/1567/483 918/1569/484 950/1570/516 949/1568/515
f 918/1569/484 919/1571/485 951/1572/517 950/1570/516
f 919/1571/485 920/1573/486 952/1574/518 951/1572/517
f 920/1573/486 921/1575/487 953/1576/519 952/1574/518
f 921/1575/487 922/1577/488 954/1578/520 953/1576/519
f 922/1577/488 923/1579/489 955/1580/521 954/1578/520
f 923/1579/489 924/1581/490 956/1582/522 955/1580/521
f 924/1581/490 925/1583/491 957/1584/523 956/1582/522
f 925/1583/491 926/1585/492 958/1586/524 957/1584/523
f 926/1585/492 927/1587/493 959/1588/525 958/1586/524
f 927/1587/493 928/1589/494 960/1590/526 959/1588/525
f 928/1589/494 898/1527/495 930/1530/527 960/1590/526
f 984/1591/502 983/1592/501 1047/1593/517 1048/1594/518
f 901/1595/499 900/1596/498 996/1597/514 997/1598/515
f 928/1599/494 927/1600/493 1023/1601/541 1024/1602/542
f 915/1603/481 914/1455/480 1010/1458/528 1011/1604/529
f 902/1605/500 901/1606/499 997/1607/515 998/1608/516
f 898/1609/495 928/1599/494 1024/1602/542 994/1610/512
f 916/1611/482 915/1603/481 1011/1604/529 1012/1612/530
f 903/1613/501 902/1605/500 998/1608/516 999/1614/517
f 917/1615/483 916/1611/482 1012/1612/530 1013/1616/531
f 904/1617/502 903/1613/501 999/1614/517 1000/1618/518
f 918/1619/484 917/1620/483 1013/1621/531 1014/1622/532
f 905/1623/503 904/1617/502 1000/1618/518 1001/1624/519
f 919/1625/485 918/1619/484 1014/1622/532 1015/1626/533
f 906/1627/504 905/1623/503 1001/1624/519 1002/1628/520
f 920/1629/486 919/1625/485 1015/1626/533 1016/1630/534
f 907/1631/505 906/1627/504 1002/1628/520 1003/1632/521
f 921/1633/487 920/1629/486 1016/1630/534 1017/1634/535
f 908/1635/506 907/1631/505 1003/1632/521 1004/1636/522
f 922/1637/488 921/1633/487 1017/1634/535 1018/1638/536
f 909/1639/507 908/1635/506 1004/1636/522 1005/1640/523
f 923/1641/489 922/1637/488 1018/1638/536 1019/1642/537
f 910/1643/508 909/1644/507 1005/1645/523 1006/1646/524
f 924/1647/490 923/1641/489 1019/1642/537 1020/1648/538
f 911/1649/509 910/1643/508 1006/1646/524 1007/1650/525
f 897/1651/496 898/1609/495 994/1610/512 993/1652/511
f 925/1653/491 924/1647/490 1020/1648/538 1021/1654/539
f 912/1655/510 911/1649/509 1007/1650/525 1008/1656/526
f 899/1657/497 897/1651/496 993/1652/511 995/1658/513
f 926/1659/492 925/1660/491 1021/1661/539 1022/1662/540
f 913/1456/479 912/1655/510 1008/1656/526 1009/1457/527
f 900/1596/498 899/1657/497 995/1658/513 996/1597/514
f 927/1600/493 926/1659/492 1022/1662/540 1023/1601/541
f 962/1663/479 961/1664/480 993/1665/511 994/1666/512
f 961/1664/480 963/1667/481 995/1668/513 993/1665/511
f 963/1667/481 964/1669/482 996/1670/514 995/1668/513
f 964/1669/482 965/1671/483 997/1672/515 996/1670/514
f 965/1671/483 966/1673/484 998/1674/516 997/1672/515
f 966/1673/484 967/1675/485 999/1676/517 998/1674/516
f 967/1675/485 968/1677/486 1000/1678/518 999/1676/517
f 968/1677/486 969/1679/487 1001/1680/519 1000/1678/518
f 969/1679/487 970/1681/488 1002/1682/520 1001/1680/519
f 970/1681/488 971/1683/489 1003/1684/521 1002/1682/520
f 971/1683/489 972/1685/490 1004/1686/522 1003/1684/521
f 972/1685/490 973/1687/491 1005/1688/523 1004/1686/522
f 973/1687/491 974/1689/492 1006/1690/524 1005/1688/523
f 974/1689/492 975/1691/493 1007/1692/525 1006/1690/524
f 975/1691/493 976/1693/494 1008/1694/526 1007/1692/525
f 976/1693/494 977/1695/495 1009/1696/527 1008/1694/526
f 977/1695/495 978/1697/496 1010/1698/528 1009/1696/527
f 978/1697/496 979/1699/497 1011/1700/529 1010/1698/528
f 979/1699/497 980/1701/498 1012/1702/530 1011/1700/529
f 980/1701/498 981/1703/499 1013/1704/531 1012/1702/530
f 981/1703/499 982/1705/500 1014/1706/532 1013/1704/531
f 982/1705/500 983/1707/501 1015/1708/533 1014/1706/532
f 983/1707/501 984/1709/502 1016/1710/534 1015/1708/533
f 984/1709/502 985/1711/503 1017/1712/535 1016/1710/534
f 985/1711/503 986/1713/504 1018/1714/536 1017/1712/535
f 986/1713/504 987/1715/505 1019/1716/537 1018/1714/536
f 987/1715/505 988/1717/506 1020/1718/538 1019/1716/537
f 988/1717/506 989/1719/507 1021/1720/539 1020/1718/538
f 989/1719/507 990/1721/508 1022/1722/540 1021/1720/539
f 990/1721/508 991/1723/509 1023/1724/541 1022/1722/540
f 991/1723/509 992/1725/510 1024/1726/542 1023/1724/541
f 992/1725/510 962/1663/479 994/1666/512 1024/1726/542
f 1025/1727/528 1026/1728/527 1056/1729/526 1055/1730/525 1054/1731/524 1053/1732/523 1052/1733/522 1051/1734/521 1050/1735/520 1049/1736/519 1048/1737/518 1047/1738/517 1046/1739/516 1045/1740/515 1044/1741/514 1043/1742/513 1042/1743/511 1041/1744/512 1040/1745/542 1039/1746/541 1038/1747/540 1037/1748/539 1036/1749/538 1035/1750/537 1034/1751/536 1033/1752/535 1032/1753/534 1031/1754/533 1030/1755/532 1029/1756/531 1028/1757/530 1027/1758/529
f 971/1759/489 970/1760/488 1034/1761/536 1035/1762/537
f 985/1763/503 984/1591/502 1048/1594/518 1049/1764/519
f 972/1765/490 971/1759/489 1035/1762/537 1036/1766/538
f 986/1767/504 985/1763/503 1049/1764/519 1050/1768/520
f 973/1769/491 972/1765/490 1036/1766/538 1037/1770/539
f 987/1771/505 986/1767/504 1050/1768/520 1051/1772/521
f 974/1773/492 973/1774/491 1037/1775/539 1038/1776/540
f 988/1777/506 987/1771/505 1051/1772/521 1052/1778/522
f 975/1779/493 974/1773/492 1038/1776/540 1039/1780/541
f 961/1781/480 962/1782/479 1026/1783/527 1025/1784/528
f 989/1785/507 988/1777/506 1052/1778/522 1053/1786/523
f 976/1787/494 975/1779/493 1039/1780/541 1040/1788/542
f 963/1789/481 961/1781/480 1025/1784/528 1027/1790/529
f 990/1791/508 989/1792/507 1053/1793/523 1054/1794/524
f 977/1795/495 976/1787/494 1040/1788/542 1041/1796/512
f 964/1797/482 963/1789/481 1027/1790/529 1028/1798/530
f 991/1799/509 990/1791/508 1054/1794/524 1055/1800/525
f 978/1801/496 977/1795/495 1041/1796/512 1042/1802/511
f 965/1803/483 964/1797/482 1028/1798/530 1029/1804/531
f 992/1805/510 991/1799/509 1055/1800/525 1056/1806/526
f 979/1807/497 978/1801/496 1042/1802/511 1043/1808/513
f 966/1809/484 965/1810/483 1029/1811/531 1030/1812/532
f 962/1782/479 992/1805/510 1056/1806/526 1026/1783/527
f 980/1813/498 979/1807/497 1043/1808/513 1044/1814/514
f 967/1815/485 966/1809/484 1030/1812/532 1031/1816/533
f 981/1817/499 980/1813/498 1044/1814/514 1045/1818/515
f 968/1819/486 967/1815/485 1031/1816/533 1032/1820/534
f 982/1821/500 981/1822/499 1045/1823/515 1046/1824/516
f 969/1825/487 968/1819/486 1032/1820/534 1033/1826/535
f 983/1592/501 982/1821/500 1046/1824/516 1047/1593/517
f 970/1760/488 969/1825/487 1033/1826/535 1034/1761/536
f 1057/1827/1 1122/1828/512 1121/1829/511 1059/1830/3
f 1059/1830/3 1121/1829/511 1123/1831/513 1061/1832/5
f 1061/1832/5 1123/1831/513 1124/1833/514 1063/1834/7
f 1063/1834/7 1124/1833/514 1125/1835/515 1065/1836/9
f 1065/1837/9 1125/1838/515 1126/1839/516 1067/1840/11
f 1067/1840/11 1126/1839/516 1127/1841/517 1069/1842/13
f 1069/1842/13 1127/1841/517 1128/1843/518 1071/1844/15
f 1071/1844/15 1128/1843/518 1129/1845/519 1073/1846/17
f 1073/1846/17 1129/1845/519 1130/1847/520 1075/1848/19
f 1075/1848/19 1130/1847/520 1131/1849/521 1077/1850/21
f 1077/1850/21 1131/1849/521 1132/1851/522 1079/1852/23
f 1079/1852/23 1132/1851/522 1133/1853/523 1081/1854/25
f 1081/1855/25 1133/1856/523 1134/1857/524 1083/1858/27
f 1083/1858/27 1134/1857/524 1135/1859/525 1085/1860/543
f 1085/1860/543 1135/1859/525 1136/1861/526 1087/1862/31
f 1087/1862/31 1136/1861/526 1137/1863/527 1089/1864/33
f 1089/1864/33 1137/1863/527 1138/1865/528 1091/1866/35
f 1091/1866/35 1138/1865/528 1139/1867/529 1093/1868/544
f 1093/1868/544 1139/1867/529 1140/1869/530 1095/1870/39
f 1095/1870/39 1140/1869/530 1141/1871/531 1097/1872/41
f 1097/1873/41 1141/1874/531 1142/1875/532 1099/1876/43
f 1099/1876/43 1142/1875/532 1143/1877/533 1101/1878/45
f 1101/1878/45 1143/1877/533 1144/1879/534 1103/1880/47
f 1103/1880/47 1144/1879/534 1145/1881/535 1105/1882/49
f 1105/1882/49 1145/1881/535 1146/1883/536 1107/1884/51
f 1107/1884/51 1146/1883/536 1147/1885/537 1109/1886/53
f 1109/1886/53 1147/1885/537 1148/1887/538 1111/1888/55
f 1111/1888/55 1148/1887/538 1149/1889/539 1113/1890/57
f 1113/1891/57 1149/1892/539 1150/1893/540 1115/1894/59
f 1115/1894/59 1150/1893/540 1151/1895/541 1117/1896/61
f 1090/1897/495 1088/1898/494 1200/1899/542 1201/1900/512
f 1117/1896/61 1151/1895/541 1152/1901/542 1119/1902/63
f 1119/1902/63 1152/1901/542 1122/1828/512 1057/1827/1
f 1057/1903/1 1059/1904/3 1061/1905/5 1063/1906/7 1065/1907/9 1067/1908/11 1069/1909/13 1071/1910/15 1073/1911/17 1075/1912/19 1077/1913/21 1079/1914/23 1081/1915/25 1083/1916/27 1085/1917/543 1087/1918/31 1089/1919/33 1091/1920/35 1093/1921/544 1095/1922/39 1097/1923/41 1099/1924/43 1101/1925/45 1103/1926/47 1105/1927/49 1107/1928/51 1109/1929/53 1111/1930/55 1113/1931/57 1115/1932/59 1117/1933/61 1119/1934/63
f 1058/1935/479 1060/1936/480 1121/1937/511 1122/1938/512
f 1060/1936/480 1062/1939/481 1123/1940/513 1121/1937/511
f 1062/1939/481 1064/1941/482 1124/1942/514 1123/1940/513
f 1064/1941/482 1066/1943/483 1125/1944/515 1124/1942/514
f 1066/1943/483 1068/1945/484 1126/1946/516 1125/1944/515
f 1068/1945/484 1070/1947/485 1127/1948/517 1126/1946/516
f 1070/1947/485 1072/1949/486 1128/1950/518 1127/1948/517
f 1072/1949/486 1074/1951/487 1129/1952/519 1128/1950/518
f 1074/1951/487 1076/1953/488 1130/1954/520 1129/1952/519
f 1076/1953/488 1078/1955/489 1131/1956/521 1130/1954/520
f 1078/1955/489 1080/1957/490 1132/1958/522 1131/1956/521
f 1080/1957/490 1082/1959/491 1133/1960/523 1132/1958/522
f 1082/1959/491 1084/1961/492 1134/1962/524 1133/1960/523
f 1084/1961/492 1086/1963/493 1135/1964/525 1134/1962/524
f 1086/1963/493 1088/1965/494 1136/1966/526 1135/1964/525
f 1088/1965/494 1090/1967/495 1137/1968/527 1136/1966/526
f 1090/1967/495 1092/1969/496 1138/1970/528 1137/1968/527
f 1092/1969/496 1094/1971/497 1139/1972/529 1138/1970/528
f 1094/1971/497 1096/1973/498 1140/1974/530 1139/1972/529
f 1096/1973/498 1098/1975/499 1141/1976/531 1140/1974/530
f 1098/1975/499 1100/1977/500 1142/1978/532 1141/1976/531
f 1100/1977/500 1102/1979/501 1143/1980/533 1142/1978/532
f 1102/1979/501 1104/1981/502 1144/1982/534 1143/1980/533
f 1104/1981/502 1106/1983/503 1145/1984/535 1144/1982/534
f 1106/1983/503 1108/1985/504 1146/1986/536 1145/1984/535
f 1108/1985/504 1110/1987/505 1147/1988/537 1146/1986/536
f 1110/1987/505 1112/1989/506 1148/1990/538 1147/1988/537
f 1112/1989/506 1114/1991/507 1149/1992/539 1148/1990/538
f 1114/1991/507 1116/1993/508 1150/1994/540 1149/1992/539
f 1116/1993/508 1118/1995/509 1151/1996/541 1150/1994/540
f 1118/1995/509 1120/1997/510 1152/1998/542 1151/1996/541
f 1120/1997/510 1058/1935/479 1122/1938/512 1152/1998/542
f 1175/1999/501 1174/2000/500 1270/2001/516 1271/2002/517
f 1064/2003/482 1062/2004/481 1187/2005/529 1188/2006/530
f 1118/2007/509 1116/2008/508 1214/2009/524 1215/2010/525
f 1092/2011/496 1090/1897/495 1201/1900/512 1202/2012/511
f 1066/2013/483 1064/2003/482 1188/2006/530 1189/2014/531
f 1120/2015/510 1118/2007/509 1215/2010/525 1216/2016/526
f 1094/2017/497 1092/2011/496 1202/2012/511 1203/2018/513
f 1068/2019/484 1066/2020/483 1189/2021/531 1190/2022/532
f 1058/2023/479 1120/2015/510 1216/2016/526 1186/2024/527
f 1096/2025/498 1094/2017/497 1203/2018/513 1204/2026/514
f 1070/2027/485 1068/2019/484 1190/2022/532 1191/2028/533
f 1098/2029/499 1096/2025/498 1204/2026/514 1205/2030/515
f 1072/2031/486 1070/2027/485 1191/2028/533 1192/2032/534
f 1100/2033/500 1098/2034/499 1205/2035/515 1206/2036/516
f 1074/2037/487 1072/2031/486 1192/2032/534 1193/2038/535
f 1102/2039/501 1100/2033/500 1206/2036/516 1207/2040/517
f 1076/2041/488 1074/2037/487 1193/2038/535 1194/2042/536
f 1104/2043/502 1102/2039/501 1207/2040/517 1208/2044/518
f 1078/2045/489 1076/2041/488 1194/2042/536 1195/2046/537
f 1106/2047/503 1104/2043/502 1208/2044/518 1209/2048/519
f 1080/2049/490 1078/2045/489 1195/2046/537 1196/2050/538
f 1108/2051/504 1106/2047/503 1209/2048/519 1210/2052/520
f 1082/2053/491 1080/2049/490 1196/2050/538 1197/2054/539
f 1110/2055/505 1108/2051/504 1210/2052/520 1211/2056/521
f 1084/2057/492 1082/2058/491 1197/2059/539 1198/2060/540
f 1112/2061/506 1110/2055/505 1211/2056/521 1212/2062/522
f 1086/2063/493 1084/2057/492 1198/2060/540 1199/2064/541
f 1060/2065/480 1058/2023/479 1186/2024/527 1185/2066/528
f 1114/2067/507 1112/2061/506 1212/2062/522 1213/2068/523
f 1088/1898/494 1086/2063/493 1199/2064/541 1200/1899/542
f 1062/2004/481 1060/2065/480 1185/2066/528 1187/2005/529
f 1116/2008/508 1114/2069/507 1213/2070/523 1214/2009/524
f 1154/2071/479 1153/2072/480 1185/2073/528 1186/2074/527
f 1153/2072/480 1155/2075/481 1187/2076/529 1185/2073/528
f 1155/2075/481 1156/2077/482 1188/2078/530 1187/2076/529
f 1156/2077/482 1157/2079/483 1189/2080/531 1188/2078/530
f 1157/2079/483 1158/2081/484 1190/2082/532 1189/2080/531
f 1158/2081/484 1159/2083/485 1191/2084/533 1190/2082/532
f 1159/2083/485 1160/2085/486 1192/2086/534 1191/2084/533
f 1160/2085/486 1161/2087/487 1193/2088/535 1192/2086/534
f 1161/2087/487 1162/2089/488 1194/2090/536 1193/2088/535
f 1162/2089/488 1163/2091/489 1195/2092/537 1194/2090/536
f 1163/2091/489 1164/2093/490 1196/2094/538 1195/2092/537
f 1164/2093/490 1165/2095/491 1197/2096/539 1196/2094/538
f 1165/2095/491 1166/2097/492 1198/2098/540 1197/2096/539
f 1166/2097/492 1167/2099/493 1199/2100/541 1198/2098/540
f 1167/2099/493 1168/2101/494 1200/2102/542 1199/2100/541
f 1168/2101/494 1169/2103/495 1201/2104/512 1200/2102/542
f 1169/2103/495 1170/2105/496 1202/2106/511 1201/2104/512
f 1170/2105/496 1171/2107/497 1203/2108/513 1202/2106/511
f 1171/2107/497 1172/2109/498 1204/2110/514 1203/2108/513
f 1172/2109/498 1173/2111/499 1205/2112/515 1204/2110/514
f 1173/2111/499 1174/2113/500 1206/2114/516 1205/2112/515
f 1174/2113/500 1175/2115/501 1207/2116/517 1206/2114/516
f 1175/2115/501 1176/2117/502 1208/2118/518 1207/2116/517
f 1176/2117/502 1177/2119/503 1209/2120/519 1208/2118/518
f 1177/2119/503 1178/2121/504 1210/2122/520 1209/2120/519
f 1178/2121/504 1179/2123/505 1211/2124/521 1210/2122/520
f 1179/2123/505 1180/2125/506 1212/2126/522 1211/2124/521
f 1180/2125/506 1181/2127/507 1213/2128/523 1212/2126/522
f 1181/2127/507 1182/2129/508 1214/2130/524 1213/2128/523
f 1182/2129/508 1183/2131/509 1215/2132/525 1214/2130/524
f 1183/2131/509 1184/2133/510 1216/2134/526 1215/2132/525
f 1184/2133/510 1154/2071/479 1186/2074/527 1216/2134/526
f 1234/2135/480 1233/2136/479 1329/2137/527 1330/2138/528
f 1162/2139/488 1161/2140/487 1257/2141/535 1258/2142/536
f 1176/2143/502 1175/1999/501 1271/2002/517 1272/2144/518
f 1163/2145/489 1162/2139/488 1258/2142/536 1259/2146/537
f 1177/2147/503 1176/2143/502 1272/2144/518 1273/2148/519
f 1164/2149/490 1163/2145/489 1259/2146/537 1260/2150/538
f 1178/2151/504 1177/2147/503 1273/2148/519 1274/2152/520
f 1165/2153/491 1164/2149/490 1260/2150/538 1261/2154/539
f 1179/2155/505 1178/2151/504 1274/2152/520 1275/2156/521
f 1166/2157/492 1165/2158/491 1261/2159/539 1262/2160/540
f 1180/2161/506 1179/2155/505 1275/2156/521 1276/2162/522
f 1167/2163/493 1166/2157/492 1262/2160/540 1263/2164/541
f 1153/2165/480 1154/2166/479 1250/2167/527 1249/2168/528
f 1181/2169/507 1180/2161/506 1276/2162/522 1277/2170/523
f 1168/2171/494 1167/2163/493 1263/2164/541 1264/2172/542
f 1155/2173/481 1153/2165/480 1249/2168/528 1251/2174/529
f 1182/2175/508 1181/2176/507 1277/2177/523 1278/2178/524
f 1169/2179/495 1168/2171/494 1264/2172/542 1265/2180/512
f 1156/2181/482 1155/2173/481 1251/2174/529 1252/2182/530
f 1183/2183/509 1182/2175/508 1278/2178/524 1279/2184/525
f 1170/2185/496 1169/2179/495 1265/2180/512 1266/2186/511
f 1157/2187/483 1156/2181/482 1252/2182/530 1253/2188/531
f 1184/2189/510 1183/2183/509 1279/2184/525 1280/2190/526
f 1171/2191/497 1170/2185/496 1266/2186/511 1267/2192/513
f 1158/2193/484 1157/2194/483 1253/2195/531 1254/2196/532
f 1154/2166/479 1184/2189/510 1280/2190/526 1250/2167/527
f 1172/2197/498 1171/2191/497 1267/2192/513 1268/2198/514
f 1159/2199/485 1158/2193/484 1254/2196/532 1255/2200/533
f 1173/2201/499 1172/2197/498 1268/2198/514 1269/2202/515
f 1160/2203/486 1159/2199/485 1255/2200/533 1256/2204/534
f 1174/2000/500 1173/2205/499 1269/2206/515 1270/2001/516
f 1161/2140/487 1160/2203/486 1256/2204/534 1257/2141/535
f 1218/2207/495 1217/2208/496 1249/2209/528 1250/2210/527
f 1217/2208/496 1219/2211/497 1251/2212/529 1249/2209/528
f 1219/2211/497 1220/2213/498 1252/2214/530 1251/2212/529
f 1220/2213/498 1221/2215/499 1253/2216/531 1252/2214/530
f 1221/2215/499 1222/2217/500 1254/2218/532 1253/2216/531
f 1222/2217/500 1223/2219/501 1255/2220/533 1254/2218/532
f 1223/2219/501 1224/2221/502 1256/2222/534 1255/2220/533
f 1224/2221/502 1225/2223/503 1257/2224/535 1256/2222/534
f 1225/2223/503 1226/2225/504 1258/2226/536 1257/2224/535
f 1226/2225/504 1227/2227/505 1259/2228/537 1258/2226/536
f 1227/2227/505 1228/2229/506 1260/2230/538 1259/2228/537
f 1228/2229/506 1229/2231/507 1261/2232/539 1260/2230/538
f 1229/2231/507 1230/2233/508 1262/2234/540 1261/2232/539
f 1230/2233/508 1231/2235/509 1263/2236/541 1262/2234/540
f 1231/2235/509 1232/2237/510 1264/2238/542 1263/2236/541
f 1232/2237/510 1233/2239/479 1265/2240/512 1264/2238/542
f 1233/2239/479 1234/2241/480 1266/2242/511 1265/2240/512
f 1234/2241/480 1235/2243/481 1267/2244/513 1266/2242/511
f 1235/2243/481 1236/2245/482 1268/2246/514 1267/2244/513
f 1236/2245/482 1237/2247/483 1269/2248/515 1268/2246/514
f 1237/2247/483 1238/2249/484 1270/2250/516 1269/2248/515
f 1238/2249/484 1239/2251/485 1271/2252/517 1270/2250/516
f 1239/2251/485 1240/2253/486 1272/2254/518 1271/2252/517
f 1240/2253/486 1241/2255/487 1273/2256/519 1272/2254/518
f 1241/2255/487 1242/2257/488 1274/2258/520 1273/2256/519
f 1242/2257/488 1243/2259/489 1275/2260/521 1274/2258/520
f 1243/2259/489 1244/2261/490 1276/2262/522 1275/2260/521
f 1244/2261/490 1245/2263/491 1277/2264/523 1276/2262/522
f 1245/2263/491 1246/2265/492 1278/2266/524 1277/2264/523
f 1246/2265/492 1247/2267/493 1279/2268/525 1278/2266/524
f 1247/2267/493 1248/2269/494 1280/2270/526 1279/2268/525
f 1248/2269/494 1218/2207/495 1250/2210/527 1280/2270/526
f 1304/2271/502 1303/2272/501 1367/2273/517 1368/2274/518
f 1221/2275/499 1220/2276/498 1316/2277/514 1317/2278/515
f 1248/2279/494 1247/2280/493 1343/2281/541 1344/2282/542
f 1235/2283/481 1234/2135/480 1330/2138/528 1331/2284/529
f 1222/2285/500 1221/2286/499 1317/2287/515 1318/2288/516
f 1218/2289/495 1248/2279/494 1344/2282/542 1314/2290/512
f 1236/2291/482 1235/2283/481 1331/2284/529 1332/2292/530
f 1223/2293/501 1222/2285/500 1318/2288/516 1319/2294/517
f 1237/2295/483 1236/2291/482 1332/2292/530 1333/2296/531
f 1224/2297/502 1223/2293/501 1319/2294/517 1320/2298/518
f 1238/2299/484 1237/2300/483 1333/2301/531 1334/2302/532
f 1225/2303/503 1224/2297/502 1320/2298/518 1321/2304/519
f 1239/2305/485 1238/2299/484 1334/2302/532 1335/2306/546
f 1226/2307/504 1225/2303/503 1321/2304/519 1322/2308/520
f 1240/2309/486 1239/2305/485 1335/2306/546 1336/2310/534
f 1227/2311/505 1226/2307/504 1322/2308/520 1323/2312/521
f 1241/2313/487 1240/2309/486 1336/2310/534 1337/2314/535
f 1228/2315/506 1227/2311/505 1323/2312/521 1324/2316/522
f 1242/2317/488 1241/2313/487 1337/2314/535 1338/2318/536
f 1229/2319/507 1228/2315/506 1324/2316/522 1325/2320/523
f 1243/2321/489 1242/2317/488 1338/2318/536 1339/2322/537
f 1230/2323/508 1229/2324/507 1325/2325/523 1326/2326/524
f 1244/2327/490 1243/2321/489 1339/2322/537 1340/2328/538
f 1231/2329/509 1230/2323/508 1326/2326/524 1327/2330/525
f 1217/2331/496 1218/2289/495 1314/2290/512 1313/2332/511
f 1245/2333/491 1244/2327/490 1340/2328/538 1341/2334/539
f 1232/2335/510 1231/2329/509 1327/2330/525 1328/2336/526
f 1219/2337/497 1217/2331/496 1313/2332/511 1315/2338/545
f 1246/2339/492 1245/2340/491 1341/2341/539 1342/2342/540
f 1233/2136/479 1232/2335/510 1328/2336/526 1329/2137/527
f 1220/2276/498 1219/2337/497 1315/2338/545 1316/2277/514
f 1247/2280/493 1246/2339/492 1342/2342/540 1343/2281/541
f 1282/2343/479 1281/2344/480 1313/2345/511 1314/2346/512
f 1281/2344/480 1283/2347/481 1315/2348/545 1313/2345/511
f 1283/2347/481 1284/2349/482 1316/2350/514 1315/2348/545
f 1284/2349/482 1285/2351/483 1317/2352/515 1316/2350/514
f 1285/2351/483 1286/2353/484 1318/2354/516 1317/2352/515
f 1286/2353/484 1287/2355/485 1319/2356/517 1318/2354/516
f 1287/2355/485 1288/2357/486 1320/2358/518 1319/2356/517
f 1288/2357/486 1289/2359/487 1321/2360/519 1320/2358/518
f 1289/2359/487 1290/2361/488 1322/2362/520 1321/2360/519
f 1290/2361/488 1291/2363/489 1323/2364/521 1322/2362/520
f 1291/2363/489 1292/2365/490 1324/2366/522 1323/2364/521
f 1292/2365/490 1293/2367/491 1325/2368/523 1324/2366/522
f 1293/2367/491 1294/2369/492 1326/2370/524 1325/2368/523
f 1294/2369/492 1295/2371/493 1327/2372/525 1326/2370/524
f 1295/2371/493 1296/2373/494 1328/2374/526 1327/2372/525
f 1296/2373/494 1297/2375/495 1329/2376/527 1328/2374/526
f 1297/2375/495 1298/2377/496 1330/2378/528 1329/2376/527
f 1298/2377/496 1299/2379/497 1331/2380/529 1330/2378/528
f 1299/2379/497 1300/2381/498 1332/2382/530 1331/2380/529
f 1300/2381/498 1301/2383/499 1333/2384/531 1332/2382/530
f 1301/2383/499 1302/2385/500 1334/2386/532 1333/2384/531
f 1302/2385/500 1303/2387/501 1335/2388/546 1334/2386/532
f 1303/2387/501 1304/2389/502 1336/2390/534 1335/2388/546
f 1304/2389/502 1305/2391/503 1337/2392/535 1336/2390/534
f 1305/2391/503 1306/2393/504 1338/2394/536 1337/2392/535
f 1306/2393/504 1307/2395/505 1339/2396/537 1338/2394/536
f 1307/2395/505 1308/2397/506 1340/2398/538 1339/2396/537
f 1308/2397/506 1309/2399/507 1341/2400/539 1340/2398/538
f 1309/2399/507 1310/2401/508 1342/2402/540 1341/2400/539
f 1310/2401/508 1311/2403/509 1343/2404/541 1342/2402/540
f 1311/2403/509 1312/2405/510 1344/2406/542 1343/2404/541
f 1312/2405/510 1282/2343/479 1314/2346/512 1344/2406/542
f 1345/2407/528 1346/2408/527 1376/2409/526 1375/2410/548 1374/2411/524 1373/2412/523 1372/2413/522 1371/2414/521 1370/2415/520 1369/2416/519 1368/2417/518 1367/2418/517 1366/2419/516 1365/2420/515 1364/2421/514 1363/2422/545 1362/2423/511 1361/2424/512 1360/2425/542 1359/2426/547 1358/2427/540 1357/2428/539 1356/2429/538 1355/2430/537 1354/2431/536 1353/2432/535 1352/2433/534 1351/2434/533 1350/2435/532 1349/2436/531 1348/2437/530 1347/2438/529
f 1291/2439/489 1290/2440/488 1354/2441/536 1355/2442/537
f 1305/2443/503 1304/2271/502 1368/2274/518 1369/2444/519
f 1292/2445/490 1291/2439/489 1355/2442/537 1356/2446/538
f 1306/2447/504 1305/2443/503 1369/2444/519 1370/2448/520
f 1293/2449/491 1292/2445/490 1356/2446/538 1357/2450/539
f 1307/2451/505 1306/2447/504 1370/2448/520 1371/2452/521
f 1294/2453/492 1293/2454/491 1357/2455/539 1358/2456/540
f 1308/2457/506 1307/2451/505 1371/2452/521 1372/2458/522
f 1295/2459/493 1294/2453/492 1358/2456/540 1359/2460/547
f 1281/2461/480 1282/2462/479 1346/2463/527 1345/2464/528
f 1309/2465/507 1308/2457/506 1372/2458/522 1373/2466/523
f 1296/2467/494 1295/2459/493 1359/2460/547 1360/2468/542
f 1283/2469/481 1281/2461/480 1345/2464/528 1347/2470/529
f 1310/2471/508 1309/2472/507 1373/2473/523 1374/2474/524
f 1297/2475/495 1296/2467/494 1360/2468/542 1361/2476/512
f 1284/2477/482 1283/2469/481 1347/2470/529 1348/2478/530
f 1311/2479/509 1310/2471/508 1374/2474/524 1375/2480/548
f 1298/2481/496 1297/2475/495 1361/2476/512 1362/2482/511
f 1285/2483/483 1284/2477/482 1348/2478/530 1349/2484/531
f 1312/2485/510 1311/2479/509 1375/2480/548 1376/2486/526
f 1299/2487/497 1298/2481/496 1362/2482/511 1363/2488/545
f 1286/2489/484 1285/2490/483 1349/2491/531 1350/2492/532
f 1282/2462/479 1312/2485/510 1376/2486/526 1346/2463/527
f 1300/2493/498 1299/2487/497 1363/2488/545 1364/2494/514
f 1287/2495/485 1286/2489/484 1350/2492/532 1351/2496/533
f 1301/2497/499 1300/2493/498 1364/2494/514 1365/2498/515
f 1288/2499/486 1287/2495/485 1351/2496/533 1352/2500/534
f 1302/2501/500 1301/2502/499 1365/2503/515 1366/2504/516
f 1289/2505/487 1288/2499/486 1352/2500/534 1353/2506/535
f 1303/2272/501 1302/2501/500 1366/2504/516 1367/2273/517
f 1290/2440/488 1289/2505/487 1353/2506/535 1354/2441/536
f 1377/2507/1 1442/2508/512 1441/2509/511 1379/2510/3
f 1379/2510/3 1441/2509/511 1443/2511/513 1381/2512/5
f 1381/2512/5 1443/2511/513 1444/2513/514 1383/2514/7
f 1383/2514/7 1444/2513/514 1445/2515/515 1385/2516/9
f 1385/2517/9 1445/2518/515 1446/2519/516 1387/2520/11
f 1387/2520/11 1446/2519/516 1447/2521/517 1389/2522/13
f 1389/2522/13 1447/2521/517 1448/2523/518 1391/2524/15
f 1391/2524/15 1448/2523/518 1449/2525/519 1393/2526/17
f 1393/2526/17 1449/2525/519 1450/2527/520 1395/2528/19
f 1395/2528/19 1450/2527/520 1451/2529/521 1397/2530/21
f 1397/2530/21 1451/2529/521 1452/2531/522 1399/2532/23
f 1399/2532/23 1452/2531/522 1453/2533/523 1401/2534/25
f 1401/2535/25 1453/2536/523 1454/2537/524 1403/2538/27
f 1403/2538/27 1454/2537/524 1455/2539/525 1405/2540/29
f 1405/2540/29 1455/2539/525 1456/2541/526 1407/2542/31
f 1407/2542/31 1456/2541/526 1457/2543/527 1409/2544/33
f 1409/2544/33 1457/2543/527 1458/2545/528 1411/2546/35
f 1411/2546/35 1458/2545/528 1459/2547/529 1413/2548/37
f 1413/2548/37 1459/2547/529 1460/2549/530 1415/2550/39
f 1415/2550/39 1460/2549/530 1461/2551/531 1417/2552/41
f 1417/2553/41 1461/2554/531 1462/2555/532 1419/2556/43
f 1419/2556/43 1462/2555/532 1463/2557/533 1421/2558/45
f 1421/2558/45 1463/2557/533 1464/2559/534 1423/2560/47
f 1423/2560/47 1464/2559/534 1465/2561/535 1425/2562/49
f 1425/2562/49 1465/2561/535 1466/2563/536 1427/2564/51
f 1427/2564/51 1466/2563/536 1467/2565/537 1429/2566/53
f 1429/2566/53 1467/2565/537 1468/2567/538 1431/2568/55
f 1431/2568/55 1468/2567/538 1469/2569/539 1433/2570/57
f 1433/2571/57 1469/2572/539 1470/2573/540 1435/2574/59
f 1435/2574/59 1470/2573/540 1471/2575/541 1437/2576/61
f 1410/2577/495 1408/2578/494 1520/2579/542 1521/2580/512
f 1437/2576/61 1471/2575/541 1472/2581/542 1439/2582/63
f 1439/2582/63 1472/2581/542 1442/2508/512 1377/2507/1
f 1377/2583/1 1379/2584/3 1381/2585/5 1383/2586/7 1385/2587/9 1387/2588/11 1389/2589/13 1391/2590/15 1393/2591/17 1395/2592/19 1397/2593/21 1399/2594/23 1401/2595/25 1403/2596/27 1405/2597/29 1407/2598/31 1409/2599/33 1411/2600/35 1413/2601/37 1415/2602/39 1417/2603/41 1419/2604/43 1421/2605/45 1423/2606/47 1425/2607/49 1427/2608/51 1429/2609/53 1431/2610/55 1433/2611/57 1435/2612/59 1437/2613/61 1439/2614/63
f 1378/2615/479 1380/2616/480 1441/2617/511 1442/2618/512
f 1380/2616/480 1382/2619/481 1443/2620/513 1441/2617/511
f 1382/2619/481 1384/2621/482 1444/2622/514 1443/2620/513
f 1384/2621/482 1386/2623/483 1445/2624/515 1444/2622/514
f 1386/2623/483 1388/2625/484 1446/2626/516 1445/2624/515
f 1388/2625/484 1390/2627/485 1447/2628/517 1446/2626/516
f 1390/2627/485 1392/2629/486 1448/2630/518 1447/2628/517
f 1392/2629/486 1394/2631/487 1449/2632/519 1448/2630/518
f 1394/2631/487 1396/2633/488 1450/2634/520 1449/2632/519
f 1396/2633/488 1398/2635/489 1451/2636/521 1450/2634/520
f 1398/2635/489 1400/2637/490 1452/2638/522 1451/2636/521
f 1400/2637/490 1402/2639/491 1453/2640/523 1452/2638/522
f 1402/2639/491 1404/2641/492 1454/2642/524 1453/2640/523
f 1404/2641/492 1406/2643/493 1455/2644/525 1454/2642/524
f 1406/2643/493 1408/2645/494 1456/2646/526 1455/2644/525
f 1408/2645/494 1410/2647/495 1457/2648/527 1456/2646/526
f 1410/2647/495 1412/2649/496 1458/2650/528 1457/2648/527
f 1412/2649/496 1414/2651/497 1459/2652/529 1458/2650/528
f 1414/2651/497 1416/2653/498 1460/2654/530 1459/2652/529
f 1416/2653/498 1418/2655/499 1461/2656/531 1460/2654/530
f 1418/2655/499 1420/2657/500 1462/2658/532 1461/2656/531
f 1420/2657/500 1422/2659/501 1463/2660/533 1462/2658/532
f 1422/2659/501 1424/2661/502 1464/2662/534 1463/2660/533
f 1424/2661/502 1426/2663/503 1465/2664/535 1464/2662/534
f 1426/2663/503 1428/2665/504 1466/2666/536 1465/2664/535
f 1428/2665/504 1430/2667/505 1467/2668/537 1466/2666/536
f 1430/2667/505 1432/2669/506 1468/2670/538 1467/2668/537
f 1432/2669/506 1434/2671/507 1469/2672/539 1468/2670/538
f 1434/2671/507 1436/2673/508 1470/2674/540 1469/2672/539
f 1436/2673/508 1438/2675/509 1471/2676/541 1470/2674/540
f 1438/2675/509 1440/2677/510 1472/2678/542 1471/2676/541
f 1440/2677/510 1378/2615/479 1442/2618/512 1472/2678/542
f 1495/2679/501 1494/2680/500 1590/2681/516 1591/2682/517
f 1384/2683/482 1382/2684/481 1507/2685/529 1508/2686/530
f 1438/2687/509 1436/2688/508 1534/2689/524 1535/2690/525
f 1412/2691/496 1410/2577/495 1521/2580/512 1522/2692/511
f 1386/2693/483 1384/2683/482 1508/2686/530 1509/2694/531
f 1440/2695/510 1438/2687/509 1535/2690/525 1536/2696/526
f 1414/2697/497 1412/2691/496 1522/2692/511 1523/2698/545
f 1388/2699/484 1386/2700/483 1509/2701/531 1510/2702/532
f 1378/2703/479 1440/2695/510 1536/2696/526 1506/2704/527
f 1416/2705/498 1414/2697/497 1523/2698/545 1524/2706/514
f 1390/2707/485 1388/2699/484 1510/2702/532 1511/2708/533
f 1418/2709/499 1416/2705/498 1524/2706/514 1525/2710/515
f 1392/2711/486 1390/2707/485 1511/2708/533 1512/2712/534
f 1420/2713/500 1418/2714/499 1525/2715/515 1526/2716/516
f 1394/2717/487 1392/2711/486 1512/2712/534 1513/2718/535
f 1422/2719/501 1420/2713/500 1526/2716/516 1527/2720/517
f 1396/2721/488 1394/2717/487 1513/2718/535 1514/2722/536
f 1424/2723/502 1422/2719/501 1527/2720/517 1528/2724/518
f 1398/2725/489 1396/2721/488 1514/2722/536 1515/2726/537
f 1426/2727/503 1424/2723/502 1528/2724/518 1529/2728/519
f 1400/2729/490 1398/2725/489 1515/2726/537 1516/2730/538
f 1428/2731/504 1426/2727/503 1529/2728/519 1530/2732/520
f 1402/2733/491 1400/2729/490 1516/2730/538 1517/2734/539
f 1430/2735/505 1428/2731/504 1530/2732/520 1531/2736/521
f 1404/2737/492 1402/2738/491 1517/2739/539 1518/2740/540
f 1432/2741/506 1430/2735/505 1531/2736/521 1532/2742/522
f 1406/2743/493 1404/2737/492 1518/2740/540 1519/2744/547
f 1380/2745/480 1378/2703/479 1506/2704/527 1505/2746/528
f 1434/2747/507 1432/2741/506 1532/2742/522 1533/2748/523
f 1408/2578/494 1406/2743/493 1519/2744/547 1520/2579/542
f 1382/2684/481 1380/2745/480 1505/2746/528 1507/2685/529
f 1436/2688/508 1434/2749/507 1533/2750/523 1534/2689/524
f 1474/2751/479 1473/2752/480 1505/2753/528 1506/2754/527
f 1473/2752/480 1475/2755/481 1507/2756/529 1505/2753/528
f 1475/2755/481 1476/2757/482 1508/2758/530 1507/2756/529
f 1476/2757/482 1477/2759/483 1509/2760/531 1508/2758/530
f 1477/2759/483 1478/2761/484 1510/2762/532 1509/2760/531
f 1478/2761/484 1479/2763/485 1511/2764/533 1510/2762/532
f 1479/2763/485 1480/2765/486 1512/2766/534 1511/2764/533
f 1480/2765/486 1481/2767/487 1513/2768/535 1512/2766/534
f 1481/2767/487 1482/2769/488 1514/2770/536 1513/2768/535
f 1482/2769/488 1483/2771/489 1515/2772/537 1514/2770/536
f 1483/2771/489 1484/2773/490 1516/2774/538 1515/2772/537
f 1484/2773/490 1485/2775/491 1517/2776/539 1516/2774/538
f 1485/2775/491 1486/2777/492 1518/2778/540 1517/2776/539
f 1486/2777/492 1487/2779/493 1519/2780/547 1518/2778/540
f 1487/2779/493 1488/2781/494 1520/2782/542 1519/2780/547
f 1488/2781/494 1489/2783/495 1521/2784/512 1520/2782/542
f 1489/2783/495 1490/2785/496 1522/2786/511 1521/2784/512
f 1490/2785/496 1491/2787/497 1523/2788/545 1522/2786/511
f 1491/2787/497 1492/2789/498 1524/2790/514 1523/2788/545
f 1492/2789/498 1493/2791/499 1525/2792/515 1524/2790/514
f 1493/2791/499 1494/2793/500 1526/2794/516 1525/2792/515
f 1494/2793/500 1495/2795/501 1527/2796/517 1526/2794/516
f 1495/2795/501 1496/2797/502 1528/2798/518 1527/2796/517
f 1496/2797/502 1497/2799/503 1529/2800/519 1528/2798/518
f 1497/2799/503 1498/2801/504 1530/2802/520 1529/2800/519
f 1498/2801/504 1499/2803/505 1531/2804/521 1530/2802/520
f 1499/2803/505 1500/2805/506 1532/2806/522 1531/2804/521
f 1500/2805/506 1501/2807/507 1533/2808/523 1532/2806/522
f 1501/2807/507 1502/2809/508 1534/2810/524 1533/2808/523
f 1502/2809/508 1503/2811/509 1535/2812/525 1534/2810/524
f 1503/2811/509 1504/2813/510 1536/2814/526 1535/2812/525
f 1504/2813/510 1474/2751/479 1506/2754/527 1536/2814/526
f 1554/2815/480 1553/2816/479 1649/2817/527 1650/2818/528
f 1482/2819/488 1481/2820/487 1577/2821/535 1578/2822/536
f 1496/2823/502 1495/2679/501 1591/2682/517 1592/2824/518
f 1483/2825/489 1482/2819/488 1578/2822/536 1579/2826/537
f 1497/2827/503 1496/2823/502 1592/2824/518 1593/2828/519
f 1484/2829/490 1483/2825/489 1579/2826/537 1580/2830/538
f 1498/2831/504 1497/2827/503 1593/2828/519 1594/2832/520
f 1485/2833/491 1484/2829/490 1580/2830/538 1581/2834/539
f 1499/2835/505 1498/2831/504 1594/2832/520 1595/2836/521
f 1486/2837/492 1485/2838/491 1581/2839/539 1582/2840/540
f 1500/2841/506 1499/2835/505 1595/2836/521 1596/2842/522
f 1487/2843/493 1486/2837/492 1582/2840/540 1583/2844/541
f 1473/2845/480 1474/2846/479 1570/2847/527 1569/2848/528
f 1501/2849/507 1500/2841/506 1596/2842/522 1597/2850/523
f 1488/2851/494 1487/2843/493 1583/2844/541 1584/2852/542
f 1475/2853/481 1473/2845/480 1569/2848/528 1571/2854/529
f 1502/2855/508 1501/2856/507 1597/2857/523 1598/2858/524
f 1489/2859/495 1488/2851/494 1584/2852/542 1585/2860/512
f 1476/2861/482 1475/2853/481 1571/2854/529 1572/2862/530
f 1503/2863/509 1502/2855/508 1598/2858/524 1599/2864/525
f 1490/2865/496 1489/2859/495 1585/2860/512 1586/2866/511
f 1477/2867/483 1476/2861/482 1572/2862/530 1573/2868/531
f 1504/2869/510 1503/2863/509 1599/2864/525 1600/2870/526
f 1491/2871/497 1490/2865/496 1586/2866/511 1587/2872/513
f 1478/2873/484 1477/2874/483 1573/2875/531 1574/2876/532
f 1474/2846/479 1504/2869/510 1600/2870/526 1570/2847/527
f 1492/2877/498 1491/2871/497 1587/2872/513 1588/2878/514
f 1479/2879/485 1478/2873/484 1574/2876/532 1575/2880/533
f 1493/2881/499 1492/2877/498 1588/2878/514 1589/2882/515
f 1480/2883/486 1479/2879/485 1575/2880/533 1576/2884/534
f 1494/2680/500 1493/2885/499 1589/2886/515 1590/2681/516
f 1481/2820/487 1480/2883/486 1576/2884/534 1577/2821/535
f 1538/2887/495 1537/2888/496 1569/2889/528 1570/2890/527
f 1537/2888/496 1539/2891/497 1571/2892/529 1569/2889/528
f 1539/2891/497 1540/2893/498 1572/2894/530 1571/2892/529
f 1540/2893/498 1541/2895/499 1573/2896/531 1572/2894/530
f 1541/2895/499 1542/2897/500 1574/2898/532 1573/2896/531
f 1542/2897/500 1543/2899/501 1575/2900/533 1574/2898/532
f 1543/2899/501 1544/2901/502 1576/2902/534 1575/2900/533
f 1544/2901/502 1545/2903/503 1577/2904/535 1576/2902/534
f 1545/2903/503 1546/2905/504 1578/2906/536 1577/2904/535
f 1546/2905/504 1547/2907/505 1579/2908/537 1578/2906/536
f 1547/2907/505 1548/2909/506 1580/2910/538 1579/2908/537
f 1548/2909/506 1549/2911/507 1581/2912/539 1580/2910/538
f 1549/2911/507 1550/2913/508 1582/2914/540 1581/2912/539
f 1550/2913/508 1551/2915/509 1583/2916/541 1582/2914/540
f 1551/2915/509 1552/2917/510 1584/2918/542 1583/2916/541
f 1552/2917/510 1553/2919/479 1585/2920/512 1584/2918/542
f 1553/2919/479 1554/2921/480 1586/2922/511 1585/2920/512
f 1554/2921/480 1555/2923/481 1587/2924/513 1586/2922/511
f 1555/2923/481 1556/2925/482 1588/2926/514 1587/2924/513
f 1556/2925/482 1557/2927/483 1589/2928/515 1588/2926/514
f 1557/2927/483 1558/2929/484 1590/2930/516 1589/2928/515
f 1558/2929/484 1559/2931/485 1591/2932/517 1590/2930/516
f 1559/2931/485 1560/2933/486 1592/2934/518 1591/2932/517
f 1560/2933/486 1561/2935/487 1593/2936/519 1592/2934/518
f 1561/2935/487 1562/2937/488 1594/2938/520 1593/2936/519
f 1562/2937/488 1563/2939/489 1595/2940/521 1594/2938/520
f 1563/2939/489 1564/2941/490 1596/2942/522 1595/2940/521
f 1564/2941/490 1565/2943/491 1597/2944/523 1596/2942/522
f 1565/2943/491 1566/2945/492 1598/2946/524 1597/2944/523
f 1566/2945/492 1567/2947/493 1599/2948/525 1598/2946/524
f 1567/2947/493 1568/2949/494 1600/2950/526 1599/2948/525
f 1568/2949/494 1538/2887/495 1570/2890/527 1600/2950/526
f 1624/2951/502 1623/2952/501 1687/2953/549 1688/2954/518
f 1541/2955/499 1540/2956/498 1636/2957/514 1637/2958/515
f 1568/2959/494 1567/2960/493 1663/2961/541 1664/2962/542
f 1555/2963/481 1554/2815/480 1650/2818/528 1651/2964/529
f 1542/2965/500 1541/2966/499 1637/2967/515 1638/2968/516
f 1538/2969/495 1568/2959/494 1664/2962/542 1634/2970/512
f 1556/2971/482 1555/2963/481 1651/2964/529 1652/2972/530
f 1543/2973/501 1542/2965/500 1638/2968/516 1639/2974/517
f 1557/2975/483 1556/2971/482 1652/2972/530 1653/2976/531
f 1544/2977/502 1543/2973/501 1639/2974/517 1640/2978/518
f 1558/2979/484 1557/2980/483 1653/2981/531 1654/2982/532
f 1545/2983/503 1544/2977/502 1640/2978/518 1641/2984/519
f 1559/2985/485 1558/2979/484 1654/2982/532 1655/2986/546
f 1546/2987/504 1545/2983/503 1641/2984/519 1642/2988/520
f 1560/2989/486 1559/2985/485 1655/2986/546 1656/2990/534
f 1547/2991/505 1546/2987/504 1642/2988/520 1643/2992/521
f 1561/2993/487 1560/2989/486 1656/2990/534 1657/2994/535
f 1548/2995/506 1547/2991/505 1643/2992/521 1644/2996/522
f 1562/2997/488 1561/2993/487 1657/2994/535 1658/2998/536
f 1549/2999/507 1548/2995/506 1644/2996/522 1645/3000/523
f 1563/3001/489 1562/2997/488 1658/2998/536 1659/3002/537
f 1550/3003/508 1549/3004/507 1645/3005/523 1646/3006/524
f 1564/3007/490 1563/3001/489 1659/3002/537 1660/3008/538
f 1551/3009/509 1550/3003/508 1646/3006/524 1647/3010/525
f 1537/3011/496 1538/2969/495 1634/2970/512 1633/3012/511
f 1565/3013/491 1564/3007/490 1660/3008/538 1661/3014/539
f 1552/3015/510 1551/3009/509 1647/3010/525 1648/3016/526
f 1539/3017/497 1537/3011/496 1633/3012/511 1635/3018/513
f 1566/3019/492 1565/3020/491 1661/3021/539 1662/3022/540
f 1553/2816/479 1552/3015/510 1648/3016/526 1649/2817/527
f 1540/2956/498 1539/3017/497 1635/3018/513 1636/2957/514
f 1567/2960/493 1566/3019/492 1662/3022/540 1663/2961/541
f 1602/3023/479 1601/3024/480 1633/3025/511 1634/3026/512
f 1601/3024/480 1603/3027/481 1635/3028/513 1633/3025/511
f 1603/3027/481 1604/3029/482 1636/3030/514 1635/3028/513
f 1604/3029/482 1605/3031/483 1637/3032/515 1636/3030/514
f 1605/3031/483 1606/3033/484 1638/3034/516 1637/3032/515
f 1606/3033/484 1607/3035/485 1639/3036/517 1638/3034/516
f 1607/3035/485 1608/3037/486 1640/3038/518 1639/3036/517
f 1608/3037/486 1609/3039/487 1641/3040/519 1640/3038/518
f 1609/3039/487 1610/3041/488 1642/3042/520 1641/3040/519
f 1610/3041/488 1611/3043/489 1643/3044/521 1642/3042/520
f 1611/3043/489 1612/3045/490 1644/3046/522 1643/3044/521
f 1612/3045/490 1613/3047/491 1645/3048/523 1644/3046/522
f 1613/3047/491 1614/3049/492 1646/3050/524 1645/3048/523
f 1614/3049/492 1615/3051/493 1647/3052/525 1646/3050/524
f 1615/3051/493 1616/3053/494 1648/3054/526 1647/3052/525
f 1616/3053/494 1617/3055/495 1649/3056/527 1648/3054/526
f 1617/3055/495 1618/3057/496 1650/3058/528 1649/3056/527
f 1618/3057/496 1619/3059/497 1651/3060/529 1650/3058/528
f 1619/3059/497 1620/3061/498 1652/3062/530 1651/3060/529
f 1620/3061/498 1621/3063/499 1653/3064/531 1652/3062/530
f 1621/3063/499 1622/3065/500 1654/3066/532 1653/3064/531
f 1622/3065/500 1623/3067/501 1655/3068/546 1654/3066/532
f 1623/3067/501 1624/3069/502 1656/3070/534 1655/3068/546
f 1624/3069/502 1625/3071/503 1657/3072/535 1656/3070/534
f 1625/3071/503 1626/3073/504 1658/3074/536 1657/3072/535
f 1626/3073/504 1627/3075/505 1659/3076/537 1658/3074/536
f 1627/3075/505 1628/3077/506 1660/3078/538 1659/3076/537
f 1628/3077/506 1629/3079/507 1661/3080/539 1660/3078/538
f 1629/3079/507 1630/3081/508 1662/3082/540 1661/3080/539
f 1630/3081/508 1631/3083/509 1663/3084/541 1662/3082/540
f 1631/3083/509 1632/3085/510 1664/3086/542 1663/3084/541
f 1632/3085/510 1602/3023/479 1634/3026/512 1664/3086/542
f 1665/3087/528 1666/3088/527 1696/3089/526 1695/3090/525 1694/3091/524 1693/3092/523 1692/3093/522 1691/3094/521 1690/3095/520 1689/3096/519 1688/3097/518 1687/3098/549 1686/3099/516 1685/3100/515 1684/3101/514 1683/3102/545 1682/3103/511 1681/3104/512 1680/3105/542 1679/3106/547 1678/3107/540 1677/3108/539 1676/3109/538 1675/3110/537 1674/3111/536 1673/3112/535 1672/3113/534 1671/3114/533 1670/3115/532 1669/3116/531 1668/3117/530 1667/3118/529
f 1611/3119/489 1610/3120/488 1674/3121/536 1675/3122/537
f 1625/3123/503 1624/2951/502 1688/2954/518 1689/3124/519
f 1612/3125/490 1611/3119/489 1675/3122/537 1676/3126/538
f 1626/3127/504 1625/3123/503 1689/3124/519 1690/3128/520
f 1613/3129/491 1612/3125/490 1676/3126/538 1677/3130/539
f 1627/3131/505 1626/3127/504 1690/3128/520 1691/3132/521
f 1614/3133/492 1613/3134/491 1677/3135/539 1678/3136/540
f 1628/3137/506 1627/3131/505 1691/3132/521 1692/3138/522
f 1615/3139/493 1614/3133/492 1678/3136/540 1679/3140/547
f 1601/3141/480 1602/3142/479 1666/3143/527 1665/3144/528
f 1629/3145/507 1628/3137/506 1692/3138/522 1693/3146/523
f 1616/3147/494 1615/3139/493 1679/3140/547 1680/3148/542
f 1603/3149/481 1601/3141/480 1665/3144/528 1667/3150/529
f 1630/3151/508 1629/3152/507 1693/3153/523 1694/3154/524
f 1617/3155/495 1616/3147/494 1680/3148/542 1681/3156/512
f 1604/3157/482 1603/3149/481 1667/3150/529 1668/3158/530
f 1631/3159/509 1630/3151/508 1694/3154/524 1695/3160/525
f 1618/3161/496 1617/3155/495 1681/3156/512 1682/3162/511
f 1605/3163/483 1604/3157/482 1668/3158/530 1669/3164/531
f 1632/3165/510 1631/3159/509 1695/3160/525 1696/3166/526
f 1619/3167/497 1618/3161/496 1682/3162/511 1683/3168/545
f 1606/3169/484 1605/3170/483 1669/3171/531 1670/3172/532
f 1602/3142/479 1632/3165/510 1696/3166/526 1666/3143/527
f 1620/3173/498 1619/3167/497 1683/3168/545 1684/3174/514
f 1607/3175/485 1606/3169/484 1670/3172/532 1671/3176/533
f 1621/3177/499 1620/3173/498 1684/3174/514 1685/3178/515
f 1608/3179/486 1607/3175/485 1671/3176/533 1672/3180/534
f 1622/3181/500 1621/3182/499 1685/3183/515 1686/3184/516
f 1609/3185/487 1608/3179/486 1672/3180/534 1673/3186/535
f 1623/2952/501 1622/3181/500 1686/3184/516 1687/2953/549
f 1610/3120/488 1609/3185/487 1673/3186/535 1674/3121/536
