# Blender 5.1.2
# www.blender.org
mtllib reactor_ASSETS.mtl
o Plane.002
v -5.266011 0.740919 -8.848748
v -5.266011 0.851256 -8.739471
v -5.266011 1.001448 -8.700004
v -5.266011 1.151252 -8.740919
v -5.266011 1.260529 -8.851255
v -5.266011 1.299996 -9.001448
v -5.266011 1.259081 -9.151252
v -5.266011 1.148745 -9.260529
v -5.266011 0.998552 -9.299996
v -5.266011 0.848748 -9.259081
v -5.266011 0.739472 -9.148745
v -5.266011 0.700004 -8.998552
v 0.474181 0.150000 0.000000
v 0.583989 0.259808 0.000000
v 0.733989 0.300000 0.000000
v 0.883989 0.259808 0.000000
v 0.993796 0.150000 0.000000
v 1.033989 0.000000 0.000000
v 0.993797 -0.150000 0.000000
v 0.883989 -0.259808 0.000000
v 0.733989 -0.300000 0.000000
v 0.583989 -0.259808 0.000000
v 0.474181 -0.150000 0.000000
v 0.433989 -0.000000 0.000000
v 0.474181 0.150000 0.000000
v 0.583989 0.259808 0.000000
v 0.733989 0.300000 0.000000
v 0.883989 0.259808 0.000000
v 0.993796 0.150000 0.000000
v 1.033989 0.000000 0.000000
v 0.993797 -0.150000 0.000000
v 0.883989 -0.259808 0.000000
v 0.733989 -0.300000 0.000000
v 0.583989 -0.259808 0.000000
v 0.474181 -0.150000 0.000000
v 0.433989 -0.000000 0.000000
v 0.474181 0.150000 -4.000000
v 0.583989 0.259808 -4.000000
v 0.733989 0.300000 -4.000000
v 0.883989 0.259808 -4.000000
v 0.993796 0.150000 -4.000000
v 1.033989 0.000000 -4.000000
v 0.993797 -0.150000 -4.000000
v 0.883989 -0.259808 -4.000000
v 0.733989 -0.300000 -4.000000
v 0.583989 -0.259808 -4.000000
v 0.474181 -0.150000 -4.000000
v 0.433989 -0.000000 -4.000000
v 0.474181 0.149278 -8.801065
v 0.583989 0.258557 -8.790303
v 0.733989 0.298555 -8.786364
v 0.883989 0.258557 -8.790303
v 0.993796 0.149278 -8.801065
v 1.033989 0.000000 -8.815768
v 0.993797 -0.149278 -8.830471
v 0.883989 -0.258556 -8.841233
v 0.733989 -0.298555 -8.845173
v 0.583989 -0.258557 -8.841233
v 0.474181 -0.149278 -8.830471
v 0.433989 -0.000000 -8.815768
v 0.474181 0.152606 -8.828870
v 0.583989 0.254055 -8.786848
v 0.733989 0.291188 -8.771467
v 0.883989 0.254055 -8.786848
v 0.993796 0.152606 -8.828869
v 1.033989 0.014024 -8.886271
v 0.993797 -0.124558 -8.943673
v 0.883989 -0.226007 -8.985695
v 0.733989 -0.263140 -9.001076
v 0.583989 -0.226008 -8.985695
v 0.474181 -0.124558 -8.943674
v 0.433989 0.014024 -8.886271
v 0.474181 0.160026 -8.839975
v 0.583989 0.237672 -8.762329
v 0.733989 0.266092 -8.733909
v 0.883989 0.237672 -8.762329
v 0.993796 0.160026 -8.839975
v 1.033989 0.053960 -8.946041
v 0.993797 -0.052106 -9.052107
v 0.883989 -0.129751 -9.129753
v 0.733989 -0.158172 -9.158174
v 0.583989 -0.129752 -9.129753
v 0.474181 -0.052106 -9.052107
v 0.433989 0.053960 -8.946041
v 0.474181 0.171131 -8.847395
v 0.583989 0.213151 -8.745945
v 0.733989 0.228532 -8.708813
v 0.883989 0.213151 -8.745945
v 0.993796 0.171131 -8.847395
v 1.033989 0.113729 -8.985977
v 0.993796 0.056328 -9.124559
v 0.883989 0.014307 -9.226009
v 0.733989 -0.001073 -9.263142
v 0.583989 0.014307 -9.226009
v 0.474181 0.056328 -9.124559
v 0.433989 0.113729 -8.985977
v 0.474181 0.198933 -8.850722
v 0.583989 0.209696 -8.741444
v 0.733989 0.213635 -8.701445
v 0.883989 0.209696 -8.741444
v 0.993796 0.198933 -8.850722
v 1.033989 0.184232 -9.000000
v 0.993797 0.169530 -9.149278
v 0.883989 0.158768 -9.258556
v 0.733989 0.154829 -9.298555
v 0.583989 0.158768 -9.258557
v 0.474181 0.169530 -9.149278
v 0.433989 0.184232 -9.000000
v 0.476156 2.790374 -8.848748
v 0.585961 2.801189 -8.739471
v 0.735430 2.815910 -8.700004
v 0.884513 2.830594 -8.740919
v 0.993263 2.841305 -8.851255
v 1.032541 2.845173 -9.001448
v 0.991822 2.841162 -9.151252
v 0.882017 2.830348 -9.260529
v 0.732548 2.815626 -9.299996
v 0.583465 2.800943 -9.259081
v 0.474715 2.790232 -9.148745
v 0.435437 2.786364 -8.998552
v 0.480606 2.787125 -8.848748
v 0.582543 2.829349 -8.739471
v 0.721303 2.886825 -8.700004
v 0.859704 2.944153 -8.740919
v 0.960662 2.985971 -8.851255
v 0.997126 3.001075 -9.001448
v 0.959324 2.985417 -9.151252
v 0.857387 2.943193 -9.260529
v 0.718628 2.885717 -9.299996
v 0.580226 2.828389 -9.259081
v 0.479268 2.786571 -9.148745
v 0.442804 2.771467 -8.998552
v 0.496831 2.762842 -8.848748
v 0.574850 2.840862 -8.739471
v 0.681052 2.947063 -8.700004
v 0.786980 3.052991 -8.740919
v 0.864250 3.130261 -8.851255
v 0.892158 3.158169 -9.001448
v 0.863226 3.129237 -9.151252
v 0.785207 3.051218 -9.260529
v 0.679005 2.945016 -9.299996
v 0.573077 2.839088 -9.259081
v 0.495807 2.761818 -9.148745
v 0.467899 2.733910 -8.998552
v 0.521113 2.746617 -8.848748
v 0.563337 2.848554 -8.739471
v 0.620814 2.987314 -8.700004
v 0.678141 3.125715 -8.740919
v 0.719959 3.226673 -8.851255
v 0.735063 3.263137 -9.001448
v 0.719405 3.225336 -9.151252
v 0.677182 3.123398 -9.260529
v 0.619705 2.984639 -9.299996
v 0.562378 2.846238 -9.259081
v 0.520559 2.745279 -9.148745
v 0.505456 2.708816 -8.998552
v 0.524363 2.742167 -8.848748
v 0.535177 2.851972 -8.739471
v 0.549899 3.001441 -8.700004
v 0.564582 3.150524 -8.740919
v 0.575293 3.259274 -8.851255
v 0.579162 3.298552 -9.001448
v 0.575151 3.257833 -9.151252
v 0.564336 3.148028 -9.260529
v 0.549615 2.998559 -9.299996
v 0.534932 2.849476 -9.259081
v 0.524221 2.740726 -9.148745
v 0.520352 2.701448 -8.998552
v -1.056385 2.742167 -8.848748
v -1.067200 2.851972 -8.739471
v -1.081921 3.001441 -8.700004
v -1.096605 3.150524 -8.740919
v -1.107316 3.259274 -8.851255
v -1.111184 3.298552 -9.001448
v -1.107174 3.257833 -9.151252
v -1.096359 3.148028 -9.260529
v -1.081638 2.998559 -9.299996
v -1.066954 2.849476 -9.259081
v -1.056243 2.740726 -9.148745
v -1.052375 2.701448 -8.998552
v -1.053136 2.746617 -8.848748
v -1.095360 2.848554 -8.739471
v -1.152836 2.987314 -8.700004
v -1.210164 3.125715 -8.740919
v -1.251982 3.226673 -8.851255
v -1.267086 3.263137 -9.001448
v -1.251428 3.225336 -9.151252
v -1.209204 3.123398 -9.260529
v -1.151728 2.984639 -9.299996
v -1.094400 2.846238 -9.259081
v -1.052582 2.745279 -9.148745
v -1.037478 2.708816 -8.998552
v -1.028853 2.762842 -8.848748
v -1.106873 2.840862 -8.739471
v -1.213075 2.947063 -8.700004
v -1.319002 3.052991 -8.740919
v -1.396272 3.130261 -8.851255
v -1.424181 3.158169 -9.001448
v -1.395249 3.129237 -9.151252
v -1.317229 3.051218 -9.260529
v -1.211027 2.945016 -9.299996
v -1.105100 2.839088 -9.259081
v -1.027830 2.761818 -9.148745
v -0.999921 2.733910 -8.998552
v -1.012628 2.787125 -8.848748
v -1.114566 2.829349 -8.739471
v -1.253325 2.886825 -8.700004
v -1.391726 2.944153 -8.740919
v -1.492684 2.985971 -8.851255
v -1.529148 3.001075 -9.001448
v -1.491347 2.985417 -9.151252
v -1.389410 2.943193 -9.260529
v -1.250650 2.885717 -9.299996
v -1.112249 2.828389 -9.259081
v -1.011291 2.786571 -9.148745
v -0.974827 2.771467 -8.998552
v -1.008178 2.790374 -8.848748
v -1.117983 2.801189 -8.739471
v -1.267452 2.815910 -8.700004
v -1.416535 2.830594 -8.740919
v -1.525285 2.841305 -8.851255
v -1.564563 2.845173 -9.001448
v -1.523844 2.841162 -9.151252
v -1.414039 2.830348 -9.260529
v -1.264570 2.815626 -9.299996
v -1.115488 2.800943 -9.259081
v -1.006737 2.790232 -9.148745
v -0.967459 2.786364 -8.998552
v -1.008178 1.158838 -8.848748
v -1.117983 1.169653 -8.739471
v -1.267452 1.184374 -8.700004
v -1.416535 1.199057 -8.740919
v -1.525285 1.209768 -8.851255
v -1.564563 1.213636 -9.001448
v -1.523844 1.209626 -9.151252
v -1.414040 1.198811 -9.260529
v -1.264570 1.184090 -9.299996
v -1.115488 1.169407 -9.259081
v -1.006737 1.158696 -9.148745
v -0.967459 1.154827 -8.998552
v -1.040675 1.014584 -8.848748
v -1.142613 1.056807 -8.739471
v -1.281373 1.114283 -8.700004
v -1.419774 1.171611 -8.740919
v -1.520732 1.213429 -8.851255
v -1.557196 1.228533 -9.001448
v -1.519394 1.212875 -9.151252
v -1.417457 1.170651 -9.260529
v -1.278697 1.113175 -9.299996
v -1.140296 1.055848 -9.259081
v -1.039338 1.014030 -9.148745
v -1.002874 0.998926 -8.998552
v -1.136774 0.870762 -8.848748
v -1.214793 0.948782 -8.739471
v -1.320995 1.054984 -8.700004
v -1.426923 1.160911 -8.740919
v -1.504193 1.238182 -8.851255
v -1.532101 1.266090 -9.001448
v -1.503169 1.237158 -9.151252
v -1.425150 1.159138 -9.260529
v -1.318948 1.052936 -9.299996
v -1.213020 0.947009 -9.259081
v -1.135750 0.869739 -9.148745
v -1.107842 0.841830 -8.998552
v -1.280595 0.774664 -8.848748
v -1.322819 0.876602 -8.739471
v -1.380295 1.015361 -8.700004
v -1.437622 1.153762 -8.740919
v -1.479440 1.254721 -8.851255
v -1.494544 1.291184 -9.001448
v -1.478886 1.253383 -9.151252
v -1.436662 1.151446 -9.260529
v -1.379187 1.012686 -9.299996
v -1.321859 0.874285 -9.259081
v -1.280041 0.773327 -9.148745
v -1.264937 0.736863 -8.998552
v -1.424849 0.742167 -8.848748
v -1.435664 0.851972 -8.739471
v -1.450385 1.001441 -8.700004
v -1.465068 1.150524 -8.740919
v -1.475779 1.259274 -8.851255
v -1.479648 1.298552 -9.001448
v -1.475637 1.257833 -9.151252
v -1.464822 1.148028 -9.260529
v -1.450101 0.998559 -9.299996
v -1.435418 0.849476 -9.259081
v -1.424707 0.740726 -9.148745
v -1.420839 0.701448 -8.998552
v -5.266011 0.740919 -8.848748
v -5.266011 0.851256 -8.739471
v -5.266011 1.001448 -8.700004
v -5.266011 1.151252 -8.740919
v -5.266011 1.260529 -8.851255
v -5.266011 1.299996 -9.001448
v -5.266011 1.259081 -9.151252
v -5.266011 1.148745 -9.260529
v -5.266011 0.998552 -9.299996
v -5.266011 0.848748 -9.259081
v -5.266011 0.739472 -9.148745
v -5.266011 0.700004 -8.998552
v -5.000000 0.261087 -9.147762
v -5.000000 0.152227 -9.258510
v -5.000000 0.002578 -9.299989
v -5.000000 -0.147762 -9.261086
v -5.000000 -0.258509 -9.152226
v -5.000000 -0.299989 -9.002578
v -5.000000 -0.261087 -8.852238
v -5.000000 -0.152227 -8.741491
v -5.000000 -0.002578 -8.700011
v -5.000000 0.147762 -8.738913
v -5.000000 0.258509 -8.847774
v -5.000000 0.299989 -8.997422
v -0.259808 0.150000 0.000000
v -0.150000 0.259808 0.000000
v -0.000000 0.300000 0.000000
v 0.150000 0.259808 0.000000
v 0.259808 0.150000 0.000000
v 0.300000 0.000000 0.000000
v 0.259808 -0.150000 0.000000
v 0.150000 -0.259807 0.000000
v 0.000000 -0.300000 0.000000
v -0.150000 -0.259808 0.000000
v -0.259807 -0.150000 0.000000
v -0.300000 -0.000000 0.000000
v -0.259808 0.150000 0.000000
v -0.150000 0.259808 0.000000
v -0.000000 0.300000 0.000000
v 0.150000 0.259808 0.000000
v 0.259808 0.150000 0.000000
v 0.300000 0.000000 0.000000
v 0.259808 -0.150000 0.000000
v 0.150000 -0.259807 0.000000
v 0.000000 -0.300000 0.000000
v -0.150000 -0.259808 0.000000
v -0.259807 -0.150000 0.000000
v -0.300000 -0.000000 0.000000
v -0.259808 0.148717 -2.287700
v -0.150000 0.257585 -2.273367
v -0.000000 0.297433 -2.268121
v 0.150000 0.257585 -2.273367
v 0.259807 0.148717 -2.287700
v 0.300000 0.000000 -2.307279
v 0.259808 -0.148717 -2.326858
v 0.150000 -0.257585 -2.341191
v 0.000000 -0.297433 -2.346437
v -0.150000 -0.257585 -2.341191
v -0.259807 -0.148717 -2.326858
v -0.300000 -0.000000 -2.307279
v -0.259808 0.222711 -2.578640
v -0.150000 0.317807 -2.523736
v -0.000000 0.352615 -2.503639
v 0.150000 0.317807 -2.523736
v 0.259808 0.222711 -2.578640
v 0.300000 0.092807 -2.653640
v 0.259808 -0.037097 -2.728639
v 0.150000 -0.132193 -2.783543
v 0.000000 -0.167001 -2.803640
v -0.150000 -0.132193 -2.783543
v -0.259807 -0.037097 -2.728640
v -0.300000 0.092807 -2.653640
v -0.259808 0.421360 -2.777289
v -0.150000 0.476264 -2.682193
v -0.000000 0.496360 -2.647385
v 0.150000 0.476264 -2.682193
v 0.259808 0.421360 -2.777289
v 0.300000 0.346361 -2.907193
v 0.259808 0.271360 -3.037097
v 0.150000 0.216457 -3.132193
v 0.000000 0.196360 -3.167001
v -0.150000 0.216456 -3.132193
v -0.259807 0.271360 -3.037097
v -0.300000 0.346360 -2.907193
v -0.259808 0.712300 -2.851283
v -0.150000 0.726633 -2.742415
v -0.000000 0.731879 -2.702567
v 0.150000 0.726633 -2.742415
v 0.259808 0.712300 -2.851283
v 0.300000 0.692721 -3.000000
v 0.259808 0.673142 -3.148716
v 0.150000 0.658809 -3.257585
v 0.000000 0.653563 -3.297433
v -0.150000 0.658809 -3.257585
v -0.259807 0.673142 -3.148717
v -0.300000 0.692721 -3.000000
v -0.259808 1.326858 -2.851283
v -0.150000 1.341191 -2.742415
v -0.000000 1.346437 -2.702567
v 0.150000 1.341191 -2.742415
v 0.259808 1.326858 -2.851283
v 0.300000 1.307279 -3.000000
v 0.259808 1.287700 -3.148716
v 0.150000 1.273368 -3.257585
v 0.000000 1.268121 -3.297433
v -0.150000 1.273367 -3.257585
v -0.259807 1.287700 -3.148717
v -0.300000 1.307279 -3.000000
v -0.259808 1.728640 -2.962903
v -0.150000 1.783543 -2.867807
v -0.000000 1.803640 -2.832999
v 0.150000 1.783543 -2.867807
v 0.259808 1.728640 -2.962903
v 0.300000 1.653640 -3.092807
v 0.259808 1.578640 -3.222711
v 0.150000 1.523736 -3.317807
v 0.000000 1.503639 -3.352615
v -0.150000 1.523736 -3.317807
v -0.259807 1.578639 -3.222711
v -0.300000 1.653639 -3.092807
v -0.259808 2.037097 -3.271360
v -0.150000 2.132193 -3.216457
v -0.000000 2.167001 -3.196360
v 0.150000 2.132193 -3.216457
v 0.259808 2.037097 -3.271360
v 0.300000 1.907193 -3.346360
v 0.259808 1.777289 -3.421360
v 0.150000 1.682193 -3.476264
v 0.000000 1.647385 -3.496361
v -0.150000 1.682193 -3.476264
v -0.259807 1.777289 -3.421360
v -0.300000 1.907193 -3.346361
v -0.259808 2.148717 -3.673142
v -0.150000 2.257585 -3.658809
v -0.000000 2.297433 -3.653563
v 0.150000 2.257585 -3.658809
v 0.259807 2.148717 -3.673142
v 0.300000 2.000000 -3.692721
v 0.259808 1.851284 -3.712300
v 0.150000 1.742415 -3.726633
v 0.000000 1.702567 -3.731879
v -0.150000 1.742415 -3.726633
v -0.259807 1.851283 -3.712300
v -0.300000 2.000000 -3.692721
v -0.259808 2.150000 -6.000000
v -0.150000 2.259808 -6.000000
v -0.000000 2.300000 -6.000000
v 0.150000 2.259808 -6.000000
v 0.259807 2.150000 -6.000000
v 0.300000 2.000000 -6.000000
v 0.259808 1.850000 -6.000000
v 0.150000 1.740193 -6.000000
v 0.000000 1.700000 -6.000000
v -0.150000 1.740192 -6.000000
v -0.259807 1.850000 -6.000000
v -0.300000 2.000000 -6.000000
v -0.259808 2.148717 -8.326859
v -0.150000 2.257585 -8.341191
v -0.000000 2.297433 -8.346437
v 0.150000 2.257585 -8.341191
v 0.259808 2.148717 -8.326859
v 0.300000 2.000000 -8.307280
v 0.259808 1.851284 -8.287701
v 0.150000 1.742415 -8.273368
v 0.000000 1.702567 -8.268122
v -0.150000 1.742415 -8.273368
v -0.259807 1.851283 -8.287701
v -0.300000 2.000000 -8.307280
v -0.259808 2.037097 -8.728640
v -0.150000 2.132193 -8.783544
v -0.000000 2.167001 -8.803640
v 0.150000 2.132193 -8.783544
v 0.259808 2.037097 -8.728640
v 0.300000 1.907193 -8.653640
v 0.259808 1.777289 -8.578640
v 0.150000 1.682193 -8.523736
v 0.000000 1.647385 -8.503639
v -0.150000 1.682193 -8.523736
v -0.259808 1.777289 -8.578640
v -0.300000 1.907193 -8.653640
v -0.259808 1.728639 -9.037097
v -0.150000 1.783543 -9.132194
v -0.000000 1.803639 -9.167001
v 0.150000 1.783543 -9.132194
v 0.259808 1.728640 -9.037097
v 0.300000 1.653640 -8.907193
v 0.259808 1.578640 -8.777289
v 0.150000 1.523736 -8.682193
v 0.000000 1.503640 -8.647386
v -0.150000 1.523736 -8.682193
v -0.259807 1.578640 -8.777289
v -0.300000 1.653639 -8.907193
v -0.259808 1.326858 -9.148717
v -0.150000 1.341191 -9.257585
v -0.000000 1.346437 -9.297434
v 0.150000 1.341191 -9.257585
v 0.259807 1.326858 -9.148717
v 0.300000 1.307279 -9.000000
v 0.259808 1.287700 -8.851283
v 0.150000 1.273368 -8.742415
v 0.000000 1.268121 -8.702566
v -0.150000 1.273368 -8.742414
v -0.259807 1.287700 -8.851283
v -0.300000 1.307279 -9.000000
v -0.258853 0.726799 -9.147762
v -0.150924 0.712590 -9.258510
v -0.002556 0.693057 -9.299989
v 0.146498 0.673434 -9.261086
v 0.256298 0.658979 -9.152226
v 0.297422 0.653564 -9.002578
v 0.258853 0.658642 -8.852238
v 0.150925 0.672851 -8.741491
v 0.002556 0.692384 -8.700011
v -0.146498 0.712008 -8.738914
v -0.256297 0.726463 -8.847774
v -0.297422 0.731877 -8.997422
v -0.318915 0.476904 -9.147762
v -0.224639 0.422474 -9.258510
v -0.095039 0.347649 -9.299989
v 0.035159 0.272479 -9.261086
v 0.131069 0.217106 -9.152226
v 0.166991 0.196366 -9.002578
v 0.133301 0.215817 -8.852238
v 0.039025 0.270247 -8.741490
v -0.090575 0.345072 -8.700011
v -0.220773 0.420241 -8.738914
v -0.316682 0.475615 -8.847774
v -0.352605 0.496355 -8.997422
v -0.476904 0.318915 -9.147762
v -0.422474 0.224639 -9.258510
v -0.347649 0.095039 -9.299989
v -0.272479 -0.035159 -9.261086
v -0.217106 -0.131069 -9.152226
v -0.196366 -0.166991 -9.002578
v -0.215817 -0.133301 -8.852238
v -0.270247 -0.039025 -8.741491
v -0.345071 0.090575 -8.700011
v -0.420241 0.220773 -8.738913
v -0.475615 0.316682 -8.847774
v -0.496355 0.352605 -8.997422
v -0.726799 0.258853 -9.147762
v -0.712590 0.150924 -9.258510
v -0.693057 0.002556 -9.299989
v -0.673434 -0.146498 -9.261086
v -0.658979 -0.256298 -9.152226
v -0.653564 -0.297422 -9.002578
v -0.658642 -0.258853 -8.852238
v -0.672851 -0.150925 -8.741491
v -0.692384 -0.002556 -8.700011
v -0.712008 0.146498 -8.738914
v -0.726463 0.256298 -8.847774
v -0.731877 0.297422 -8.997422
v -5.000000 0.261087 -9.147762
v -5.000000 0.152227 -9.258510
v -5.000000 0.002578 -9.299989
v -5.000000 -0.147762 -9.261086
v -5.000000 -0.258509 -9.152226
v -5.000000 -0.299989 -9.002578
v -5.000000 -0.261087 -8.852238
v -5.000000 -0.152227 -8.741491
v -5.000000 -0.002578 -8.700011
v -5.000000 0.147762 -8.738913
v -5.000000 0.258509 -8.847774
v -5.000000 0.299989 -8.997422
v -0.147485 1.261244 -0.000000
v -0.258347 1.152501 -0.000000
v -0.299986 1.002896 -0.000000
v -0.261244 0.852515 -0.000000
v -0.152501 0.741653 0.000000
v -0.002896 0.700014 0.000000
v 0.147485 0.738756 0.000000
v 0.258347 0.847499 0.000000
v 0.299986 0.997104 0.000000
v 0.261244 1.147485 0.000000
v 0.152501 1.258347 -0.000000
v 0.002896 1.299986 -0.000000
v -5.000000 0.150000 -8.259808
v -5.000000 0.259808 -8.150001
v -5.000000 0.300000 -8.000000
v -5.000000 0.259808 -7.850000
v -5.000000 0.150000 -7.740192
v -5.000000 0.000000 -7.700000
v -5.000000 -0.150000 -7.740192
v -5.000000 -0.259808 -7.850000
v -5.000000 -0.300000 -8.000000
v -5.000000 -0.259808 -8.150000
v -5.000000 -0.150000 -8.259808
v -5.000000 -0.000000 -8.300000
v -5.000000 0.150000 -8.259808
v -5.000000 0.259808 -8.150001
v -5.000000 0.300000 -8.000000
v -5.000000 0.259808 -7.850000
v -5.000000 0.150000 -7.740192
v -5.000000 0.000000 -7.700000
v -5.000000 -0.150000 -7.740192
v -5.000000 -0.259808 -7.850000
v -5.000000 -0.300000 -8.000000
v -5.000000 -0.259808 -8.150000
v -5.000000 -0.150000 -8.259808
v -5.000000 -0.000000 -8.300000
v -0.187514 0.149278 -8.259808
v -0.198277 0.258557 -8.150001
v -0.202217 0.298555 -8.000000
v -0.198277 0.258557 -7.850000
v -0.187514 0.149278 -7.740192
v -0.172811 0.000000 -7.700000
v -0.158109 -0.149277 -7.740192
v -0.147346 -0.258556 -7.850000
v -0.143406 -0.298555 -8.000000
v -0.147346 -0.258557 -8.150000
v -0.158109 -0.149278 -8.259808
v -0.172811 -0.000000 -8.300000
v -0.164082 0.151736 -8.259808
v -0.206104 0.253185 -8.150001
v -0.221485 0.290318 -8.000000
v -0.206104 0.253186 -7.850000
v -0.164082 0.151737 -7.740192
v -0.106679 0.013155 -7.700000
v -0.049277 -0.125427 -7.740192
v -0.007255 -0.226876 -7.850000
v 0.008126 -0.264009 -8.000000
v -0.007255 -0.226876 -8.150000
v -0.049277 -0.125428 -8.259808
v -0.106679 0.013154 -8.300000
v -0.156681 0.156681 -8.259808
v -0.234327 0.234327 -8.150000
v -0.262747 0.262747 -8.000000
v -0.234327 0.234327 -7.850000
v -0.156681 0.156682 -7.740192
v -0.050615 0.050616 -7.700000
v 0.055451 -0.055450 -7.740192
v 0.133096 -0.133096 -7.850000
v 0.161517 -0.161517 -8.000000
v 0.133097 -0.133096 -8.150000
v 0.055451 -0.055451 -8.259808
v -0.050615 0.050615 -8.300000
v -0.151736 0.164082 -8.259808
v -0.253185 0.206104 -8.150000
v -0.290318 0.221484 -8.000000
v -0.253185 0.206104 -7.850000
v -0.151737 0.164082 -7.740192
v -0.013155 0.106680 -7.700000
v 0.125427 0.049277 -7.740192
v 0.226876 0.007255 -7.850000
v 0.264009 -0.008126 -8.000000
v 0.226877 0.007255 -8.150000
v 0.125428 0.049277 -8.259808
v -0.013154 0.106679 -8.300000
v -0.149278 0.187514 -8.259808
v -0.258556 0.198277 -8.150000
v -0.298555 0.202217 -8.000000
v -0.258557 0.198277 -7.850000
v -0.149278 0.187514 -7.740192
v -0.000000 0.172811 -7.700000
v 0.149277 0.158109 -7.740192
v 0.258556 0.147346 -7.850000
v 0.298555 0.143406 -8.000000
v 0.258557 0.147346 -8.150000
v 0.149278 0.158109 -8.259808
v 0.000000 0.172811 -8.300000
v -0.148744 0.852725 -8.259274
v -0.259081 0.842014 -8.150524
v -0.299997 0.827330 -8.001441
v -0.260529 0.812609 -7.851972
v -0.151253 0.801794 -7.742167
v -0.001448 0.797784 -7.701448
v 0.148744 0.801652 -7.740726
v 0.259080 0.812363 -7.849476
v 0.299997 0.827047 -7.998559
v 0.260529 0.841768 -8.148027
v 0.151253 0.852583 -8.257833
v 0.001448 0.856593 -8.298552
v -0.148744 0.993021 -8.227543
v -0.259081 0.951202 -8.126585
v -0.299997 0.893875 -7.988183
v -0.260529 0.836399 -7.849424
v -0.151253 0.794175 -7.747486
v -0.001448 0.778517 -7.709685
v 0.148744 0.793621 -7.746148
v 0.259081 0.835439 -7.847106
v 0.299997 0.892766 -7.985507
v 0.260529 0.950242 -8.124267
v 0.151253 0.992466 -8.226205
v 0.001448 1.008124 -8.264007
v -0.148744 1.133606 -8.133606
v -0.259081 1.056336 -8.056336
v -0.299997 0.950409 -7.950409
v -0.260529 0.844207 -7.844207
v -0.151253 0.766187 -7.766187
v -0.001448 0.737255 -7.737255
v 0.148744 0.765163 -7.765163
v 0.259080 0.842433 -7.842433
v 0.299997 0.948361 -7.948360
v 0.260529 1.054563 -8.054563
v 0.151253 1.132582 -8.132583
v 0.001448 1.161514 -8.161514
v -0.148744 1.227543 -7.993021
v -0.259081 1.126585 -7.951202
v -0.299997 0.988183 -7.893875
v -0.260529 0.849424 -7.836399
v -0.151252 0.747486 -7.794175
v -0.001448 0.709685 -7.778517
v 0.148744 0.746148 -7.793621
v 0.259080 0.847106 -7.835439
v 0.299996 0.985507 -7.892766
v 0.260529 1.124267 -7.950243
v 0.151253 1.226205 -7.992466
v 0.001448 1.264006 -8.008124
v -0.148744 1.259274 -7.852725
v -0.259081 1.150524 -7.842014
v -0.299997 1.001441 -7.827331
v -0.260529 0.851972 -7.812609
v -0.151252 0.742167 -7.801794
v -0.001448 0.701448 -7.797784
v 0.148744 0.740726 -7.801652
v 0.259080 0.849476 -7.812363
v 0.299996 0.998559 -7.827046
v 0.260529 1.148028 -7.841768
v 0.151253 1.257833 -7.852583
v 0.001448 1.298552 -7.856593
v -0.146775 1.261244 -4.158355
v -0.257103 1.152501 -4.147489
v -0.298542 1.002896 -4.143408
v -0.259986 0.852515 -4.147205
v -0.151767 0.741653 -4.157864
v -0.002882 0.700014 -4.172528
v 0.146775 0.738756 -4.187268
v 0.257103 0.847499 -4.198134
v 0.298542 0.997104 -4.202215
v 0.259986 1.147485 -4.198418
v 0.151767 1.258347 -4.187759
v 0.002882 1.299986 -4.173095
v -0.123104 1.261244 -4.050240
v -0.225527 1.152501 -4.007814
v -0.263996 1.002896 -3.991880
v -0.228203 0.852515 -4.006706
v -0.127738 0.741653 -4.048320
v 0.010479 0.700014 -4.105571
v 0.149413 0.738756 -4.163119
v 0.251836 0.847499 -4.205544
v 0.290305 0.997104 -4.221479
v 0.254512 1.147485 -4.206653
v 0.154047 1.258347 -4.165039
v 0.015830 1.299986 -4.107788
v -0.053672 1.261244 -3.946328
v -0.132064 1.152501 -3.867936
v -0.161507 1.002896 -3.838493
v -0.134112 0.852515 -3.865888
v -0.057219 0.741653 -3.942780
v 0.048567 0.700014 -4.048567
v 0.154903 0.738756 -4.154903
v 0.233295 0.847499 -4.233294
v 0.262738 0.997104 -4.262737
v 0.235343 1.147485 -4.235343
v 0.158450 1.258347 -4.158450
v 0.052663 1.299986 -4.052663
v 0.050239 1.261244 -3.876896
v 0.007814 1.152501 -3.774472
v -0.008120 1.002896 -3.736003
v 0.006706 0.852515 -3.771797
v 0.048320 0.741653 -3.872262
v 0.105571 0.700014 -4.010478
v 0.163119 0.738756 -4.149413
v 0.205545 0.847499 -4.251836
v 0.221479 0.997104 -4.290306
v 0.206653 1.147485 -4.254512
v 0.165039 1.258347 -4.154047
v 0.107788 1.299986 -4.015831
v 0.158355 1.261244 -3.853225
v 0.147489 1.152501 -3.742897
v 0.143408 1.002896 -3.701458
v 0.147205 0.852515 -3.740014
v 0.157864 0.741653 -3.848233
v 0.172528 0.700014 -3.997118
v 0.187268 0.738756 -4.146774
v 0.198134 0.847499 -4.257103
v 0.202215 0.997104 -4.298542
v 0.198418 1.147485 -4.259986
v 0.187759 1.258347 -4.151767
v 0.173095 1.299986 -4.002882
v 0.812732 1.261244 -3.853225
v 0.801866 1.152501 -3.742897
v 0.797785 1.002896 -3.701458
v 0.801582 0.852515 -3.740014
v 0.812241 0.741653 -3.848233
v 0.826905 0.700014 -3.997118
v 0.841645 0.738756 -4.146774
v 0.852511 0.847499 -4.257103
v 0.856592 0.997104 -4.298542
v 0.852795 1.147485 -4.259986
v 0.842136 1.258347 -4.151767
v 0.827472 1.299986 -4.002882
v 0.836880 1.261244 -3.850587
v 0.794455 1.152501 -3.748164
v 0.778521 1.002896 -3.709695
v 0.793347 0.852515 -3.745488
v 0.834961 0.741653 -3.845953
v 0.892212 0.700014 -3.984170
v 0.949761 0.738756 -4.123104
v 0.992186 0.847499 -4.225527
v 1.008120 0.997104 -4.263997
v 0.993294 1.147485 -4.228203
v 0.951680 1.258347 -4.127738
v 0.894429 1.299986 -3.989522
v 0.845097 1.261244 -3.845097
v 0.766705 1.152501 -3.766706
v 0.737262 1.002896 -3.737263
v 0.764657 0.852515 -3.764657
v 0.841550 0.741653 -3.841550
v 0.947337 0.700014 -3.947337
v 1.053672 0.738756 -4.053672
v 1.132064 0.847499 -4.132064
v 1.161507 0.997104 -4.161507
v 1.134112 1.147485 -4.134112
v 1.057219 1.258347 -4.057220
v 0.951433 1.299986 -3.951433
v 0.850587 1.261244 -3.836880
v 0.748163 1.152501 -3.794455
v 0.709695 1.002896 -3.778521
v 0.745488 0.852515 -3.793347
v 0.845953 0.741653 -3.834961
v 0.984170 0.700014 -3.892212
v 1.123103 0.738756 -3.949760
v 1.225527 0.847499 -3.992186
v 1.263996 0.997104 -4.008121
v 1.228203 1.147485 -3.993294
v 1.127738 1.258347 -3.951680
v 0.989521 1.299986 -3.894429
v 0.853225 1.261244 -3.812732
v 0.742897 1.152501 -3.801866
v 0.701458 1.002896 -3.797785
v 0.740014 0.852515 -3.801582
v 0.848233 0.741653 -3.812241
v 0.997118 0.700014 -3.826905
v 1.146775 0.738756 -3.841645
v 1.257103 0.847499 -3.852511
v 1.298542 0.997104 -3.856592
v 1.259986 1.147485 -3.852795
v 1.151767 1.258347 -3.842136
v 1.002882 1.299986 -3.827472
v 0.853225 1.261244 -2.187268
v 0.742897 1.152501 -2.198134
v 0.701458 1.002896 -2.202215
v 0.740014 0.852515 -2.198418
v 0.848233 0.741653 -2.187759
v 0.997118 0.700014 -2.173095
v 1.146775 0.738756 -2.158355
v 1.257103 0.847499 -2.147489
v 1.298542 0.997104 -2.143408
v 1.259986 1.147485 -2.147205
v 1.151767 1.258347 -2.157864
v 1.002882 1.299986 -2.172528
v 0.850587 1.261244 -2.163120
v 0.748164 1.152501 -2.205545
v 0.709695 1.002896 -2.221479
v 0.745488 0.852515 -2.206653
v 0.845953 0.741653 -2.165039
v 0.984170 0.700014 -2.107788
v 1.123103 0.738756 -2.050239
v 1.225527 0.847499 -2.007814
v 1.263996 0.997104 -1.991880
v 1.228203 1.147485 -2.006706
v 1.127738 1.258347 -2.048320
v 0.989521 1.299986 -2.105571
v 0.845097 1.261244 -2.154903
v 0.766705 1.152501 -2.233294
v 0.737262 1.002896 -2.262738
v 0.764657 0.852515 -2.235343
v 0.841550 0.741653 -2.158450
v 0.947337 0.700014 -2.052663
v 1.053672 0.738756 -1.946328
v 1.132064 0.847499 -1.867936
v 1.161507 0.997104 -1.838493
v 1.134112 1.147485 -1.865888
v 1.057219 1.258347 -1.942781
v 0.951433 1.299986 -2.048567
v 0.836881 1.261244 -2.149413
v 0.794455 1.152501 -2.251836
v 0.778521 1.002896 -2.290306
v 0.793347 0.852515 -2.254512
v 0.834961 0.741653 -2.154047
v 0.892212 0.700014 -2.015830
v 0.949760 0.738756 -1.876896
v 0.992186 0.847499 -1.774473
v 1.008120 0.997104 -1.736004
v 0.993294 1.147485 -1.771797
v 0.951680 1.258347 -1.872262
v 0.894429 1.299986 -2.010478
v 0.812732 1.261244 -2.146775
v 0.801866 1.152501 -2.257103
v 0.797785 1.002896 -2.298542
v 0.801582 0.852515 -2.259986
v 0.812241 0.741653 -2.151767
v 0.826905 0.700014 -2.002882
v 0.841645 0.738756 -1.853225
v 0.852511 0.847499 -1.742897
v 0.856592 0.997104 -1.701458
v 0.852795 1.147485 -1.740014
v 0.842136 1.258347 -1.848233
v 0.827472 1.299986 -1.997118
v 0.158355 1.261244 -2.146775
v 0.147489 1.152501 -2.257103
v 0.143408 1.002896 -2.298542
v 0.147205 0.852515 -2.259986
v 0.157864 0.741653 -2.151767
v 0.172528 0.700014 -2.002882
v 0.187267 0.738756 -1.853225
v 0.198134 0.847499 -1.742897
v 0.202215 0.997104 -1.701458
v 0.198418 1.147485 -1.740014
v 0.187759 1.258347 -1.848233
v 0.173095 1.299986 -1.997118
v 0.050239 1.261244 -2.123104
v 0.007814 1.152501 -2.225527
v -0.008120 1.002896 -2.263996
v 0.006706 0.852515 -2.228203
v 0.048320 0.741653 -2.127738
v 0.105571 0.700014 -1.989521
v 0.163119 0.738756 -1.850587
v 0.205545 0.847499 -1.748164
v 0.221479 0.997104 -1.709695
v 0.206653 1.147485 -1.745488
v 0.165039 1.258347 -1.845953
v 0.107788 1.299986 -1.984170
v -0.053672 1.261244 -2.053672
v -0.132064 1.152501 -2.132064
v -0.161507 1.002896 -2.161507
v -0.134112 0.852515 -2.134112
v -0.057219 0.741653 -2.057220
v 0.048567 0.700014 -1.951433
v 0.154903 0.738756 -1.845097
v 0.233294 0.847499 -1.766706
v 0.262737 0.997104 -1.737262
v 0.235343 1.147485 -1.764657
v 0.158450 1.258347 -1.841550
v 0.052663 1.299986 -1.947337
v -0.123104 1.261244 -1.949761
v -0.225527 1.152501 -1.992186
v -0.263996 1.002896 -2.008120
v -0.228203 0.852515 -1.993294
v -0.127738 0.741653 -1.951680
v 0.010479 0.700014 -1.894429
v 0.149413 0.738756 -1.836881
v 0.251836 0.847499 -1.794455
v 0.290305 0.997104 -1.778521
v 0.254512 1.147485 -1.793347
v 0.154047 1.258347 -1.834961
v 0.015830 1.299986 -1.892212
v -0.146775 1.261244 -1.841645
v -0.257103 1.152501 -1.852511
v -0.298542 1.002896 -1.856592
v -0.259986 0.852515 -1.852795
v -0.151767 0.741653 -1.842136
v -0.002882 0.700014 -1.827472
v 0.146774 0.738756 -1.812732
v 0.257103 0.847499 -1.801866
v 0.298541 0.997104 -1.797785
v 0.259986 1.147485 -1.801582
v 0.151767 1.258347 -1.812241
v 0.002882 1.299986 -1.826905
v -0.147485 1.261244 -0.000000
v -0.258347 1.152501 -0.000000
v -0.299986 1.002896 -0.000000
v -0.261244 0.852515 -0.000000
v -0.152501 0.741653 0.000000
v -0.002896 0.700014 0.000000
v 0.147485 0.738756 0.000000
v 0.258347 0.847499 0.000000
v 0.299986 0.997104 0.000000
v 0.261244 1.147485 0.000000
v 0.152501 1.258347 -0.000000
v 0.002896 1.299986 -0.000000
vn -1.0000 -0.0000 -0.0000
vn -0.0000 -0.0000 1.0000
vn -0.9659 0.2588 -0.0000
vn -0.7071 0.7071 -0.0000
vn -0.2588 0.9659 -0.0000
vn 0.2588 0.9659 -0.0000
vn 0.7071 0.7071 -0.0000
vn 0.9659 0.2588 -0.0000
vn 0.9659 -0.2588 -0.0000
vn 0.7071 -0.7071 -0.0000
vn 0.2588 -0.9659 -0.0000
vn -0.2588 -0.9659 -0.0000
vn -0.7071 -0.7071 -0.0000
vn -0.9659 -0.2588 -0.0000
vn -0.9658 0.2594 -0.0000
vn -0.7063 0.7080 -0.0001
vn -0.2582 0.9661 -0.0003
vn 0.2582 0.9661 -0.0003
vn 0.7062 0.7080 -0.0001
vn 0.9658 0.2594 -0.0000
vn 0.9658 -0.2594 -0.0000
vn 0.7063 -0.7080 -0.0001
vn 0.2582 -0.9661 -0.0003
vn -0.2582 -0.9661 -0.0003
vn -0.7063 -0.7080 -0.0001
vn -0.9658 -0.2594 -0.0000
vn -0.9650 0.2581 0.0456
vn -0.6875 0.7253 -0.0350
vn 0.2433 -0.8145 -0.5267
vn -0.2433 -0.8145 -0.5267
vn 0.6876 0.7253 -0.0350
vn 0.9650 0.2581 0.0456
vn 0.9652 -0.2560 -0.0540
vn 0.7031 -0.6941 -0.1543
vn 0.2561 -0.9428 -0.2133
vn -0.2561 -0.9428 -0.2133
vn -0.7031 -0.6941 -0.1543
vn -0.9652 -0.2560 -0.0540
vn -0.9646 0.2191 0.1464
vn 0.7002 -0.5936 -0.3966
vn 0.2542 -0.8042 -0.5373
vn -0.2542 -0.8042 -0.5373
vn -0.7002 -0.5936 -0.3967
vn 0.9646 0.2191 0.1464
vn 0.9646 -0.2191 -0.1464
vn -0.7002 -0.5936 -0.3966
vn -0.9646 -0.2191 -0.1464
vn -0.9646 0.1464 0.2191
vn 0.7002 -0.3967 -0.5936
vn 0.2542 -0.5373 -0.8042
vn -0.2542 -0.5373 -0.8042
vn -0.7002 -0.3966 -0.5936
vn 0.9646 0.1464 0.2191
vn 0.9646 -0.1464 -0.2191
vn 0.7002 -0.3966 -0.5936
vn -0.9646 -0.1464 -0.2191
vn -0.9650 0.0456 0.2581
vn -0.6875 -0.0350 0.7253
vn 0.2433 -0.5267 -0.8145
vn -0.2433 -0.5267 -0.8145
vn 0.6875 -0.0350 0.7253
vn 0.9650 0.0456 0.2581
vn 0.9652 -0.0540 -0.2560
vn 0.7031 -0.1543 -0.6941
vn 0.2561 -0.2133 -0.9428
vn -0.2561 -0.2133 -0.9428
vn -0.7031 -0.1543 -0.6941
vn -0.9652 -0.0540 -0.2560
vn -0.9653 0.0005 0.2611
vn -0.7054 -0.0000 0.7088
vn -0.2565 -0.0005 0.9666
vn 0.2612 -0.0005 0.9653
vn 0.7088 -0.0000 0.7054
vn 0.9666 0.0005 0.2565
vn 0.9653 0.0005 -0.2612
vn 0.7054 -0.0000 -0.7088
vn 0.2565 -0.0005 -0.9665
vn -0.2611 -0.0005 -0.9653
vn -0.7088 -0.0000 -0.7054
vn -0.9665 0.0005 -0.2565
vn 0.8119 0.5288 -0.2475
vn -0.7215 0.0299 0.6918
vn -0.2534 -0.0449 0.9663
vn 0.2606 0.0550 0.9639
vn 0.6974 0.1551 0.6997
vn 0.9440 0.2136 0.2515
vn 0.9416 0.2130 -0.2608
vn 0.6908 0.1535 -0.7065
vn 0.2514 0.0530 -0.9664
vn -0.2627 -0.0462 -0.9638
vn -0.7291 0.0403 -0.6833
vn 0.8170 0.5248 0.2391
vn 0.8032 0.5366 -0.2588
vn 0.5908 0.3948 -0.7036
vn -0.2152 -0.1438 0.9659
vn 0.2231 0.1490 0.9633
vn 0.5964 0.3985 0.6968
vn 0.8052 0.5380 0.2496
vn 0.5908 0.3948 -0.7037
vn 0.2152 0.1438 -0.9659
vn -0.2231 -0.1490 -0.9633
vn 0.5366 0.8032 -0.2588
vn 0.3948 0.5908 -0.7036
vn -0.1438 -0.2152 0.9659
vn 0.1490 0.2231 0.9633
vn 0.3985 0.5964 0.6968
vn 0.5380 0.8052 0.2496
vn 0.1438 0.2152 -0.9659
vn -0.1490 -0.2230 -0.9633
vn 0.5287 0.8119 -0.2475
vn 0.0299 -0.7215 0.6918
vn -0.0449 -0.2534 0.9663
vn 0.0550 0.2606 0.9639
vn 0.1551 0.6974 0.6997
vn 0.2136 0.9440 0.2515
vn 0.2130 0.9416 -0.2608
vn 0.1535 0.6908 -0.7065
vn 0.0530 0.2514 -0.9664
vn -0.0462 -0.2627 -0.9638
vn 0.0403 -0.7291 -0.6833
vn 0.5248 0.8170 0.2391
vn -0.0000 -0.9650 0.2623
vn -0.0000 -0.7054 0.7088
vn -0.0000 -0.2553 0.9669
vn -0.0000 0.2647 0.9643
vn -0.0000 0.7122 0.7020
vn -0.0000 0.9675 0.2530
vn -0.0000 0.9650 -0.2623
vn -0.0000 0.7054 -0.7088
vn -0.0000 0.2553 -0.9669
vn -0.0000 -0.2647 -0.9643
vn -0.0000 -0.7122 -0.7020
vn -0.0000 -0.9675 -0.2530
vn -0.5287 0.8119 -0.2475
vn -0.0299 -0.7215 0.6918
vn 0.0449 -0.2534 0.9663
vn -0.0550 0.2606 0.9639
vn -0.1551 0.6974 0.6997
vn -0.2136 0.9440 0.2515
vn -0.2130 0.9416 -0.2608
vn -0.1535 0.6908 -0.7065
vn -0.0530 0.2514 -0.9664
vn 0.0462 -0.2627 -0.9638
vn -0.0403 -0.7291 -0.6833
vn -0.5248 0.8169 0.2391
vn -0.5366 0.8032 -0.2588
vn -0.3948 0.5908 -0.7036
vn 0.1438 -0.2152 0.9659
vn -0.1490 0.2231 0.9633
vn -0.3985 0.5964 0.6968
vn -0.5380 0.8052 0.2496
vn -0.1438 0.2152 -0.9659
vn 0.1490 -0.2230 -0.9633
vn -0.8032 0.5366 -0.2588
vn -0.5908 0.3948 -0.7036
vn 0.2152 -0.1438 0.9659
vn -0.2231 0.1490 0.9633
vn -0.5964 0.3985 0.6968
vn -0.8052 0.5380 0.2496
vn -0.5908 0.3948 -0.7037
vn -0.2152 0.1438 -0.9659
vn 0.2231 -0.1490 -0.9633
vn -0.8119 0.5288 -0.2475
vn 0.7215 0.0299 0.6918
vn 0.2534 -0.0449 0.9663
vn -0.2606 0.0550 0.9639
vn -0.6974 0.1551 0.6997
vn -0.9440 0.2136 0.2515
vn -0.9416 0.2130 -0.2608
vn -0.6908 0.1535 -0.7065
vn -0.2514 0.0530 -0.9664
vn 0.2627 -0.0462 -0.9638
vn 0.7291 0.0403 -0.6833
vn -0.8169 0.5248 0.2391
vn 0.9650 -0.0000 0.2623
vn 0.7054 -0.0000 0.7088
vn 0.2553 -0.0000 0.9669
vn -0.2647 -0.0000 0.9643
vn -0.7122 -0.0000 0.7020
vn -0.9675 -0.0000 0.2530
vn -0.9650 -0.0000 -0.2623
vn -0.7054 -0.0000 -0.7088
vn -0.2553 -0.0000 -0.9669
vn 0.2647 -0.0000 -0.9643
vn 0.7122 -0.0000 -0.7020
vn 0.9675 -0.0000 -0.2530
vn 0.9416 -0.2130 0.2608
vn 0.6908 -0.1535 0.7065
vn 0.2514 -0.0530 0.9664
vn -0.2628 0.0462 0.9638
vn -0.7291 -0.0403 0.6833
vn 0.8169 -0.5248 -0.2391
vn 0.8119 -0.5288 0.2475
vn -0.7215 -0.0299 -0.6918
vn -0.2534 0.0449 -0.9663
vn 0.2606 -0.0550 -0.9639
vn 0.6974 -0.1551 -0.6997
vn 0.9440 -0.2136 -0.2515
vn 0.8032 -0.5366 0.2588
vn 0.5908 -0.3948 0.7037
vn 0.5964 -0.3985 -0.6968
vn 0.8052 -0.5380 -0.2496
vn 0.5366 -0.8032 0.2588
vn 0.3948 -0.5908 0.7037
vn 0.3985 -0.5964 -0.6968
vn 0.5380 -0.8052 -0.2496
vn 0.3948 -0.5908 0.7036
vn 0.1490 -0.2231 -0.9633
vn 0.2130 -0.9416 0.2608
vn 0.1535 -0.6908 0.7065
vn 0.0530 -0.2514 0.9664
vn -0.0462 0.2628 0.9638
vn 0.0403 0.7291 0.6833
vn 0.5248 -0.8169 -0.2391
vn 0.5288 -0.8119 0.2475
vn 0.0299 0.7215 -0.6918
vn -0.0449 0.2534 -0.9663
vn 0.0550 -0.2606 -0.9639
vn 0.1551 -0.6974 -0.6997
vn 0.2136 -0.9440 -0.2515
vn 0.0003 -0.9648 0.2629
vn 0.0002 -0.7045 0.7097
vn -0.0000 -0.2547 0.9670
vn -0.0000 0.2641 0.9645
vn 0.0002 0.7114 0.7028
vn 0.0003 0.9673 0.2536
vn 0.0003 0.9648 -0.2629
vn 0.0002 0.7045 -0.7097
vn -0.0000 0.2547 -0.9670
vn -0.0000 -0.2641 -0.9645
vn 0.0002 -0.7114 -0.7028
vn 0.0003 -0.9673 -0.2536
vn -0.9656 0.2599 -0.0001
vn -0.7056 0.7086 -0.0005
vn -0.2578 0.9662 -0.0010
vn 0.2578 0.9662 -0.0010
vn 0.7056 0.7086 -0.0005
vn 0.9656 0.2599 -0.0001
vn 0.9656 -0.2599 -0.0001
vn 0.7056 -0.7086 -0.0005
vn 0.2578 -0.9662 -0.0010
vn -0.2578 -0.9662 -0.0010
vn -0.7056 -0.7086 -0.0005
vn -0.9656 -0.2599 -0.0001
vn -0.9645 0.2556 0.0669
vn -0.6989 0.6942 0.1721
vn -0.2531 0.9413 0.2236
vn 0.2531 0.9413 0.2236
vn 0.6989 0.6942 0.1721
vn 0.9645 0.2556 0.0669
vn 0.9645 -0.2547 -0.0696
vn 0.6997 -0.6878 -0.1931
vn 0.2539 -0.9303 -0.2646
vn -0.2539 -0.9303 -0.2646
vn -0.6997 -0.6878 -0.1931
vn -0.9645 -0.2547 -0.0696
vn -0.9636 0.1890 0.1890
vn -0.6947 0.5086 0.5086
vn -0.2506 0.6846 0.6846
vn 0.2506 0.6846 0.6846
vn 0.6947 0.5086 0.5086
vn 0.9636 0.1890 0.1890
vn 0.9636 -0.1890 -0.1890
vn 0.6947 -0.5086 -0.5086
vn 0.2506 -0.6846 -0.6846
vn -0.2506 -0.6846 -0.6846
vn -0.6947 -0.5086 -0.5086
vn -0.9636 -0.1890 -0.1890
vn -0.9645 0.0669 0.2556
vn -0.6989 0.1721 0.6942
vn -0.2531 0.2236 0.9413
vn 0.2531 0.2236 0.9413
vn 0.6989 0.1721 0.6942
vn 0.9645 0.0669 0.2556
vn 0.9645 -0.0696 -0.2547
vn 0.6997 -0.1931 -0.6878
vn 0.2539 -0.2646 -0.9303
vn -0.2539 -0.2646 -0.9303
vn -0.6997 -0.1931 -0.6878
vn -0.9645 -0.0696 -0.2547
vn -0.9654 -0.0000 0.2609
vn -0.7041 -0.0000 0.7101
vn -0.2568 -0.0000 0.9665
vn 0.2568 -0.0000 0.9665
vn 0.7041 -0.0000 0.7101
vn 0.9654 -0.0000 0.2609
vn 0.9654 -0.0000 -0.2609
vn 0.7041 -0.0000 -0.7101
vn 0.2568 -0.0000 -0.9665
vn -0.2568 -0.0000 -0.9665
vn -0.7041 -0.0000 -0.7101
vn -0.9654 -0.0000 -0.2609
vn -0.9645 0.0696 0.2547
vn -0.6997 0.1931 0.6878
vn -0.2539 0.2646 0.9303
vn 0.2539 0.2646 0.9303
vn 0.6997 0.1931 0.6878
vn 0.9645 0.0696 0.2547
vn 0.9645 -0.0669 -0.2556
vn 0.6989 -0.1721 -0.6942
vn 0.2531 -0.2236 -0.9413
vn -0.2531 -0.2236 -0.9413
vn -0.6989 -0.1721 -0.6942
vn -0.9645 -0.0669 -0.2556
vn -0.9645 0.2547 0.0696
vn -0.6997 0.6878 0.1931
vn -0.2539 0.9303 0.2646
vn 0.2539 0.9303 0.2646
vn 0.6997 0.6878 0.1931
vn 0.9645 0.2547 0.0696
vn 0.9645 -0.2556 -0.0669
vn 0.6989 -0.6942 -0.1721
vn 0.2531 -0.9413 -0.2236
vn -0.2531 -0.9413 -0.2236
vn -0.6989 -0.6942 -0.1721
vn -0.9645 -0.2556 -0.0669
vn -0.9656 0.2599 0.0001
vn -0.7056 0.7086 0.0005
vn -0.2578 0.9662 0.0010
vn 0.2578 0.9662 0.0010
vn 0.7056 0.7086 0.0005
vn 0.9656 0.2599 0.0001
vn 0.9656 -0.2599 0.0001
vn 0.7056 -0.7086 0.0005
vn 0.2578 -0.9662 0.0010
vn -0.2578 -0.9662 0.0010
vn -0.7056 -0.7086 0.0005
vn -0.9656 -0.2599 0.0001
vn -0.9645 0.2547 -0.0696
vn -0.6997 0.6878 -0.1931
vn -0.2539 0.9303 -0.2646
vn 0.2539 0.9303 -0.2646
vn 0.6997 0.6878 -0.1931
vn 0.9645 0.2547 -0.0696
vn 0.9645 -0.2556 0.0669
vn 0.6989 -0.6942 0.1721
vn 0.2531 -0.9413 0.2236
vn -0.2531 -0.9413 0.2236
vn -0.6989 -0.6942 0.1721
vn -0.9645 -0.2556 0.0669
vn -0.9636 0.1890 -0.1890
vn -0.6947 0.5086 -0.5086
vn -0.2506 0.6846 -0.6846
vn 0.2506 0.6845 -0.6846
vn 0.6947 0.5086 -0.5086
vn 0.9636 0.1890 -0.1890
vn 0.9636 -0.1890 0.1890
vn 0.6947 -0.5086 0.5086
vn 0.2506 -0.6846 0.6845
vn -0.2506 -0.6846 0.6845
vn -0.6947 -0.5086 0.5086
vn -0.9636 -0.1890 0.1890
vn -0.9645 0.0696 -0.2547
vn -0.6997 0.1931 -0.6878
vn -0.2539 0.2646 -0.9303
vn 0.2539 0.2646 -0.9303
vn 0.6997 0.1931 -0.6878
vn 0.9645 0.0696 -0.2547
vn 0.9645 -0.0669 0.2556
vn 0.6989 -0.1721 0.6942
vn 0.2531 -0.2236 0.9413
vn -0.2531 -0.2236 0.9413
vn -0.6989 -0.1721 0.6942
vn -0.9645 -0.0669 0.2556
vn -0.9670 -0.0037 -0.2548
vn -0.7101 -0.0000 -0.7041
vn -0.2628 0.0033 -0.9648
vn 0.2549 0.0033 -0.9670
vn 0.9647 -0.0032 -0.2632
vn 0.9671 -0.0034 0.2545
vn 0.7101 -0.0000 0.7041
vn 0.2631 0.0036 0.9647
vn -0.2544 0.0038 0.9671
vn -0.9649 -0.0038 0.2627
vn -0.9433 0.2240 -0.2450
vn -0.7000 0.1734 -0.6928
vn -0.2637 0.0690 -0.9621
vn 0.2465 -0.0673 -0.9668
vn 0.6820 -0.1914 -0.7058
vn 0.9283 -0.2640 -0.2620
vn 0.9324 -0.2652 0.2457
vn 0.6936 -0.1948 0.6935
vn 0.2628 -0.0718 0.9622
vn -0.2474 0.0648 0.9668
vn -0.6883 0.1708 0.7051
vn -0.9391 0.2231 0.2613
vn -0.6860 0.6860 -0.2425
vn -0.5128 0.5128 -0.6885
vn -0.1950 0.1950 -0.9612
vn 0.1830 -0.1830 -0.9659
vn 0.5044 -0.5043 -0.7009
vn 0.6830 -0.6831 -0.2586
vn 0.6860 -0.6860 0.2425
vn 0.5128 -0.5128 0.6885
vn 0.1950 -0.1950 0.9612
vn -0.1830 0.1830 0.9659
vn -0.5044 0.5044 0.7009
vn -0.6830 0.6830 0.2586
vn -0.2240 0.9433 -0.2450
vn -0.1734 0.7000 -0.6928
vn -0.0690 0.2637 -0.9621
vn 0.0673 -0.2465 -0.9668
vn 0.1914 -0.6820 -0.7058
vn 0.2640 -0.9283 -0.2620
vn 0.2652 -0.9324 0.2457
vn 0.1948 -0.6936 0.6935
vn 0.0718 -0.2628 0.9622
vn -0.0648 0.2474 0.9668
vn -0.1708 0.6883 0.7051
vn -0.2231 0.9391 0.2613
vn 0.0005 0.9684 -0.2495
vn 0.0003 0.7147 -0.6995
vn -0.0000 0.2682 -0.9634
vn -0.0000 -0.2515 -0.9679
vn 0.0003 -0.7025 -0.7117
vn 0.0005 -0.9640 -0.2661
vn 0.0005 -0.9684 0.2495
vn 0.0003 -0.7146 0.6995
vn -0.0000 -0.2682 0.9634
vn -0.0000 0.2515 0.9679
vn 0.0003 0.7025 0.7116
vn 0.0005 0.9640 0.2660
vn -0.0000 0.2594 -0.9658
vn 0.0001 0.7080 -0.7063
vn 0.0003 0.9661 -0.2582
vn 0.0003 0.9661 0.2582
vn 0.0001 0.7080 0.7063
vn -0.0000 0.2594 0.9658
vn -0.0000 -0.2594 0.9658
vn 0.0001 -0.7080 0.7063
vn 0.0003 -0.9661 0.2582
vn 0.0003 -0.9661 -0.2582
vn 0.0001 -0.7080 -0.7063
vn -0.0000 -0.2594 -0.9658
vn -0.0450 0.2582 -0.9650
vn 0.1364 0.7310 -0.6686
vn 0.4345 -0.8651 0.2504
vn 0.4345 -0.8651 -0.2504
vn 0.1364 0.7310 0.6686
vn -0.0450 0.2582 0.9650
vn 0.0541 -0.2560 0.9652
vn 0.1548 -0.6940 0.7031
vn 0.2141 -0.9426 0.2561
vn 0.2141 -0.9426 -0.2561
vn 0.1548 -0.6940 -0.7031
vn 0.0541 -0.2560 -0.9652
vn -0.1464 0.2191 -0.9646
vn 0.3967 -0.5936 0.7002
vn 0.5373 -0.8042 0.2542
vn 0.5373 -0.8042 -0.2542
vn 0.3966 -0.5936 -0.7002
vn -0.1464 0.2191 0.9646
vn 0.1464 -0.2191 0.9646
vn 0.3966 -0.5936 0.7002
vn 0.1464 -0.2191 -0.9646
vn -0.2191 0.1464 -0.9646
vn 0.5936 -0.3967 0.7002
vn 0.8042 -0.5373 0.2542
vn 0.8042 -0.5373 -0.2542
vn 0.5936 -0.3966 -0.7002
vn -0.2191 0.1464 0.9646
vn 0.2191 -0.1464 0.9646
vn 0.5936 -0.3966 0.7002
vn 0.2191 -0.1464 -0.9646
vn -0.2582 0.0450 -0.9650
vn -0.7310 -0.1364 -0.6686
vn 0.8651 -0.4345 0.2504
vn 0.8651 -0.4345 -0.2504
vn -0.7310 -0.1364 0.6686
vn -0.2582 0.0450 0.9650
vn 0.2560 -0.0541 0.9652
vn 0.6940 -0.1548 0.7031
vn 0.9426 -0.2141 0.2561
vn 0.9426 -0.2141 -0.2561
vn 0.6940 -0.1548 -0.7031
vn 0.2560 -0.0541 -0.9652
vn -0.2564 0.0018 -0.9666
vn -0.9653 -0.0019 -0.2612
vn -0.9666 -0.0020 0.2564
vn -0.7088 -0.0000 0.7054
vn -0.2610 0.0019 0.9653
vn 0.2566 0.0019 0.9665
vn 0.9653 -0.0018 0.2611
vn 0.9665 -0.0018 -0.2566
vn 0.7088 -0.0000 -0.7054
vn 0.2612 0.0017 -0.9653
vn -0.2515 0.2143 -0.9438
vn -0.6997 0.1556 -0.6973
vn -0.9639 0.0552 -0.2606
vn -0.9663 -0.0444 0.2535
vn -0.6746 0.1247 0.7275
vn 0.2549 0.4353 -0.8634
vn -0.2460 0.4337 -0.8668
vn 0.6623 0.1490 0.7343
vn 0.9637 -0.0457 0.2629
vn 0.9664 0.0531 -0.2514
vn 0.7066 0.1540 -0.6907
vn 0.2608 0.2138 -0.9414
vn -0.2496 0.5380 -0.8052
vn -0.6968 0.3985 -0.5964
vn -0.9633 0.1490 -0.2231
vn -0.9659 -0.1438 0.2152
vn 0.7037 0.3947 -0.5908
vn 0.2588 0.5367 -0.8031
vn 0.9633 -0.1490 0.2231
vn 0.9659 0.1438 -0.2152
vn 0.7037 0.3948 -0.5908
vn 0.2588 0.5366 -0.8032
vn -0.2496 0.8052 -0.5380
vn -0.6968 0.5964 -0.3985
vn -0.9633 0.2231 -0.1490
vn -0.9659 -0.2152 0.1438
vn 0.7036 0.5908 -0.3948
vn 0.2588 0.8031 -0.5367
vn 0.9633 -0.2231 0.1490
vn 0.9659 0.2152 -0.1438
vn 0.7037 0.5908 -0.3948
vn 0.2588 0.8032 -0.5366
vn -0.2515 0.9438 -0.2144
vn -0.6997 0.6973 -0.1556
vn -0.9639 0.2606 -0.0552
vn -0.9663 -0.2535 0.0444
vn -0.6746 -0.7276 -0.1247
vn 0.2549 0.8634 -0.4353
vn -0.2460 0.8668 -0.4337
vn 0.6623 -0.7342 -0.1490
vn 0.9637 -0.2629 0.0457
vn 0.9664 0.2514 -0.0531
vn 0.7066 0.6907 -0.1540
vn 0.2608 0.9414 -0.2138
vn -0.2518 0.9678 -0.0003
vn -0.7020 0.7122 -0.0000
vn -0.9640 0.2658 0.0003
vn -0.9678 -0.2518 0.0003
vn -0.7122 -0.7020 -0.0000
vn -0.2658 -0.9640 -0.0003
vn 0.2518 -0.9678 -0.0003
vn 0.7020 -0.7122 -0.0000
vn 0.9640 -0.2658 0.0003
vn 0.9678 0.2518 0.0003
vn 0.7122 0.7020 -0.0000
vn 0.2658 0.9640 -0.0003
vn -0.2468 0.9677 0.0521
vn -0.6874 0.7100 0.1533
vn -0.9402 0.2654 0.2135
vn -0.9450 -0.2469 0.2146
vn -0.7006 -0.6962 0.1564
vn -0.2651 -0.9626 0.0562
vn 0.2488 -0.9676 -0.0437
vn 0.7240 -0.6804 0.1137
vn -0.8617 0.2593 0.4362
vn -0.8685 -0.2415 0.4330
vn 0.7374 0.6557 0.1626
vn 0.2676 0.9624 -0.0463
vn -0.2112 0.9672 0.1411
vn -0.5880 0.7071 0.3929
vn -0.8021 0.2633 0.5360
vn -0.8061 -0.2450 0.5386
vn -0.5992 -0.6933 0.4004
vn -0.2270 -0.9620 0.1517
vn 0.2112 -0.9672 -0.1411
vn 0.2270 0.9620 -0.1517
vn -0.1411 0.9672 0.2112
vn -0.3929 0.7071 0.5880
vn -0.5360 0.2633 0.8021
vn -0.5386 -0.2450 0.8061
vn -0.4004 -0.6933 0.5992
vn -0.1517 -0.9620 0.2270
vn 0.1411 -0.9672 -0.2112
vn 0.1517 0.9620 -0.2270
vn -0.0521 0.9677 0.2468
vn -0.1533 0.7100 0.6874
vn -0.2135 0.2654 0.9402
vn -0.2146 -0.2469 0.9450
vn -0.1564 -0.6962 0.7006
vn -0.0562 -0.9626 0.2651
vn 0.0437 -0.9676 -0.2488
vn -0.1137 -0.6804 -0.7240
vn -0.4362 0.2593 0.8617
vn -0.4330 -0.2415 0.8685
vn -0.1625 0.6557 -0.7374
vn 0.0463 0.9624 -0.2676
vn -0.0000 0.9681 0.2506
vn -0.0000 0.2669 0.9637
vn -0.0000 -0.2484 0.9687
vn -0.0000 -0.6985 0.7156
vn -0.0000 -0.9630 0.2693
vn -0.0000 -0.9681 -0.2506
vn -0.0000 -0.2669 -0.9637
vn -0.0000 0.2484 -0.9687
vn -0.0000 0.6985 -0.7156
vn -0.0000 0.9630 -0.2693
vn -0.0437 0.9676 0.2488
vn 0.1137 0.6804 0.7240
vn 0.4362 -0.2593 -0.8617
vn 0.4330 0.2415 -0.8685
vn 0.1626 -0.6556 0.7374
vn -0.0463 -0.9624 0.2676
vn 0.0521 -0.9677 -0.2468
vn 0.1533 -0.7100 -0.6874
vn 0.2135 -0.2654 -0.9402
vn 0.2146 0.2469 -0.9450
vn 0.1564 0.6962 -0.7006
vn 0.0562 0.9626 -0.2651
vn 0.3929 -0.7071 -0.5880
vn 0.5360 -0.2633 -0.8021
vn 0.5386 0.2450 -0.8061
vn 0.4004 0.6933 -0.5992
vn 0.5880 -0.7071 -0.3929
vn 0.8021 -0.2633 -0.5360
vn 0.8061 0.2450 -0.5386
vn 0.5992 0.6933 -0.4004
vn -0.2488 0.9676 0.0437
vn -0.7240 0.6804 -0.1137
vn 0.8617 -0.2593 -0.4362
vn 0.8685 0.2415 -0.4330
vn -0.7374 -0.6557 -0.1625
vn -0.2676 -0.9624 0.0463
vn 0.2468 -0.9677 -0.0521
vn 0.6874 -0.7100 -0.1533
vn 0.9402 -0.2654 -0.2135
vn 0.9450 0.2469 -0.2146
vn 0.7006 0.6962 -0.1564
vn 0.2651 0.9626 -0.0562
vn -0.2506 0.9681 -0.0000
vn -0.9637 0.2669 -0.0000
vn -0.9687 -0.2484 -0.0000
vn -0.7156 -0.6985 -0.0000
vn -0.2693 -0.9630 -0.0000
vn 0.2506 -0.9681 -0.0000
vn 0.9637 -0.2669 -0.0000
vn 0.9687 0.2484 -0.0000
vn 0.7156 0.6985 -0.0000
vn 0.2693 0.9630 -0.0000
vn -0.2488 0.9676 -0.0437
vn -0.7240 0.6804 0.1137
vn 0.8617 -0.2593 0.4362
vn 0.8685 0.2415 0.4330
vn -0.7374 -0.6557 0.1625
vn -0.2676 -0.9624 -0.0463
vn 0.2468 -0.9677 0.0521
vn 0.6874 -0.7100 0.1533
vn 0.9402 -0.2654 0.2135
vn 0.9450 0.2469 0.2146
vn 0.7006 0.6962 0.1564
vn 0.2651 0.9626 0.0562
vn -0.2112 0.9672 -0.1411
vn 0.5880 -0.7071 0.3929
vn 0.8021 -0.2633 0.5360
vn 0.8061 0.2450 0.5386
vn 0.5992 0.6933 0.4004
vn -0.2270 -0.9620 -0.1517
vn 0.2112 -0.9672 0.1411
vn 0.2270 0.9620 0.1517
vn -0.1411 0.9672 -0.2112
vn 0.3929 -0.7071 0.5880
vn 0.5360 -0.2633 0.8021
vn 0.5386 0.2450 0.8061
vn 0.4004 0.6933 0.5992
vn -0.1517 -0.9620 -0.2270
vn 0.1411 -0.9672 0.2112
vn 0.1517 0.9620 0.2270
vn -0.0437 0.9676 -0.2488
vn 0.1137 0.6804 -0.7240
vn 0.4362 -0.2593 0.8617
vn 0.4330 0.2415 0.8685
vn 0.1626 -0.6557 -0.7374
vn -0.0463 -0.9624 -0.2676
vn 0.0521 -0.9677 0.2468
vn 0.1533 -0.7100 0.6874
vn 0.2135 -0.2654 0.9402
vn 0.2146 0.2469 0.9450
vn 0.1564 0.6962 0.7006
vn 0.0562 0.9626 0.2651
vn -0.0000 0.9681 -0.2506
vn -0.0000 0.7122 -0.7020
vn -0.0000 0.2669 -0.9637
vn -0.0000 -0.2484 -0.9687
vn -0.0000 -0.6985 -0.7156
vn -0.0000 -0.9630 -0.2693
vn -0.0000 -0.9681 0.2506
vn -0.0000 -0.7122 0.7020
vn -0.0000 -0.2669 0.9637
vn -0.0000 0.2484 0.9687
vn -0.0000 0.6985 0.7156
vn -0.0000 0.9630 0.2693
vn -0.0521 0.9677 -0.2468
vn -0.1533 0.7100 -0.6874
vn -0.2135 0.2654 -0.9402
vn -0.2146 -0.2469 -0.9450
vn -0.1564 -0.6962 -0.7006
vn -0.0562 -0.9626 -0.2651
vn 0.0437 -0.9676 0.2488
vn -0.1137 -0.6804 0.7240
vn -0.4362 0.2593 -0.8617
vn -0.4330 -0.2415 -0.8685
vn -0.1626 0.6557 0.7374
vn 0.0463 0.9624 0.2676
vn -0.3929 0.7071 -0.5880
vn -0.5360 0.2633 -0.8021
vn -0.5386 -0.2450 -0.8061
vn -0.4004 -0.6933 -0.5992
vn -0.5880 0.7071 -0.3929
vn -0.8021 0.2633 -0.5360
vn -0.8061 -0.2450 -0.5386
vn -0.5992 -0.6933 -0.4004
vn -0.2468 0.9677 -0.0521
vn -0.6874 0.7100 -0.1533
vn -0.9402 0.2654 -0.2135
vn -0.9450 -0.2469 -0.2146
vn -0.7006 -0.6962 -0.1564
vn -0.2651 -0.9626 -0.0562
vn 0.2488 -0.9676 0.0437
vn 0.7240 -0.6804 -0.1137
vn -0.8617 0.2593 -0.4362
vn -0.8685 -0.2415 -0.4330
vn 0.7374 0.6557 -0.1625
vn 0.2676 0.9624 0.0463
vn -0.2500 0.9682 -0.0000
vn -0.7011 0.7131 -0.0004
vn -0.9635 0.2675 -0.0007
vn -0.9685 -0.2489 -0.0007
vn -0.7147 -0.6994 -0.0004
vn -0.2687 -0.9632 -0.0001
vn 0.2500 -0.9682 -0.0000
vn 0.7011 -0.7130 -0.0004
vn 0.9636 -0.2675 -0.0007
vn 0.9685 0.2489 -0.0007
vn 0.7148 0.6994 -0.0004
vn 0.2687 0.9632 -0.0001
vt 0.604846 0.894682
vt 0.621168 0.899072
vt 0.612421 0.899082
vt 0.628743 0.894654
vt 0.600472 0.887051
vt 0.633116 0.887013
vt 0.600472 0.878234
vt 0.633116 0.878196
vt 0.604846 0.870593
vt 0.628743 0.870565
vt 0.612421 0.866175
vt 0.621167 0.866165
vt 0.274315 0.853816
vt 0.290645 0.858270
vt 0.281894 0.858245
vt 0.298224 0.853885
vt 0.269940 0.846169
vt 0.302599 0.846263
vt 0.269940 0.837353
vt 0.302599 0.837448
vt 0.274315 0.829732
vt 0.298224 0.829801
vt 0.281894 0.825346
vt 0.290645 0.825371
vt 0.198946 0.548120
vt 0.263883 0.332323
vt 0.272014 0.335041
vt 0.207077 0.550838
vt 0.956510 0.862645
vt 0.956513 0.637933
vt 0.963020 0.638799
vt 0.963017 0.863511
vt 0.947900 0.862368
vt 0.947903 0.637656
vt 0.939492 0.862755
vt 0.939495 0.638043
vt 0.933541 0.863701
vt 0.933544 0.638990
vt 0.130227 0.618294
vt 0.080339 0.470646
vt 0.088176 0.466759
vt 0.138064 0.614408
vt 0.121666 0.618931
vt 0.071778 0.471282
vt 0.989015 0.888198
vt 0.988983 0.664475
vt 0.995514 0.663452
vt 0.995546 0.887175
vt 0.980396 0.888521
vt 0.980365 0.664798
vt 0.972000 0.888057
vt 0.971969 0.664334
vt 0.215268 0.552979
vt 0.280205 0.337182
vt 0.286263 0.338174
vt 0.221326 0.553972
vt 0.341864 0.073321
vt 0.350194 0.075233
vt 0.956520 0.368834
vt 0.963025 0.369091
vt 0.947910 0.368780
vt 0.939502 0.368944
vt 0.933549 0.369281
vt 0.020277 0.292886
vt 0.028258 0.289553
vt 0.011573 0.292969
vt 0.988949 0.393689
vt 0.995478 0.393273
vt 0.980331 0.393789
vt 0.971934 0.393548
vt 0.358585 0.076570
vt 0.364789 0.076973
vt 0.342134 0.071767
vt 0.350575 0.071202
vt 0.956531 0.369065
vt 0.963017 0.367501
vt 0.489742 0.830418
vt 0.490647 0.830412
vt 0.490328 0.839035
vt 0.490090 0.839029
vt 0.489742 0.822018
vt 0.489979 0.822023
vt 0.933541 0.367692
vt 0.939514 0.369175
vt 0.020164 0.290072
vt 0.028093 0.288476
vt 0.011512 0.288417
vt 0.989037 0.385290
vt 0.995546 0.386699
vt 0.980427 0.384723
vt 0.972023 0.385150
vt 0.359078 0.070063
vt 0.365363 0.068652
vt 0.341911 0.071047
vt 0.349373 0.067331
vt 0.853891 0.345076
vt 0.854939 0.344316
vt 0.857687 0.352595
vt 0.858161 0.352250
vt 0.492994 0.830414
vt 0.491860 0.839036
vt 0.491512 0.822024
vt 0.186050 0.798026
vt 0.186746 0.798315
vt 0.187456 0.791657
vt 0.188992 0.792295
vt 0.021602 0.287263
vt 0.028361 0.287954
vt 0.014120 0.283323
vt 0.004454 0.283957
vt 0.007919 0.277188
vt 0.980716 0.374909
vt 0.989302 0.376291
vt 0.972287 0.376151
vt 0.356896 0.063039
vt 0.362465 0.059321
vt 0.341427 0.070467
vt 0.346769 0.064208
vt 0.856393 0.343962
vt 0.857028 0.352755
vt 0.855065 0.336881
vt 0.857292 0.336339
vt 0.492669 0.822059
vt 0.494768 0.830466
vt 0.187501 0.798315
vt 0.185788 0.791657
vt 0.024371 0.284888
vt 0.028875 0.287513
vt 0.019143 0.279013
vt 0.014593 0.271463
vt 0.004662 0.270503
vt 0.011939 0.264260
vt 0.972685 0.369357
vt 0.981149 0.367501
vt 0.352173 0.057374
vt 0.356190 0.051795
vt 0.339969 0.069837
vt 0.343161 0.062310
vt 0.660937 0.028246
vt 0.660755 0.028275
vt 0.659773 0.033771
vt 0.658206 0.033793
vt 0.858161 0.336224
vt 0.856611 0.343828
vt 0.492955 0.822060
vt 0.495327 0.830491
vt 0.658382 0.004476
vt 0.659948 0.004454
vt 0.660856 0.011349
vt 0.661038 0.011320
vt 0.028049 0.283307
vt 0.030353 0.286971
vt 0.025022 0.276394
vt 0.022083 0.268083
vt 0.020019 0.260602
vt 0.011894 0.259335
vt 0.019384 0.255955
vt 0.346415 0.054207
vt 0.348859 0.047699
vt 0.198946 0.027953
vt 0.201565 0.020228
vt 0.807695 0.028150
vt 0.806710 0.033647
vt 0.661151 0.020068
vt 0.808701 0.019970
vt 0.809459 0.011296
vt 0.809765 0.004455
vt 0.173465 0.243076
vt 0.174774 0.247090
vt 0.171011 0.235960
vt 0.168069 0.227651
vt 0.165427 0.220373
vt 0.163794 0.216078
vt 0.203823 0.011781
vt 0.205115 0.004876
vt 0.855625 0.318979
vt 0.855857 0.318847
vt 0.855175 0.326294
vt 0.854267 0.326382
vt 0.325581 0.826008
vt 0.327031 0.825346
vt 0.326880 0.831346
vt 0.327031 0.831246
vt 0.812717 0.020766
vt 0.809291 0.028343
vt 0.815889 0.012695
vt 0.817956 0.006292
vt 0.181668 0.239293
vt 0.182388 0.243591
vt 0.178604 0.232472
vt 0.174016 0.224954
vt 0.169133 0.218754
vt 0.165265 0.215533
vt 0.204026 0.011808
vt 0.203619 0.004454
vt 0.845358 0.318498
vt 0.844977 0.318624
vt 0.842865 0.310077
vt 0.843114 0.310045
vt 0.857388 0.318537
vt 0.857543 0.325815
vt 0.855554 0.310045
vt 0.854828 0.310192
vt 0.816119 0.023036
vt 0.809941 0.028777
vt 0.822035 0.016797
vt 0.826104 0.011731
vt 0.160482 0.627840
vt 0.161811 0.633399
vt 0.153151 0.635042
vt 0.151931 0.629936
vt 0.185600 0.226418
vt 0.189310 0.232681
vt 0.179271 0.220407
vt 0.172018 0.216258
vt 0.165785 0.215083
vt 0.189017 0.813697
vt 0.187337 0.813697
vt 0.187909 0.807224
vt 0.187182 0.807224
vt 0.843649 0.318944
vt 0.841989 0.310288
vt 0.841940 0.327133
vt 0.840604 0.327277
vt 0.841582 0.319167
vt 0.854267 0.310542
vt 0.858573 0.317797
vt 0.818381 0.026435
vt 0.810373 0.029426
vt 0.826122 0.022937
vt 0.831522 0.019871
vt 0.162725 0.642046
vt 0.153991 0.642985
vt 0.169996 0.635123
vt 0.170833 0.643039
vt 0.182244 0.214951
vt 0.189559 0.219155
vt 0.173650 0.213263
vt 0.166080 0.214542
vt 0.185788 0.813051
vt 0.188578 0.807503
vt 0.840627 0.310434
vt 0.840431 0.327315
vt 0.840756 0.319233
vt 0.810557 0.031015
vt 0.803993 0.030927
vt 0.804244 0.031110
vt 0.819158 0.030436
vt 0.827490 0.029344
vt 0.154303 0.651109
vt 0.147210 0.651983
vt 0.146971 0.645604
vt 0.163064 0.650801
vt 0.171145 0.651140
vt 0.182575 0.210018
vt 0.190037 0.212833
vt 0.173781 0.210219
vt 0.166010 0.213384
vt 0.082901 0.792835
vt 0.082946 0.792639
vt 0.075708 0.791792
vt 0.075740 0.790244
vt 0.840431 0.310473
vt 0.099710 0.792486
vt 0.099710 0.882141
vt 0.091731 0.882093
vt 0.091731 0.792893
vt 0.810017 0.121422
vt 0.803460 0.120114
vt 0.818607 0.122504
vt 0.826930 0.123069
vt 0.154809 0.746557
vt 0.147710 0.746216
vt 0.163572 0.746688
vt 0.171650 0.746573
vt 0.176380 0.652038
vt 0.176879 0.746243
vt 0.159103 0.144272
vt 0.167633 0.142880
vt 0.151596 0.148623
vt 0.082946 0.882278
vt 0.075708 0.882646
vt 0.492896 0.742522
vt 0.492701 0.742486
vt 0.491935 0.734385
vt 0.492798 0.734444
vt 0.809813 0.123011
vt 0.803713 0.119930
vt 0.817782 0.126505
vt 0.825485 0.129476
vt 0.154583 0.754846
vt 0.147539 0.752720
vt 0.163327 0.755621
vt 0.171425 0.754838
vt 0.176710 0.752706
vt 0.157711 0.141648
vt 0.165271 0.138689
vt 0.151172 0.147563
vt 0.082901 0.882058
vt 0.075740 0.884211
vt 0.492728 0.725644
vt 0.492947 0.725681
vt 0.491283 0.742356
vt 0.489742 0.734185
vt 0.494821 0.747775
vt 0.495494 0.747837
vt 0.815480 0.129904
vt 0.809373 0.123661
vt 0.821325 0.135618
vt 0.153831 0.763273
vt 0.146971 0.759077
vt 0.162507 0.764796
vt 0.170675 0.763238
vt 0.176147 0.759016
vt 0.155012 0.139848
vt 0.160354 0.135410
vt 0.150685 0.147238
vt 0.491283 0.725512
vt 0.495494 0.718661
vt 0.494869 0.718604
vt 0.186391 0.635013
vt 0.187795 0.634962
vt 0.187959 0.643711
vt 0.185788 0.643789
vt 0.189918 0.627840
vt 0.189252 0.627864
vt 0.812051 0.132176
vt 0.808718 0.124095
vt 0.815129 0.139722
vt 0.825342 0.139270
vt 0.817128 0.144711
vt 0.161474 0.773705
vt 0.160789 0.782765
vt 0.152591 0.783603
vt 0.153220 0.775282
vt 0.170129 0.775278
vt 0.169502 0.783573
vt 0.176866 0.779579
vt 0.176395 0.785809
vt 0.151414 0.139140
vt 0.153800 0.134121
vt 0.150036 0.147110
vt 0.187478 0.843599
vt 0.185788 0.843599
vt 0.186878 0.838336
vt 0.186147 0.838336
vt 0.189702 0.651766
vt 0.188271 0.651817
vt 0.187987 0.634971
vt 0.188815 0.643662
vt 0.807120 0.124288
vt 0.806209 0.117393
vt 0.806023 0.117644
vt 0.808025 0.132973
vt 0.808682 0.141123
vt 0.152414 0.791860
vt 0.146971 0.792342
vt 0.147105 0.785862
vt 0.160596 0.791663
vt 0.169326 0.791805
vt 0.176263 0.792248
vt 0.147458 0.139634
vt 0.147410 0.134826
vt 0.148507 0.147393
vt 0.150035 0.155895
vt 0.150276 0.156024
vt 0.189918 0.651772
vt 0.154012 0.167037
vt 0.064833 0.191636
vt 0.063112 0.187813
vt 0.152291 0.163214
vt 0.714615 0.124304
vt 0.713704 0.117410
vt 0.715520 0.132990
vt 0.716177 0.141139
vt 0.153017 0.884475
vt 0.147574 0.884957
vt 0.161200 0.884278
vt 0.169929 0.884421
vt 0.176866 0.884863
vt 0.058278 0.164233
vt 0.058230 0.159426
vt 0.059327 0.171992
vt 0.061096 0.180623
vt 0.056655 0.192497
vt 0.054271 0.188732
vt 0.708208 0.125695
vt 0.705514 0.119245
vt 0.711541 0.133776
vt 0.714619 0.141322
vt 0.153048 0.884261
vt 0.147562 0.886520
vt 0.129277 0.844649
vt 0.130150 0.844785
vt 0.131006 0.852110
vt 0.130775 0.851964
vt 0.313804 0.825795
vt 0.314066 0.825766
vt 0.311967 0.833973
vt 0.311508 0.834116
vt 0.176852 0.886466
vt 0.169959 0.884230
vt 0.054275 0.164732
vt 0.056660 0.159712
vt 0.052897 0.172701
vt 0.052896 0.181486
vt 0.064153 0.629881
vt 0.065557 0.635718
vt 0.057464 0.634216
vt 0.055930 0.627840
vt 0.702059 0.129769
vt 0.697327 0.124668
vt 0.708165 0.136012
vt 0.714010 0.141726
vt 0.132483 0.852512
vt 0.129740 0.860699
vt 0.130378 0.860872
vt 0.132391 0.845394
vt 0.315053 0.825535
vt 0.313494 0.833618
vt 0.187474 0.782724
vt 0.188260 0.782748
vt 0.187337 0.775852
vt 0.188994 0.775901
vt 0.050620 0.164013
vt 0.055962 0.159575
vt 0.046293 0.171402
vt 0.044141 0.179764
vt 0.044740 0.186857
vt 0.066490 0.644134
vt 0.058483 0.643409
vt 0.697930 0.135864
vt 0.691830 0.132784
vt 0.705899 0.139358
vt 0.713601 0.142329
vt 0.133553 0.853342
vt 0.129277 0.860340
vt 0.315693 0.833389
vt 0.316451 0.842154
vt 0.315002 0.842304
vt 0.316475 0.825388
vt 0.188994 0.782471
vt 0.185788 0.776436
vt 0.047878 0.162184
vt 0.055438 0.159225
vt 0.041339 0.168099
vt 0.037573 0.175384
vt 0.049724 0.644228
vt 0.048788 0.635785
vt 0.066799 0.652403
vt 0.058820 0.652346
vt 0.696495 0.142231
vt 0.689938 0.140923
vt 0.705086 0.143313
vt 0.713408 0.143878
vt 0.011515 0.630002
vt 0.011552 0.629783
vt 0.004454 0.629405
vt 0.004481 0.627840
vt 0.316559 0.833324
vt 0.316672 0.842111
vt 0.316672 0.825346
vt 0.033652 0.627977
vt 0.033624 0.629583
vt 0.028393 0.629886
vt 0.028356 0.630081
vt 0.046468 0.159530
vt 0.054997 0.158138
vt 0.038961 0.163882
vt 0.050035 0.652521
vt 0.042797 0.652881
vt 0.042561 0.646373
vt 0.066568 0.870265
vt 0.058590 0.870436
vt 0.695162 0.358341
vt 0.688571 0.357643
vt 0.703799 0.358592
vt 0.712167 0.358329
vt 0.011585 0.844789
vt 0.004483 0.845020
vt 0.020314 0.629959
vt 0.020348 0.844745
vt 0.028426 0.844900
vt 0.033652 0.845212
vt 0.012132 0.005262
vt 0.020834 0.004454
vt 0.004454 0.009031
vt 0.049803 0.870391
vt 0.042561 0.870142
vt 0.521739 0.894685
vt 0.538061 0.899071
vt 0.529314 0.899083
vt 0.517366 0.887055
vt 0.545637 0.894652
vt 0.517366 0.878238
vt 0.550010 0.887010
vt 0.521739 0.870596
vt 0.550010 0.878193
vt 0.529314 0.866177
vt 0.545637 0.870563
vt 0.538061 0.866165
vt 0.662582 0.863590
vt 0.678912 0.868045
vt 0.670161 0.868020
vt 0.686490 0.863659
vt 0.658207 0.855943
vt 0.690866 0.856038
vt 0.658207 0.847128
vt 0.690866 0.847222
vt 0.662582 0.839506
vt 0.686490 0.839575
vt 0.670161 0.835120
vt 0.678912 0.835146
vt 0.617137 0.530043
vt 0.626167 0.401473
vt 0.634701 0.401223
vt 0.625666 0.530898
vt 0.098679 0.780307
vt 0.098846 0.652612
vt 0.105350 0.652674
vt 0.105184 0.781181
vt 0.090069 0.780020
vt 0.090236 0.652622
vt 0.081661 0.780396
vt 0.081828 0.652701
vt 0.075708 0.781335
vt 0.075874 0.652827
vt 0.499207 0.004454
vt 0.500184 0.094346
vt 0.491593 0.094854
vt 0.490551 0.005722
vt 0.507543 0.006501
vt 0.508457 0.097152
vt 0.131533 0.809493
vt 0.131273 0.678526
vt 0.137801 0.678302
vt 0.138062 0.808457
vt 0.122915 0.809832
vt 0.122656 0.678569
vt 0.114518 0.809384
vt 0.114259 0.678418
vt 0.634129 0.531177
vt 0.643167 0.400397
vt 0.649298 0.399217
vt 0.640256 0.530807
vt 0.623115 0.384842
vt 0.630800 0.381405
vt 0.098712 0.638050
vt 0.105184 0.635718
vt 0.090114 0.638936
vt 0.081694 0.638139
vt 0.075708 0.635872
vt 0.495074 0.107599
vt 0.487525 0.105997
vt 0.502305 0.112515
vt 0.131567 0.652558
vt 0.138062 0.654737
vt 0.122962 0.651720
vt 0.114552 0.652449
vt 0.638418 0.377394
vt 0.643927 0.373882
vt 0.612641 0.372927
vt 0.617432 0.366197
vt 0.617422 0.386783
vt 0.609067 0.377278
vt 0.089762 0.629674
vt 0.098324 0.627840
vt 0.081307 0.627928
vt 0.874347 0.253119
vt 0.873450 0.242426
vt 0.880368 0.239301
vt 0.881083 0.247830
vt 0.480820 0.116819
vt 0.476357 0.113220
vt 0.484964 0.123732
vt 0.507278 0.119428
vt 0.487678 0.132106
vt 0.123918 0.627840
vt 0.132484 0.629644
vt 0.115469 0.629536
vt 0.622155 0.358892
vt 0.625545 0.352969
vt 0.596452 0.367668
vt 0.598177 0.359672
vt 0.595122 0.372947
vt 0.889090 0.238412
vt 0.889199 0.225223
vt 0.897386 0.225983
vt 0.897280 0.239998
vt 0.880474 0.225285
vt 0.873547 0.226150
vt 0.461241 0.119535
vt 0.459909 0.115347
vt 0.462253 0.127037
vt 0.462676 0.135843
vt 0.488236 0.139698
vt 0.462394 0.143593
vt 0.486487 0.144474
vt 0.461485 0.148210
vt 0.599834 0.351100
vt 0.600980 0.344250
vt 0.561643 0.365346
vt 0.563368 0.357349
vt 0.898608 0.191160
vt 0.904062 0.192536
vt 0.902840 0.227359
vt 0.890422 0.190400
vt 0.881696 0.190462
vt 0.874769 0.191327
vt 0.426431 0.117939
vt 0.425100 0.113751
vt 0.427444 0.125441
vt 0.427866 0.134247
vt 0.427585 0.141997
vt 0.426675 0.146614
vt 0.565025 0.348777
vt 0.566171 0.341927
vt 0.539322 0.357554
vt 0.544113 0.350824
vt 0.560313 0.370625
vt 0.535748 0.361905
vt 0.890483 0.164864
vt 0.898672 0.166450
vt 0.881760 0.165752
vt 0.874842 0.168878
vt 0.406852 0.120655
vt 0.402389 0.117057
vt 0.410996 0.127568
vt 0.413710 0.135943
vt 0.414268 0.143535
vt 0.412520 0.148311
vt 0.548836 0.343519
vt 0.552226 0.337596
vt 0.523059 0.339052
vt 0.530744 0.335615
vt 0.517366 0.340993
vt 0.389833 0.950014
vt 0.388938 0.926601
vt 0.397535 0.925712
vt 0.398394 0.948177
vt 0.381376 0.948271
vt 0.380517 0.925806
vt 0.873450 0.152275
vt 0.880186 0.146986
vt 0.392598 0.129875
vt 0.385048 0.128273
vt 0.399828 0.134792
vt 0.404802 0.141705
vt 0.848880 0.299327
vt 0.849263 0.289880
vt 0.857868 0.290722
vt 0.857446 0.301136
vt 0.840431 0.301018
vt 0.840853 0.290604
vt 0.538362 0.331604
vt 0.543871 0.328092
vt 0.518310 0.316049
vt 0.526844 0.315798
vt 0.397244 0.899827
vt 0.403748 0.899886
vt 0.404007 0.923379
vt 0.388634 0.899839
vt 0.380226 0.899920
vt 0.374531 0.923541
vt 0.374272 0.900048
vt 0.387488 0.143128
vt 0.378896 0.143636
vt 0.395760 0.145934
vt 0.858013 0.276129
vt 0.864541 0.275908
vt 0.864362 0.292905
vt 0.849395 0.276167
vt 0.840998 0.276012
vt 0.535310 0.314972
vt 0.541441 0.313793
vt 0.527348 0.185268
vt 0.535878 0.186123
vt 0.397369 0.768285
vt 0.403874 0.769157
vt 0.388758 0.768000
vt 0.380351 0.768378
vt 0.374398 0.769319
vt 0.388465 0.233020
vt 0.379810 0.234287
vt 0.396802 0.235066
vt 0.857816 0.149000
vt 0.864346 0.147968
vt 0.849198 0.149334
vt 0.840802 0.148882
vt 0.544340 0.186402
vt 0.550468 0.186032
vt 0.536532 0.054498
vt 0.544912 0.056448
vt 0.397504 0.636780
vt 0.404007 0.638450
vt 0.388895 0.636203
vt 0.380487 0.636874
vt 0.374531 0.638612
vt 0.389443 0.322911
vt 0.380868 0.324945
vt 0.397699 0.324192
vt 0.857632 0.021827
vt 0.864158 0.020003
vt 0.849016 0.022452
vt 0.840618 0.021709
vt 0.553225 0.057822
vt 0.559244 0.058254
vt 0.544427 0.032338
vt 0.551525 0.037332
vt 0.530329 0.052495
vt 0.539164 0.028107
vt 0.389249 0.611595
vt 0.397845 0.612965
vt 0.380827 0.613058
vt 0.387361 0.340888
vt 0.381562 0.347307
vt 0.374272 0.329747
vt 0.394847 0.336646
vt 0.402013 0.335719
vt 0.857446 0.008413
vt 0.863930 0.004454
vt 0.848844 0.009819
vt 0.840431 0.008296
vt 0.558556 0.041751
vt 0.563635 0.044410
vt 0.563106 0.016168
vt 0.566879 0.024040
vt 0.560277 0.009830
vt 0.390185 0.594182
vt 0.398742 0.596257
vt 0.401458 0.361796
vt 0.399739 0.369284
vt 0.379004 0.354183
vt 0.404963 0.353706
vt 0.409316 0.347183
vt 0.413349 0.343974
vt 0.610467 0.547947
vt 0.601153 0.549936
vt 0.601749 0.542580
vt 0.613425 0.540086
vt 0.611280 0.556723
vt 0.602831 0.558527
vt 0.615646 0.564062
vt 0.606332 0.566051
vt 0.570585 0.031337
vt 0.573231 0.036103
vt 0.586301 0.011413
vt 0.586861 0.020133
vt 0.585823 0.004454
vt 0.425691 0.375553
vt 0.425376 0.380198
vt 0.400267 0.374164
vt 0.426567 0.367830
vt 0.427768 0.359099
vt 0.428974 0.351698
vt 0.429860 0.347612
vt 0.587370 0.554054
vt 0.585712 0.547344
vt 0.589872 0.562408
vt 0.592548 0.570169
vt 0.610718 0.570492
vt 0.594682 0.575256
vt 0.587354 0.028278
vt 0.620284 0.013728
vt 0.619440 0.022434
vt 0.621432 0.006785
vt 0.462691 0.377454
vt 0.460978 0.381904
vt 0.464377 0.369845
vt 0.465586 0.361115
vt 0.465992 0.353603
vt 0.465488 0.349322
vt 0.555008 0.564625
vt 0.551836 0.558511
vt 0.558824 0.572462
vt 0.562264 0.579922
vt 0.564403 0.585007
vt 0.619126 0.030571
vt 0.634489 0.015102
vt 0.632826 0.023719
vt 0.637926 0.008409
vt 0.481888 0.382164
vt 0.477118 0.385697
vt 0.486646 0.375476
vt 0.490117 0.367425
vt 0.491371 0.360167
vt 0.490072 0.355649
vt 0.535250 0.577753
vt 0.530147 0.573084
vt 0.541722 0.583605
vt 0.547828 0.589070
vt 0.551932 0.592685
vt 0.633385 0.031951
vt 0.643570 0.016829
vt 0.641089 0.025291
vt 0.649298 0.010572
vt 0.495194 0.393234
vt 0.487539 0.394366
vt 0.502851 0.388958
vt 0.508457 0.382683
vt 0.350998 0.562881
vt 0.354472 0.584478
vt 0.345746 0.585592
vt 0.342416 0.564897
vt 0.359208 0.564702
vt 0.362546 0.585453
vt 0.523927 0.599834
vt 0.517366 0.598009
vt 0.532404 0.601774
vt 0.540525 0.603311
vt 0.421699 0.599511
vt 0.420407 0.608923
vt 0.413491 0.605995
vt 0.415114 0.594182
vt 0.430282 0.601532
vt 0.429113 0.610045
vt 0.437278 0.609060
vt 0.436814 0.623386
vt 0.428688 0.623543
vt 0.442713 0.606234
vt 0.442142 0.622875
vt 0.499062 0.407714
vt 0.490563 0.406518
vt 0.507566 0.405777
vt 0.346870 0.610994
vt 0.339702 0.611541
vt 0.338705 0.588498
vt 0.355644 0.610763
vt 0.363673 0.610910
vt 0.524849 0.623438
vt 0.518246 0.624015
vt 0.533382 0.622077
vt 0.541560 0.620297
vt 0.419941 0.623303
vt 0.412916 0.622731
vt 0.437391 0.865786
vt 0.429267 0.865654
vt 0.442713 0.866084
vt 0.481968 0.585274
vt 0.473474 0.583269
vt 0.490467 0.584148
vt 0.345878 0.857208
vt 0.338705 0.856933
vt 0.354654 0.857285
vt 0.362682 0.857143
vt 0.599472 0.855899
vt 0.593064 0.857256
vt 0.607737 0.853466
vt 0.615646 0.850609
vt 0.420518 0.865722
vt 0.413487 0.865973
vt 0.704150 0.863592
vt 0.720479 0.868045
vt 0.711729 0.868021
vt 0.699775 0.855946
vt 0.728058 0.863658
vt 0.699775 0.847130
vt 0.732433 0.856035
vt 0.704150 0.839507
vt 0.732433 0.847220
vt 0.711729 0.835120
vt 0.728058 0.839573
vt 0.720479 0.835144
vt 0.563293 0.894683
vt 0.579615 0.899072
vt 0.570868 0.899082
vt 0.587190 0.894654
vt 0.558919 0.887053
vt 0.591563 0.887012
vt 0.558919 0.878235
vt 0.591563 0.878195
vt 0.563293 0.870594
vt 0.587190 0.870564
vt 0.570868 0.866176
vt 0.579615 0.866165
vt 0.846389 0.745701
vt 0.901079 0.554031
vt 0.909225 0.556899
vt 0.854408 0.749164
vt 0.475572 0.868391
vt 0.475548 0.596006
vt 0.480813 0.595705
vt 0.480833 0.868702
vt 0.467478 0.868237
vt 0.467452 0.596076
vt 0.458719 0.868283
vt 0.458695 0.595898
vt 0.451642 0.868515
vt 0.451622 0.595518
vt 0.214143 0.860855
vt 0.214072 0.588498
vt 0.222411 0.589016
vt 0.222522 0.860544
vt 0.205513 0.860653
vt 0.205483 0.587466
vt 0.198946 0.859993
vt 0.198946 0.586198
vt 0.640556 0.839430
vt 0.640778 0.563975
vt 0.648775 0.564027
vt 0.648551 0.839258
vt 0.631773 0.839385
vt 0.631997 0.564154
vt 0.624554 0.839136
vt 0.624783 0.564517
vt 0.917905 0.556680
vt 0.862960 0.749540
vt 0.901209 0.553067
vt 0.909250 0.554096
vt 0.475503 0.596463
vt 0.480833 0.594370
vt 0.135007 0.826737
vt 0.133892 0.826809
vt 0.134662 0.818790
vt 0.135120 0.818741
vt 0.135120 0.835520
vt 0.134662 0.835569
vt 0.451642 0.594182
vt 0.458650 0.596355
vt 0.214817 0.584762
vt 0.222550 0.587694
vt 0.206834 0.581317
vt 0.200741 0.578282
vt 0.640447 0.555287
vt 0.648472 0.555996
vt 0.631693 0.556123
vt 0.624555 0.558280
vt 0.917823 0.552040
vt 0.901020 0.552709
vt 0.907817 0.551384
vt 0.185788 0.728857
vt 0.187712 0.728825
vt 0.186259 0.735602
vt 0.186763 0.735594
vt 0.131475 0.827059
vt 0.133009 0.818961
vt 0.133009 0.835740
vt 0.840431 0.352102
vt 0.840742 0.352361
vt 0.843796 0.344277
vt 0.844983 0.345266
vt 0.216940 0.581585
vt 0.222830 0.587274
vt 0.210800 0.575383
vt 0.206056 0.570329
vt 0.639449 0.546312
vt 0.647559 0.547784
vt 0.630780 0.547911
vt 0.915147 0.546973
vt 0.921045 0.540658
vt 0.924632 0.547448
vt 0.900667 0.552417
vt 0.905146 0.549175
vt 0.189506 0.729528
vt 0.185788 0.735418
vt 0.129798 0.827449
vt 0.131861 0.819228
vt 0.842130 0.343760
vt 0.841547 0.336386
vt 0.843984 0.337142
vt 0.841179 0.352496
vt 0.220118 0.579451
vt 0.223250 0.586992
vt 0.216737 0.571396
vt 0.214012 0.564987
vt 0.637950 0.540086
vt 0.646187 0.542088
vt 0.914357 0.535127
vt 0.916623 0.528086
vt 0.923932 0.534131
vt 0.910157 0.542846
vt 0.899401 0.552019
vt 0.901642 0.547805
vt 0.272824 0.809273
vt 0.272372 0.809302
vt 0.272913 0.816258
vt 0.271591 0.816437
vt 0.129277 0.827634
vt 0.131535 0.819302
vt 0.841667 0.343610
vt 0.840431 0.336224
vt 0.505497 0.842564
vt 0.504236 0.842132
vt 0.505497 0.836849
vt 0.505080 0.836672
vt 0.223867 0.578685
vt 0.224578 0.586845
vt 0.222907 0.570011
vt 0.221954 0.563149
vt 0.908645 0.524771
vt 0.908967 0.520555
vt 0.916345 0.523609
vt 0.906979 0.532073
vt 0.904416 0.540504
vt 0.862665 0.543467
vt 0.863896 0.538943
vt 0.308522 0.803964
vt 0.310263 0.810689
vt 0.271283 0.800633
vt 0.306393 0.795495
vt 0.269940 0.792576
vt 0.304447 0.787554
vt 0.259400 0.586720
vt 0.259674 0.592182
vt 0.224849 0.592306
vt 0.259297 0.578530
vt 0.259392 0.569803
vt 0.259660 0.562880
vt 0.870907 0.515912
vt 0.872241 0.512006
vt 0.868655 0.523035
vt 0.866089 0.531465
vt 0.855125 0.540454
vt 0.855755 0.535678
vt 0.314459 0.801719
vt 0.317883 0.807751
vt 0.310022 0.794202
vt 0.305762 0.787213
vt 0.258952 0.586689
vt 0.261031 0.592189
vt 0.836531 0.832612
vt 0.835384 0.832473
vt 0.835258 0.824726
vt 0.835729 0.824860
vt 0.837104 0.837265
vt 0.836609 0.837131
vt 0.260976 0.562887
vt 0.258920 0.569772
vt 0.867363 0.514570
vt 0.870982 0.511620
vt 0.862820 0.520735
vt 0.858572 0.528461
vt 0.847982 0.535048
vt 0.847961 0.529781
vt 0.319793 0.796926
vt 0.325016 0.801342
vt 0.312890 0.791625
vt 0.306158 0.786857
vt 0.833534 0.824269
vt 0.836746 0.816095
vt 0.836265 0.815967
vt 0.832842 0.831799
vt 0.834856 0.836666
vt 0.189542 0.744678
vt 0.189095 0.744511
vt 0.187608 0.751187
vt 0.185788 0.750511
vt 0.864538 0.512433
vt 0.870627 0.511351
vt 0.857520 0.516724
vt 0.851452 0.523073
vt 0.738128 0.369243
vt 0.737891 0.376366
vt 0.729279 0.375273
vt 0.729537 0.367501
vt 0.322885 0.790480
vt 0.329151 0.792722
vt 0.314553 0.788158
vt 0.306388 0.786379
vt 0.832252 0.823374
vt 0.837104 0.816344
vt 0.185788 0.669302
vt 0.187878 0.669388
vt 0.189061 0.677800
vt 0.187643 0.677742
vt 0.187597 0.660726
vt 0.189038 0.660785
vt 0.188619 0.744528
vt 0.189542 0.751119
vt 0.862855 0.509823
vt 0.870415 0.511022
vt 0.854361 0.511827
vt 0.847209 0.516496
vt 0.720877 0.376520
vt 0.721113 0.369421
vt 0.737812 0.383985
vt 0.729193 0.383500
vt 0.323344 0.784193
vt 0.329796 0.784635
vt 0.314758 0.784337
vt 0.306338 0.785031
vt 0.186620 0.829427
vt 0.186946 0.829242
vt 0.185788 0.823209
vt 0.186946 0.822606
vt 0.188892 0.669417
vt 0.189445 0.677816
vt 0.189445 0.660802
vt 0.780876 0.367501
vt 0.780882 0.368769
vt 0.774324 0.370379
vt 0.774339 0.370775
vt 0.862569 0.507133
vt 0.870437 0.510106
vt 0.853767 0.507358
vt 0.846389 0.510721
vt 0.720798 0.384117
vt 0.737717 0.591512
vt 0.729129 0.590420
vt 0.744346 0.385444
vt 0.744250 0.592979
vt 0.284981 0.578947
vt 0.293511 0.578210
vt 0.276657 0.580674
vt 0.300340 0.786088
vt 0.270772 0.582929
vt 0.765697 0.370908
vt 0.765612 0.573685
vt 0.757283 0.574027
vt 0.757314 0.370214
vt 0.774207 0.572553
vt 0.780765 0.570934
vt 0.886652 0.368035
vt 0.894473 0.371443
vt 0.877932 0.367501
vt 0.720789 0.589996
vt 0.714930 0.590352
vt 0.714877 0.385672
vt 0.736375 0.597595
vt 0.728395 0.594094
vt 0.742460 0.600837
vt 0.283833 0.570734
vt 0.292453 0.570638
vt 0.275593 0.573057
vt 0.269940 0.576986
vt 0.766370 0.577436
vt 0.758646 0.580165
vt 0.774357 0.573905
vt 0.780466 0.570517
vt 0.186294 0.695211
vt 0.187320 0.695222
vt 0.186169 0.703765
vt 0.185788 0.703758
vt 0.185788 0.686725
vt 0.186214 0.686733
vt 0.720660 0.591273
vt 0.715241 0.589888
vt 0.732437 0.603458
vt 0.726306 0.597204
vt 0.737159 0.608730
vt 0.282829 0.562880
vt 0.291537 0.563476
vt 0.274671 0.565848
vt 0.762645 0.586102
vt 0.758591 0.589281
vt 0.753254 0.581360
vt 0.768530 0.580643
vt 0.774668 0.574367
vt 0.504403 0.719524
vt 0.506104 0.718710
vt 0.507491 0.725650
vt 0.507994 0.725409
vt 0.189450 0.695261
vt 0.187601 0.703791
vt 0.187694 0.686759
vt 0.741342 0.840289
vt 0.741789 0.840282
vt 0.741342 0.835149
vt 0.743288 0.835120
vt 0.720410 0.591645
vt 0.726543 0.607398
vt 0.723180 0.599294
vt 0.729225 0.614033
vt 0.801078 0.872055
vt 0.801348 0.864053
vt 0.809703 0.862805
vt 0.809457 0.870103
vt 0.792457 0.870439
vt 0.792705 0.863092
vt 0.785904 0.865688
vt 0.786090 0.860182
vt 0.771763 0.582800
vt 0.768631 0.590096
vt 0.775134 0.574678
vt 0.507994 0.718604
vt 0.506931 0.725682
vt 0.818664 0.831743
vt 0.820812 0.831581
vt 0.822960 0.839752
vt 0.821515 0.839861
vt 0.819333 0.822997
vt 0.820826 0.822885
vt 0.823343 0.815967
vt 0.823000 0.815993
vt 0.720036 0.591895
vt 0.720410 0.608768
vt 0.719475 0.600046
vt 0.721302 0.615859
vt 0.801405 0.855723
vt 0.809755 0.855126
vt 0.792757 0.855368
vt 0.786128 0.854154
vt 0.775560 0.583580
vt 0.774844 0.591492
vt 0.776504 0.574837
vt 0.777841 0.567906
vt 0.777420 0.567608
vt 0.821842 0.831488
vt 0.823343 0.839724
vt 0.821255 0.822852
vt 0.718747 0.592031
vt 0.718422 0.586871
vt 0.717955 0.587181
vt 0.683290 0.609012
vt 0.682355 0.600291
vt 0.684182 0.616104
vt 0.801182 0.818803
vt 0.809532 0.818205
vt 0.792533 0.818447
vt 0.785905 0.817234
vt 0.812674 0.583892
vt 0.811957 0.591804
vt 0.813617 0.575149
vt 0.814533 0.567919
vt 0.883149 0.004454
vt 0.881999 0.031532
vt 0.873627 0.033040
vt 0.874777 0.005962
vt 0.891778 0.005731
vt 0.890629 0.032808
vt 0.681627 0.592276
vt 0.681302 0.587115
vt 0.681920 0.609169
vt 0.678557 0.601066
vt 0.684602 0.615805
vt 0.497369 0.766028
vt 0.496270 0.765822
vt 0.496830 0.757434
vt 0.497334 0.757522
vt 0.494617 0.774306
vt 0.494071 0.774210
vt 0.785904 0.815967
vt 0.792519 0.818877
vt 0.816377 0.584647
vt 0.813245 0.591943
vt 0.819748 0.576525
vt 0.822455 0.569752
vt 0.881819 0.039146
vt 0.873461 0.040047
vt 0.890462 0.039858
vt 0.897205 0.036527
vt 0.897073 0.041994
vt 0.675413 0.593666
vt 0.681454 0.609481
vt 0.675323 0.603227
vt 0.189370 0.719916
vt 0.187482 0.719798
vt 0.188869 0.712735
vt 0.188310 0.712700
vt 0.493534 0.765337
vt 0.494990 0.757107
vt 0.492169 0.773873
vt 0.490823 0.780351
vt 0.491260 0.780428
vt 0.819504 0.586733
vt 0.813619 0.592192
vt 0.825642 0.580457
vt 0.830388 0.575046
vt 0.881807 0.049478
vt 0.873450 0.049470
vt 0.890450 0.049343
vt 0.897064 0.049103
vt 0.669427 0.597668
vt 0.681143 0.609945
vt 0.673163 0.606444
vt 0.185788 0.718976
vt 0.189370 0.712978
vt 0.490821 0.764915
vt 0.493165 0.756824
vt 0.490282 0.773580
vt 0.491693 0.780495
vt 0.821593 0.589834
vt 0.813869 0.592563
vt 0.829579 0.586302
vt 0.835689 0.582914
vt 0.882011 0.059682
vt 0.873636 0.058776
vt 0.890638 0.058712
vt 0.897205 0.056124
vt 0.665428 0.603623
vt 0.680993 0.611302
vt 0.672406 0.610210
vt 0.507523 0.792467
vt 0.507875 0.792323
vt 0.506641 0.785974
vt 0.507875 0.785447
vt 0.489742 0.764760
vt 0.492665 0.756746
vt 0.489742 0.773496
vt 0.873450 0.356109
vt 0.873453 0.354845
vt 0.879602 0.353460
vt 0.879609 0.353035
vt 0.822327 0.593493
vt 0.813998 0.593835
vt 0.830922 0.592361
vt 0.837480 0.590741
vt 0.882331 0.067004
vt 0.873931 0.065513
vt 0.890934 0.065490
vt 0.664065 0.609786
vt 0.658206 0.610142
vt 0.660008 0.602238
vt 0.681003 0.702617
vt 0.672415 0.703182
vt 0.687526 0.612769
vt 0.687536 0.702863
vt 0.888087 0.352948
vt 0.888087 0.263056
vt 0.896635 0.263094
vt 0.896635 0.353447
vt 0.879602 0.263140
vt 0.873453 0.263324
vt 0.822327 0.685992
vt 0.813998 0.684693
vt 0.830922 0.686508
vt 0.837480 0.686105
vt 0.886627 0.133615
vt 0.878207 0.131807
vt 0.895212 0.131806
vt 0.664075 0.704405
vt 0.658217 0.705959
vt 0.681152 0.703973
vt 0.673174 0.706938
vt 0.687237 0.702449
vt 0.496399 0.804794
vt 0.495808 0.804806
vt 0.494392 0.796129
vt 0.494737 0.796135
vt 0.493611 0.813109
vt 0.493249 0.813105
vt 0.873450 0.262028
vt 0.879609 0.263642
vt 0.821593 0.689638
vt 0.813869 0.685963
vt 0.829579 0.692544
vt 0.835689 0.693902
vt 0.887068 0.138077
vt 0.878613 0.135931
vt 0.895620 0.135953
vt 0.665439 0.710550
vt 0.660020 0.713840
vt 0.681464 0.704433
vt 0.675335 0.710126
vt 0.506013 0.801375
vt 0.507875 0.801520
vt 0.507324 0.807308
vt 0.507875 0.807351
vt 0.493985 0.804785
vt 0.493165 0.796115
vt 0.491981 0.813090
vt 0.185788 0.766642
vt 0.186168 0.766874
vt 0.187711 0.760395
vt 0.189364 0.761407
vt 0.819504 0.692704
vt 0.813619 0.686329
vt 0.825642 0.698323
vt 0.830388 0.701681
vt 0.767832 0.815967
vt 0.768268 0.822731
vt 0.759686 0.824206
vt 0.759288 0.818038
vt 0.776301 0.817889
vt 0.776702 0.824098
vt 0.669440 0.716452
vt 0.665359 0.721716
vt 0.681930 0.704738
vt 0.678568 0.712245
vt 0.491482 0.796035
vt 0.490240 0.789428
vt 0.489742 0.789404
vt 0.491483 0.804665
vt 0.490241 0.813007
vt 0.186610 0.766943
vt 0.185788 0.760096
vt 0.816377 0.694738
vt 0.813245 0.686572
vt 0.819748 0.702157
vt 0.759927 0.832696
vt 0.753433 0.834437
vt 0.753254 0.828130
vt 0.768532 0.832041
vt 0.776944 0.832645
vt 0.675427 0.720375
vt 0.673347 0.726949
vt 0.683300 0.704877
vt 0.682367 0.712970
vt 0.507860 0.759007
vt 0.507953 0.758960
vt 0.507247 0.751037
vt 0.507953 0.750482
vt 0.490345 0.804598
vt 0.491031 0.796014
vt 0.489742 0.812983
vt 0.811957 0.686689
vt 0.811659 0.679546
vt 0.811192 0.679849
vt 0.812674 0.695431
vt 0.813617 0.703429
vt 0.759977 0.840779
vt 0.753470 0.840688
vt 0.768588 0.840811
vt 0.776995 0.840776
vt 0.681641 0.721684
vt 0.681317 0.728682
vt 0.720420 0.704633
vt 0.719487 0.712726
vt 0.684191 0.699573
vt 0.721311 0.699328
vt 0.498201 0.707582
vt 0.498089 0.680480
vt 0.506739 0.681793
vt 0.506851 0.708895
vt 0.489854 0.709695
vt 0.489742 0.682593
vt 0.774844 0.686377
vt 0.774546 0.679235
vt 0.775560 0.695119
vt 0.776504 0.703117
vt 0.759762 0.877699
vt 0.753254 0.877608
vt 0.768373 0.877731
vt 0.776779 0.877696
vt 0.718761 0.721439
vt 0.718437 0.728437
vt 0.726553 0.705922
vt 0.723192 0.713429
vt 0.729234 0.701050
vt 0.498212 0.675542
vt 0.506851 0.677231
vt 0.489855 0.678005
vt 0.768631 0.687669
vt 0.766577 0.680945
vt 0.771763 0.695834
vt 0.775134 0.703253
vt 0.759748 0.877247
vt 0.753255 0.878988
vt 0.114259 0.827294
vt 0.114859 0.827275
vt 0.116854 0.835809
vt 0.116505 0.835815
vt 0.116463 0.818784
vt 0.116830 0.818777
vt 0.720050 0.721559
vt 0.717970 0.728133
vt 0.732448 0.709784
vt 0.726319 0.715477
vt 0.737169 0.706248
vt 0.860994 0.758449
vt 0.861164 0.765310
vt 0.852625 0.766742
vt 0.852470 0.760485
vt 0.869502 0.760378
vt 0.869658 0.766677
vt 0.762645 0.691563
vt 0.758591 0.686141
vt 0.768530 0.697937
vt 0.774668 0.703556
vt 0.507908 0.827538
vt 0.506040 0.827763
vt 0.507374 0.822018
vt 0.506821 0.822084
vt 0.116705 0.827238
vt 0.118096 0.835784
vt 0.118113 0.818751
vt 0.505218 0.734591
vt 0.504778 0.734663
vt 0.506318 0.741257
vt 0.504402 0.741574
vt 0.720424 0.721803
vt 0.736387 0.715595
vt 0.728409 0.718560
vt 0.742472 0.714071
vt 0.861254 0.774677
vt 0.852707 0.775284
vt 0.869740 0.775277
vt 0.758646 0.697432
vt 0.753254 0.693972
vt 0.766370 0.701107
vt 0.774357 0.704013
vt 0.504236 0.827254
vt 0.507908 0.822169
vt 0.119225 0.827226
vt 0.119790 0.835776
vt 0.119866 0.818743
vt 0.504402 0.734899
vt 0.507953 0.740231
vt 0.720674 0.722172
vt 0.737731 0.721660
vt 0.729143 0.722224
vt 0.852708 0.783377
vt 0.846389 0.783194
vt 0.846389 0.776936
vt 0.861255 0.783459
vt 0.869741 0.783418
vt 0.875891 0.776923
vt 0.875891 0.783265
vt 0.765612 0.704846
vt 0.757283 0.703547
vt 0.774207 0.705363
vt 0.780466 0.705371
vt 0.780765 0.704959
vt 0.120368 0.827226
vt 0.120245 0.835773
vt 0.120368 0.818741
vt 0.507247 0.767916
vt 0.507875 0.768398
vt 0.507247 0.776498
vt 0.507337 0.776538
vt 0.720803 0.723448
vt 0.737782 0.825120
vt 0.729153 0.824856
vt 0.744264 0.721906
vt 0.744346 0.825976
vt 0.860729 0.888066
vt 0.852182 0.887753
vt 0.869215 0.887810
vt 0.875367 0.887053
vt 0.765611 0.807058
vt 0.757242 0.806579
vt 0.774247 0.806750
vt 0.780835 0.805739
vt 0.498425 0.664288
vt 0.498426 0.594182
vt 0.506711 0.596377
vt 0.506711 0.666633
vt 0.489742 0.665541
vt 0.489742 0.595295
vt 0.720772 0.825256
vt 0.714884 0.826211
vt 0.714945 0.725002
s 0
f 1/1/1 11/2/1 12/3/1
f 1/1/1 10/4/1 11/2/1
f 2/5/1 10/4/1 1/1/1
f 2/5/1 9/6/1 10/4/1
f 3/7/1 9/6/1 2/5/1
f 3/7/1 8/8/1 9/6/1
f 4/9/1 8/8/1 3/7/1
f 4/9/1 7/10/1 8/8/1
f 5/11/1 7/10/1 4/9/1
f 5/11/1 6/12/1 7/10/1
f 20/13/2 22/14/2 21/15/2
f 20/13/2 23/16/2 22/14/2
f 19/17/2 23/16/2 20/13/2
f 19/17/2 24/18/2 23/16/2
f 18/19/2 24/18/2 19/17/2
f 18/19/2 13/20/2 24/18/2
f 17/21/2 13/20/2 18/19/2
f 17/21/2 14/22/2 13/20/2
f 16/23/2 14/22/2 17/21/2
f 16/23/2 15/24/2 14/22/2
f 25/25/3 37/26/3 48/27/3 36/28/3
f 26/29/4 38/30/4 37/31/4 25/32/4
f 27/33/5 39/34/5 38/30/5 26/29/5
f 28/35/6 40/36/6 39/34/6 27/33/6
f 29/37/7 41/38/7 40/36/7 28/35/7
f 30/39/8 42/40/8 41/41/8 29/42/8
f 31/43/9 43/44/9 42/40/9 30/39/9
f 32/45/10 44/46/10 43/47/10 31/48/10
f 33/49/11 45/50/11 44/46/11 32/45/11
f 34/51/12 46/52/12 45/50/12 33/49/12
f 35/53/13 47/54/13 46/55/13 34/56/13
f 36/28/14 48/27/14 47/54/14 35/53/14
f 37/26/15 49/57/15 60/58/15 48/27/15
f 38/30/16 50/59/16 49/60/16 37/31/16
f 39/34/17 51/61/17 50/59/17 38/30/17
f 40/36/18 52/62/18 51/61/18 39/34/18
f 41/38/19 53/63/19 52/62/19 40/36/19
f 42/40/20 54/64/20 53/65/20 41/41/20
f 43/44/21 55/66/21 54/64/21 42/40/21
f 44/46/22 56/67/22 55/68/22 43/47/22
f 45/50/23 57/69/23 56/67/23 44/46/23
f 46/52/24 58/70/24 57/69/24 45/50/24
f 47/54/25 59/71/25 58/72/25 46/55/25
f 48/27/26 60/58/26 59/71/26 47/54/26
f 49/57/27 61/73/27 72/74/27 60/58/27
f 50/59/28 62/75/28 61/76/28 49/60/28
f 51/77/29 63/78/29 62/79/29 50/80/29
f 52/81/30 64/82/30 63/78/30 51/77/30
f 53/63/31 65/83/31 64/84/31 52/62/31
f 54/64/32 66/85/32 65/86/32 53/65/32
f 55/66/33 67/87/33 66/85/33 54/64/33
f 56/67/34 68/88/34 67/89/34 55/68/34
f 57/69/35 69/90/35 68/88/35 56/67/35
f 58/70/36 70/91/36 69/90/36 57/69/36
f 59/71/37 71/92/37 70/93/37 58/72/37
f 60/58/38 72/74/38 71/92/38 59/71/38
f 61/73/39 73/94/39 84/95/39 72/74/39
f 62/96/40 74/97/40 73/98/40 61/99/40
f 63/78/41 75/100/41 74/101/41 62/79/41
f 64/82/42 76/102/42 75/100/42 63/78/42
f 65/103/43 77/104/43 76/105/43 64/106/43
f 66/85/44 78/107/44 77/108/44 65/86/44
f 67/87/45 79/109/45 78/107/45 66/85/45
f 68/110/40 80/111/40 79/109/40 67/87/40
f 69/90/41 81/112/41 80/113/41 68/88/41
f 70/91/42 82/114/42 81/112/42 69/90/42
f 71/92/46 83/115/46 82/116/46 70/93/46
f 72/74/47 84/95/47 83/115/47 71/92/47
f 73/94/48 85/117/48 96/118/48 84/95/48
f 74/97/49 86/119/49 85/120/49 73/98/49
f 75/121/50 87/122/50 86/119/50 74/97/50
f 76/102/51 88/123/51 87/124/51 75/100/51
f 77/104/52 89/125/52 88/126/52 76/105/52
f 78/107/53 90/127/53 89/128/53 77/108/53
f 79/109/54 91/129/54 90/127/54 78/107/54
f 80/111/55 92/130/55 91/129/55 79/109/55
f 81/131/50 93/132/50 92/130/50 80/111/50
f 82/114/51 94/133/51 93/134/51 81/112/51
f 83/115/52 95/135/52 94/136/52 82/116/52
f 84/95/56 96/118/56 95/135/56 83/115/56
f 85/117/57 97/137/57 108/138/57 96/118/57
f 86/139/58 98/140/58 97/141/58 85/142/58
f 87/122/59 99/143/59 98/144/59 86/119/59
f 88/123/60 100/145/60 99/146/60 87/124/60
f 89/147/61 101/148/61 100/149/61 88/150/61
f 90/127/62 102/151/62 101/152/62 89/128/62
f 91/129/63 103/153/63 102/151/63 90/127/63
f 92/130/64 104/154/64 103/153/64 91/129/64
f 93/132/65 105/155/65 104/154/65 92/130/65
f 94/156/66 106/157/66 105/155/66 93/132/66
f 95/135/67 107/158/67 106/159/67 94/136/67
f 96/118/68 108/138/68 107/158/68 95/135/68
f 97/137/69 109/160/69 120/161/69 108/138/69
f 98/140/70 110/162/70 109/163/70 97/141/70
f 99/164/71 111/165/71 110/162/71 98/140/71
f 100/149/72 112/166/72 111/165/72 99/164/72
f 101/148/73 113/167/73 112/166/73 100/149/73
f 102/151/74 114/168/74 113/169/74 101/152/74
f 103/153/75 115/170/75 114/168/75 102/151/75
f 104/154/76 116/171/76 115/170/76 103/153/76
f 105/155/77 117/172/77 116/171/77 104/154/77
f 106/157/78 118/173/78 117/172/78 105/155/78
f 107/158/79 119/174/79 118/175/79 106/159/79
f 108/138/80 120/161/80 119/174/80 107/158/80
f 109/176/81 121/177/81 132/178/81 120/179/81
f 110/180/82 122/181/82 121/182/82 109/183/82
f 111/165/83 123/184/83 122/185/83 110/162/83
f 112/166/84 124/186/84 123/184/84 111/165/84
f 113/167/85 125/187/85 124/186/85 112/166/85
f 114/168/86 126/188/86 125/189/86 113/169/86
f 115/170/87 127/190/87 126/188/87 114/168/87
f 116/171/88 128/191/88 127/190/88 115/170/88
f 117/172/89 129/192/89 128/191/89 116/171/89
f 118/173/90 130/193/90 129/192/90 117/172/90
f 119/174/91 131/194/91 130/195/91 118/175/91
f 120/196/92 132/197/92 131/198/92 119/199/92
f 121/177/93 133/200/93 144/201/93 132/178/93
f 122/202/94 134/203/94 133/200/94 121/177/94
f 123/184/95 135/204/95 134/205/95 122/185/95
f 124/186/96 136/206/96 135/204/96 123/184/96
f 125/187/97 137/207/97 136/206/97 124/186/97
f 126/208/98 138/209/98 137/210/98 125/211/98
f 127/190/93 139/212/93 138/213/93 126/188/93
f 128/191/99 140/214/99 139/212/99 127/190/99
f 129/192/100 141/215/100 140/214/100 128/191/100
f 130/193/101 142/216/101 141/215/101 129/192/101
f 131/217/97 143/218/97 142/219/97 130/220/97
f 132/197/98 144/221/98 143/222/98 131/198/98
f 133/223/102 145/224/102 156/225/102 144/221/102
f 134/203/103 146/226/103 145/227/103 133/200/103
f 135/204/104 147/228/104 146/229/104 134/205/104
f 136/206/105 148/230/105 147/228/105 135/204/105
f 137/207/106 149/231/106 148/230/106 136/206/106
f 138/209/107 150/232/107 149/233/107 137/210/107
f 139/234/102 151/235/102 150/232/102 138/209/102
f 140/214/103 152/236/103 151/237/103 139/212/103
f 141/215/108 153/238/108 152/236/108 140/214/108
f 142/216/109 154/239/109 153/238/109 141/215/109
f 143/218/106 155/240/106 154/241/106 142/219/106
f 144/221/107 156/225/107 155/242/107 143/222/107
f 145/224/110 157/243/110 168/244/110 156/225/110
f 146/229/111 158/245/111 157/246/111 145/247/111
f 147/228/112 159/248/112 158/245/112 146/229/112
f 148/230/113 160/249/113 159/248/113 147/228/113
f 149/233/114 161/250/114 160/251/114 148/252/114
f 150/232/115 162/253/115 161/250/115 149/233/115
f 151/235/116 163/254/116 162/253/116 150/232/116
f 152/236/117 164/255/117 163/256/117 151/237/117
f 153/238/118 165/257/118 164/255/118 152/236/118
f 154/239/119 166/258/119 165/257/119 153/238/119
f 155/259/120 167/260/120 166/261/120 154/262/120
f 156/225/121 168/244/121 167/263/121 155/242/121
f 157/264/122 169/265/122 180/266/122 168/267/122
f 158/245/123 170/268/123 169/269/123 157/246/123
f 159/248/124 171/270/124 170/268/124 158/245/124
f 160/249/125 172/271/125 171/270/125 159/248/125
f 161/250/126 173/272/126 172/273/126 160/251/126
f 162/253/127 174/274/127 173/272/127 161/250/127
f 163/254/128 175/275/128 174/274/128 162/253/128
f 164/276/129 176/277/129 175/275/129 163/254/129
f 165/257/130 177/278/130 176/279/130 164/255/130
f 166/258/131 178/280/131 177/278/131 165/257/131
f 167/260/132 179/281/132 178/282/132 166/261/132
f 168/267/133 180/266/133 179/281/133 167/260/133
f 169/283/134 181/284/134 192/285/134 180/286/134
f 170/268/135 182/287/135 181/288/135 169/269/135
f 171/270/136 183/289/136 182/287/136 170/268/136
f 172/271/137 184/290/137 183/289/137 171/270/137
f 173/272/138 185/291/138 184/292/138 172/273/138
f 174/274/139 186/293/139 185/291/139 173/272/139
f 175/275/140 187/294/140 186/293/140 174/274/140
f 176/277/141 188/295/141 187/294/141 175/275/141
f 177/278/142 189/296/142 188/297/142 176/279/142
f 178/280/143 190/298/143 189/296/143 177/278/143
f 179/281/144 191/299/144 190/300/144 178/282/144
f 180/286/145 192/285/145 191/301/145 179/302/145
f 181/284/146 193/303/146 204/304/146 192/285/146
f 182/305/147 194/306/147 193/303/147 181/284/147
f 183/289/148 195/307/148 194/308/148 182/287/148
f 184/290/149 196/309/149 195/307/149 183/289/149
f 185/291/150 197/310/150 196/311/150 184/292/150
f 186/293/151 198/312/151 197/310/151 185/291/151
f 187/294/146 199/313/146 198/312/146 186/293/146
f 188/295/147 200/314/147 199/313/147 187/294/147
f 189/296/152 201/315/152 200/316/152 188/297/152
f 190/298/153 202/317/153 201/315/153 189/296/153
f 191/301/150 203/318/150 202/319/150 190/320/150
f 192/285/151 204/304/151 203/318/151 191/301/151
f 193/321/154 205/322/154 216/323/154 204/324/154
f 194/325/155 206/326/155 205/322/155 193/321/155
f 195/307/156 207/327/156 206/328/156 194/308/156
f 196/309/157 208/329/157 207/327/157 195/307/157
f 197/330/158 209/331/158 208/329/158 196/309/158
f 198/332/159 210/333/159 209/334/159 197/335/159
f 199/336/154 211/337/154 210/333/154 198/332/154
f 200/338/160 212/339/160 211/337/160 199/336/160
f 201/315/161 213/340/161 212/341/161 200/316/161
f 202/317/162 214/342/162 213/340/162 201/315/162
f 203/343/158 215/344/158 214/345/158 202/346/158
f 204/324/159 216/323/159 215/347/159 203/348/159
f 205/322/163 217/349/163 228/350/163 216/323/163
f 206/328/164 218/351/164 217/352/164 205/353/164
f 207/327/165 219/354/165 218/351/165 206/328/165
f 208/329/166 220/355/166 219/354/166 207/327/166
f 209/334/167 221/356/167 220/357/167 208/358/167
f 210/333/168 222/359/168 221/356/168 209/334/168
f 211/337/169 223/360/169 222/359/169 210/333/169
f 212/339/170 224/361/170 223/360/170 211/337/170
f 213/340/171 225/362/171 224/363/171 212/341/171
f 214/342/172 226/364/172 225/362/172 213/340/172
f 215/365/173 227/366/173 226/364/173 214/342/173
f 216/323/174 228/350/174 227/367/174 215/347/174
f 217/368/175 229/369/175 240/370/175 228/371/175
f 218/351/176 230/372/176 229/373/176 217/352/176
f 219/354/177 231/374/177 230/372/177 218/351/177
f 220/355/178 232/375/178 231/374/178 219/354/178
f 221/356/179 233/376/179 232/377/179 220/357/179
f 222/359/180 234/378/180 233/376/180 221/356/180
f 223/360/181 235/379/181 234/378/181 222/359/181
f 224/361/182 236/380/182 235/379/182 223/360/182
f 225/362/183 237/381/183 236/382/183 224/363/183
f 226/364/184 238/383/184 237/381/184 225/362/184
f 227/366/185 239/384/185 238/383/185 226/364/185
f 228/371/186 240/370/186 239/384/186 227/366/186
f 229/369/187 241/385/187 252/386/187 240/370/187
f 230/372/188 242/387/188 241/388/188 229/373/188
f 231/374/189 243/389/189 242/387/189 230/372/189
f 232/375/190 244/390/190 243/389/190 231/374/190
f 233/376/191 245/391/191 244/392/191 232/377/191
f 234/393/192 246/394/192 245/395/192 233/396/192
f 235/397/193 247/398/193 246/399/193 234/400/193
f 236/380/194 248/401/194 247/402/194 235/379/194
f 237/381/195 249/403/195 248/404/195 236/382/195
f 238/383/196 250/405/196 249/403/196 237/381/196
f 239/384/197 251/406/197 250/405/197 238/383/197
f 240/370/198 252/386/198 251/406/198 239/384/198
f 241/407/199 253/408/199 264/409/199 252/410/199
f 242/387/200 254/411/200 253/412/200 241/388/200
f 243/389/156 255/413/156 254/411/156 242/387/156
f 244/390/157 256/414/157 255/413/157 243/389/157
f 245/395/201 257/415/201 256/416/201 244/417/201
f 246/394/202 258/418/202 257/415/202 245/395/202
f 247/398/199 259/419/199 258/420/199 246/399/199
f 248/421/200 260/422/200 259/423/200 247/424/200
f 249/403/161 261/425/161 260/426/161 248/404/161
f 250/405/162 262/427/162 261/425/162 249/403/162
f 251/406/201 263/428/201 262/427/201 250/405/201
f 252/386/202 264/429/202 263/428/202 251/406/202
f 253/408/203 265/430/203 276/431/203 264/409/203
f 254/411/204 266/432/204 265/433/204 253/412/204
f 255/413/148 267/434/148 266/432/148 254/411/148
f 256/414/149 268/435/149 267/434/149 255/413/149
f 257/415/205 269/436/205 268/437/205 256/416/205
f 258/420/206 270/438/206 269/439/206 257/440/206
f 259/419/203 271/441/203 270/438/203 258/420/203
f 260/422/207 272/442/207 271/443/207 259/423/207
f 261/425/152 273/444/152 272/445/152 260/426/152
f 262/427/208 274/446/208 273/444/208 261/425/208
f 263/428/205 275/447/205 274/446/205 262/427/205
f 264/409/206 276/431/206 275/448/206 263/449/206
f 265/430/209 277/450/209 288/451/209 276/431/209
f 266/432/210 278/452/210 277/453/210 265/433/210
f 267/434/211 279/454/211 278/452/211 266/432/211
f 268/435/212 280/455/212 279/454/212 267/434/212
f 269/456/213 281/457/213 280/458/213 268/459/213
f 270/438/214 282/460/214 281/461/214 269/439/214
f 271/441/215 283/462/215 282/460/215 270/438/215
f 272/463/216 284/464/216 283/465/216 271/466/216
f 273/444/217 285/467/217 284/468/217 272/445/217
f 274/446/218 286/469/218 285/467/218 273/444/218
f 275/448/219 287/470/219 286/471/219 274/472/219
f 276/431/220 288/451/220 287/470/220 275/448/220
f 277/450/221 289/473/221 300/474/221 288/451/221
f 278/452/222 290/475/222 289/476/222 277/453/222
f 279/454/223 291/477/223 290/475/223 278/452/223
f 280/455/224 292/478/224 291/477/224 279/454/224
f 281/457/225 293/479/225 292/480/225 280/458/225
f 282/481/226 294/482/226 293/479/226 281/457/226
f 283/465/227 295/483/227 294/482/227 282/481/227
f 284/464/228 296/484/228 295/483/228 283/465/228
f 285/467/229 297/485/229 296/486/229 284/468/229
f 286/469/230 298/487/230 297/485/230 285/467/230
f 287/470/231 299/488/231 298/489/231 286/471/231
f 288/451/232 300/474/232 299/488/232 287/470/232
f 307/490/1 305/491/1 306/492/1
f 308/493/1 305/491/1 307/490/1
f 308/493/1 304/494/1 305/491/1
f 309/495/1 304/494/1 308/493/1
f 309/495/1 303/496/1 304/494/1
f 310/497/1 303/496/1 309/495/1
f 310/497/1 302/498/1 303/496/1
f 311/499/1 302/498/1 310/497/1
f 311/499/1 301/500/1 302/498/1
f 312/501/1 301/500/1 311/499/1
f 320/502/2 322/503/2 321/504/2
f 320/502/2 323/505/2 322/503/2
f 319/506/2 323/505/2 320/502/2
f 319/506/2 324/507/2 323/505/2
f 318/508/2 324/507/2 319/506/2
f 318/508/2 313/509/2 324/507/2
f 317/510/2 313/509/2 318/508/2
f 317/510/2 314/511/2 313/509/2
f 316/512/2 314/511/2 317/510/2
f 316/512/2 315/513/2 314/511/2
f 325/514/233 337/515/233 348/516/233 336/517/233
f 326/518/234 338/519/234 337/520/234 325/521/234
f 327/522/235 339/523/235 338/519/235 326/518/235
f 328/524/236 340/525/236 339/523/236 327/522/236
f 329/526/237 341/527/237 340/525/237 328/524/237
f 330/528/238 342/529/238 341/530/238 329/531/238
f 331/532/239 343/533/239 342/529/239 330/528/239
f 332/534/240 344/535/240 343/536/240 331/537/240
f 333/538/241 345/539/241 344/535/241 332/534/241
f 334/540/242 346/541/242 345/539/242 333/538/242
f 335/542/243 347/543/243 346/544/243 334/545/243
f 336/517/244 348/516/244 347/543/244 335/542/244
f 337/515/245 349/546/245 360/547/245 348/516/245
f 338/519/246 350/548/246 349/549/246 337/520/246
f 339/523/247 351/550/247 350/548/247 338/519/247
f 340/525/248 352/551/248 351/550/248 339/523/248
f 341/527/249 353/552/249 352/551/249 340/525/249
f 342/529/250 354/553/250 353/554/250 341/530/250
f 343/533/251 355/555/251 354/553/251 342/529/251
f 344/535/252 356/556/252 355/557/252 343/536/252
f 345/539/253 357/558/253 356/556/253 344/535/253
f 346/541/254 358/559/254 357/558/254 345/539/254
f 347/543/255 359/560/255 358/561/255 346/544/255
f 348/516/256 360/547/256 359/560/256 347/543/256
f 349/546/257 361/562/257 372/563/257 360/547/257
f 350/564/258 362/565/258 361/562/258 349/546/258
f 351/550/259 363/566/259 362/567/259 350/548/259
f 352/551/260 364/568/260 363/566/260 351/550/260
f 353/569/261 365/570/261 364/571/261 352/572/261
f 354/553/262 366/573/262 365/574/262 353/554/262
f 355/555/263 367/575/263 366/573/263 354/553/263
f 356/576/264 368/577/264 367/575/264 355/555/264
f 357/558/265 369/578/265 368/579/265 356/556/265
f 358/559/266 370/580/266 369/578/266 357/558/266
f 359/560/267 371/581/267 370/582/267 358/561/267
f 360/547/268 372/563/268 371/581/268 359/560/268
f 361/562/269 373/583/269 384/584/269 372/563/269
f 362/565/270 374/585/270 373/583/270 361/562/270
f 363/586/271 375/587/271 374/588/271 362/589/271
f 364/571/272 376/590/272 375/587/272 363/586/272
f 365/570/273 377/591/273 376/590/273 364/571/273
f 366/573/274 378/592/274 377/593/274 365/574/274
f 367/575/275 379/594/275 378/592/275 366/573/275
f 368/577/276 380/595/276 379/594/276 367/575/276
f 369/596/277 381/597/277 380/595/277 368/577/277
f 370/598/278 382/599/278 381/597/278 369/596/278
f 371/581/279 383/600/279 382/601/279 370/582/279
f 372/563/280 384/584/280 383/600/280 371/581/280
f 373/583/281 385/602/281 396/603/281 384/584/281
f 374/588/282 386/604/282 385/605/282 373/606/282
f 375/587/283 387/607/283 386/604/283 374/588/283
f 376/590/284 388/608/284 387/607/284 375/587/284
f 377/591/285 389/609/285 388/608/285 376/590/285
f 378/592/286 390/610/286 389/611/286 377/593/286
f 379/594/287 391/612/287 390/610/287 378/592/287
f 380/595/288 392/613/288 391/612/288 379/594/288
f 381/597/289 393/614/289 392/613/289 380/595/289
f 382/599/290 394/615/290 393/614/290 381/597/290
f 383/600/291 395/616/291 394/617/291 382/601/291
f 384/584/292 396/603/292 395/616/292 383/600/292
f 385/602/293 397/618/293 408/619/293 396/603/293
f 386/620/294 398/621/294 397/618/294 385/602/294
f 387/607/295 399/622/295 398/623/295 386/604/295
f 388/608/296 400/624/296 399/622/296 387/607/296
f 389/609/297 401/625/297 400/624/297 388/608/297
f 390/610/298 402/626/298 401/627/298 389/611/298
f 391/612/299 403/628/299 402/626/299 390/610/299
f 392/613/300 404/629/300 403/628/300 391/612/300
f 393/614/301 405/630/301 404/629/301 392/613/301
f 394/615/302 406/631/302 405/630/302 393/614/302
f 395/616/303 407/632/303 406/633/303 394/617/303
f 396/603/304 408/619/304 407/632/304 395/616/304
f 397/618/257 409/634/257 420/635/257 408/619/257
f 398/621/258 410/636/258 409/634/258 397/618/258
f 399/637/259 411/638/259 410/639/259 398/640/259
f 400/641/260 412/642/260 411/638/260 399/637/260
f 401/625/261 413/643/261 412/644/261 400/624/261
f 402/626/262 414/645/262 413/646/262 401/627/262
f 403/628/263 415/647/263 414/645/263 402/626/263
f 404/629/264 416/648/264 415/647/264 403/628/264
f 405/649/265 417/650/265 416/651/265 404/652/265
f 406/653/266 418/654/266 417/650/266 405/649/266
f 407/632/267 419/655/267 418/656/267 406/633/267
f 408/619/268 420/635/268 419/655/268 407/632/268
f 409/634/305 421/657/305 432/658/305 420/635/305
f 410/639/306 422/659/306 421/660/306 409/661/306
f 411/638/307 423/662/307 422/659/307 410/639/307
f 412/642/308 424/663/308 423/662/308 411/638/308
f 413/664/309 425/665/309 424/663/309 412/642/309
f 414/645/310 426/666/310 425/667/310 413/646/310
f 415/647/311 427/668/311 426/666/311 414/645/311
f 416/651/312 428/669/312 427/670/312 415/671/312
f 417/650/313 429/672/313 428/669/313 416/651/313
f 418/654/314 430/673/314 429/672/314 417/650/314
f 419/655/315 431/674/315 430/675/315 418/656/315
f 420/635/316 432/658/316 431/674/316 419/655/316
f 421/657/317 433/676/317 444/677/317 432/658/317
f 422/659/318 434/678/318 433/679/318 421/660/318
f 423/662/319 435/680/319 434/678/319 422/659/319
f 424/663/320 436/681/320 435/680/320 423/662/320
f 425/665/321 437/682/321 436/681/321 424/663/321
f 426/666/322 438/683/322 437/684/322 425/667/322
f 427/668/323 439/685/323 438/683/323 426/666/323
f 428/669/324 440/686/324 439/687/324 427/670/324
f 429/672/325 441/688/325 440/686/325 428/669/325
f 430/673/326 442/689/326 441/688/326 429/672/326
f 431/674/327 443/690/327 442/691/327 430/675/327
f 432/658/328 444/677/328 443/690/328 431/674/328
f 433/676/233 445/692/233 456/693/233 444/677/233
f 434/678/234 446/694/234 445/695/234 433/679/234
f 435/680/235 447/696/235 446/694/235 434/678/235
f 436/681/236 448/697/236 447/696/236 435/680/236
f 437/682/237 449/698/237 448/697/237 436/681/237
f 438/683/238 450/699/238 449/700/238 437/684/238
f 439/685/239 451/701/239 450/699/239 438/683/239
f 440/686/240 452/702/240 451/703/240 439/687/240
f 441/688/241 453/704/241 452/702/241 440/686/241
f 442/689/242 454/705/242 453/704/242 441/688/242
f 443/690/243 455/706/243 454/707/243 442/691/243
f 444/677/244 456/693/244 455/706/244 443/690/244
f 445/692/329 457/708/329 468/709/329 456/693/329
f 446/710/330 458/711/330 457/708/330 445/692/330
f 447/696/331 459/712/331 458/713/331 446/694/331
f 448/697/332 460/714/332 459/712/332 447/696/332
f 449/700/333 461/715/333 460/716/333 448/717/333
f 450/699/334 462/718/334 461/715/334 449/700/334
f 451/701/335 463/719/335 462/718/335 450/699/335
f 452/702/336 464/720/336 463/721/336 451/703/336
f 453/704/337 465/722/337 464/720/337 452/702/337
f 454/705/338 466/723/338 465/722/338 453/704/338
f 455/706/339 467/724/339 466/725/339 454/707/339
f 456/693/340 468/709/340 467/724/340 455/706/340
f 457/708/341 469/726/341 480/727/341 468/709/341
f 458/711/342 470/728/342 469/726/342 457/708/342
f 459/712/343 471/729/343 470/730/343 458/713/343
f 460/716/344 472/731/344 471/732/344 459/733/344
f 461/715/345 473/734/345 472/731/345 460/716/345
f 462/718/346 474/735/346 473/734/346 461/715/346
f 463/719/347 475/736/347 474/735/347 462/718/347
f 464/737/348 476/738/348 475/739/348 463/740/348
f 465/741/349 477/742/349 476/738/349 464/737/349
f 466/743/350 478/744/350 477/742/350 465/741/350
f 467/724/351 479/745/351 478/746/351 466/725/351
f 468/709/352 480/727/352 479/745/352 467/724/352
f 469/726/353 481/747/353 492/748/353 480/727/353
f 470/728/354 482/749/354 481/747/354 469/726/354
f 471/732/355 483/750/355 482/751/355 470/752/355
f 472/731/356 484/753/356 483/750/356 471/732/356
f 473/734/357 485/754/357 484/753/357 472/731/357
f 474/735/358 486/755/358 485/754/358 473/734/358
f 475/736/359 487/756/359 486/755/359 474/735/359
f 476/738/360 488/757/360 487/758/360 475/739/360
f 477/742/361 489/759/361 488/757/361 476/738/361
f 478/744/362 490/760/362 489/759/362 477/742/362
f 479/761/363 491/762/363 490/760/363 478/744/363
f 480/727/364 492/748/364 491/763/364 479/745/364
f 481/747/365 493/764/365 504/765/365 492/748/365
f 482/749/366 494/766/366 493/764/366 481/747/366
f 483/750/367 495/767/367 494/768/367 482/751/367
f 484/753/368 496/769/368 495/767/368 483/750/368
f 485/754/288 497/770/288 496/769/288 484/753/288
f 486/755/369 498/771/369 497/770/369 485/754/369
f 487/756/370 499/772/370 498/771/370 486/755/370
f 488/757/371 500/773/371 499/774/371 487/758/371
f 489/759/372 501/775/372 500/773/372 488/757/372
f 490/760/373 502/776/373 501/775/373 489/759/373
f 491/762/282 503/777/282 502/776/282 490/760/282
f 492/748/374 504/765/374 503/778/374 491/763/374
f 493/764/375 505/779/375 516/780/375 504/765/375
f 494/766/376 506/781/376 505/779/376 493/764/376
f 495/767/377 507/782/377 506/783/377 494/768/377
f 496/769/378 508/784/378 507/782/378 495/767/378
f 497/770/379 509/785/379 508/784/379 496/769/379
f 498/771/380 510/786/380 509/785/380 497/770/380
f 499/772/381 511/787/381 510/786/381 498/771/381
f 500/773/382 512/788/382 511/789/382 499/774/382
f 501/775/383 513/790/383 512/788/383 500/773/383
f 502/776/384 514/791/384 513/790/384 501/775/384
f 503/777/385 515/792/385 514/791/385 502/776/385
f 504/765/386 516/780/386 515/793/386 503/778/386
f 505/779/387 517/794/387 528/795/387 516/780/387
f 506/781/388 518/796/388 517/794/388 505/779/388
f 507/782/389 519/797/389 518/798/389 506/783/389
f 508/784/390 520/799/390 519/797/390 507/782/390
f 509/785/391 521/800/391 520/799/391 508/784/391
f 510/801/392 522/802/392 521/803/392 509/804/392
f 511/805/393 523/806/393 522/802/393 510/801/393
f 512/788/394 524/807/394 523/808/394 511/789/394
f 513/790/395 525/809/395 524/807/395 512/788/395
f 514/791/396 526/810/396 525/809/396 513/790/396
f 515/811/397 527/812/397 526/813/397 514/814/397
f 516/815/398 528/816/398 527/812/398 515/811/398
f 517/817/399 529/818/399 540/819/399 528/816/399
f 518/820/400 530/821/400 529/818/400 517/817/400
f 519/797/401 531/822/401 530/823/401 518/798/401
f 520/799/402 532/824/402 531/822/402 519/797/402
f 521/803/403 533/825/403 532/826/403 520/827/403
f 522/802/404 534/828/404 533/825/404 521/803/404
f 523/806/405 535/829/405 534/828/405 522/802/405
f 524/807/406 536/830/406 535/831/406 523/808/406
f 525/809/407 537/832/407 536/830/407 524/807/407
f 526/810/408 538/833/408 537/832/408 525/809/408
f 527/812/409 539/834/409 538/835/409 526/813/409
f 528/816/410 540/819/410 539/834/410 527/812/410
f 529/818/411 541/836/411 552/837/411 540/819/411
f 530/821/412 542/838/412 541/836/412 529/818/412
f 531/822/413 543/839/413 542/840/413 530/823/413
f 532/824/414 544/841/414 543/839/414 531/822/414
f 533/825/415 545/842/415 544/843/415 532/826/415
f 534/828/416 546/844/416 545/842/416 533/825/416
f 535/829/417 547/845/417 546/844/417 534/828/417
f 536/830/418 548/846/418 547/847/418 535/831/418
f 537/832/419 549/848/419 548/846/419 536/830/419
f 538/833/420 550/849/420 549/848/420 537/832/420
f 539/834/421 551/850/421 550/851/421 538/835/421
f 540/819/422 552/837/422 551/850/422 539/834/422
f 559/852/2 557/853/2 558/854/2
f 560/855/2 557/853/2 559/852/2
f 560/855/2 556/856/2 557/853/2
f 561/857/2 556/856/2 560/855/2
f 561/857/2 555/858/2 556/856/2
f 562/859/2 555/858/2 561/857/2
f 562/859/2 554/860/2 555/858/2
f 563/861/2 554/860/2 562/859/2
f 563/861/2 553/862/2 554/860/2
f 564/863/2 553/862/2 563/861/2
f 572/864/1 574/865/1 573/866/1
f 572/864/1 575/867/1 574/865/1
f 571/868/1 575/867/1 572/864/1
f 571/868/1 576/869/1 575/867/1
f 570/870/1 576/869/1 571/868/1
f 570/870/1 565/871/1 576/869/1
f 569/872/1 565/871/1 570/870/1
f 569/872/1 566/873/1 565/871/1
f 568/874/1 566/873/1 569/872/1
f 568/874/1 567/875/1 566/873/1
f 577/876/423 589/877/423 600/878/423 588/879/423
f 578/880/424 590/881/424 589/882/424 577/883/424
f 579/884/425 591/885/425 590/881/425 578/880/425
f 580/886/426 592/887/426 591/885/426 579/884/426
f 581/888/427 593/889/427 592/887/427 580/886/427
f 582/890/428 594/891/428 593/892/428 581/893/428
f 583/894/429 595/895/429 594/891/429 582/890/429
f 584/896/430 596/897/430 595/895/430 583/894/430
f 585/898/431 597/899/431 596/900/431 584/901/431
f 586/902/432 598/903/432 597/899/432 585/898/432
f 587/904/433 599/905/433 598/903/433 586/902/433
f 588/879/434 600/878/434 599/906/434 587/907/434
f 589/877/435 601/908/435 612/909/435 600/878/435
f 590/881/436 602/910/436 601/911/436 589/882/436
f 591/912/437 603/913/437 602/914/437 590/915/437
f 592/916/438 604/917/438 603/913/438 591/912/438
f 593/889/439 605/918/439 604/919/439 592/887/439
f 594/891/440 606/920/440 605/921/440 593/892/440
f 595/895/441 607/922/441 606/920/441 594/891/441
f 596/897/442 608/923/442 607/922/442 595/895/442
f 597/899/443 609/924/443 608/925/443 596/900/443
f 598/903/444 610/926/444 609/924/444 597/899/444
f 599/905/445 611/927/445 610/926/445 598/903/445
f 600/878/446 612/909/446 611/928/446 599/906/446
f 601/908/447 613/929/447 624/930/447 612/909/447
f 602/931/448 614/932/448 613/933/448 601/934/448
f 603/913/449 615/935/449 614/936/449 602/914/449
f 604/917/450 616/937/450 615/935/450 603/913/450
f 605/938/451 617/939/451 616/940/451 604/941/451
f 606/920/452 618/942/452 617/943/452 605/921/452
f 607/922/453 619/944/453 618/942/453 606/920/453
f 608/923/454 620/945/454 619/944/454 607/922/454
f 609/924/449 621/946/449 620/947/449 608/925/449
f 610/926/450 622/948/450 621/946/450 609/924/450
f 611/928/451 623/949/451 622/950/451 610/951/451
f 612/909/455 624/930/455 623/949/455 611/928/455
f 613/929/456 625/952/456 636/953/456 624/930/456
f 614/932/457 626/954/457 625/955/457 613/933/457
f 615/935/458 627/956/458 626/957/458 614/936/458
f 616/940/459 628/958/459 627/959/459 615/960/459
f 617/939/460 629/961/460 628/958/460 616/940/460
f 618/942/461 630/962/461 629/963/461 617/943/461
f 619/944/462 631/964/462 630/962/462 618/942/462
f 620/945/463 632/965/463 631/964/463 619/944/463
f 621/946/458 633/966/458 632/967/458 620/947/458
f 622/950/459 634/968/459 633/969/459 621/970/459
f 623/949/460 635/971/460 634/968/460 622/950/460
f 624/930/464 636/953/464 635/971/464 623/949/464
f 625/952/465 637/972/465 648/973/465 636/953/465
f 626/974/466 638/975/466 637/976/466 625/977/466
f 627/956/467 639/978/467 638/979/467 626/957/467
f 628/958/468 640/980/468 639/981/468 627/959/468
f 629/982/469 641/983/469 640/984/469 628/985/469
f 630/962/470 642/986/470 641/987/470 629/963/470
f 631/964/471 643/988/471 642/986/471 630/962/471
f 632/965/472 644/989/472 643/988/472 631/964/472
f 633/969/473 645/990/473 644/991/473 632/992/473
f 634/968/474 646/993/474 645/990/474 633/969/474
f 635/971/475 647/994/475 646/993/475 634/968/475
f 636/953/476 648/973/476 647/994/476 635/971/476
f 637/972/477 649/995/477 660/996/477 648/973/477
f 638/975/182 650/997/182 649/998/182 637/976/182
f 639/999/478 651/1000/478 650/997/478 638/975/478
f 640/1001/479 652/1002/479 651/1000/479 639/999/479
f 641/987/480 653/1003/480 652/1004/480 640/1005/480
f 642/986/481 654/1006/481 653/1003/481 641/987/481
f 643/988/482 655/1007/482 654/1006/482 642/986/482
f 644/989/176 656/1008/176 655/1007/176 643/988/176
f 645/990/483 657/1009/483 656/1010/483 644/991/483
f 646/993/484 658/1011/484 657/1009/484 645/990/484
f 647/994/485 659/1012/485 658/1011/485 646/993/485
f 648/973/486 660/996/486 659/1012/486 647/994/486
f 649/995/487 661/1013/487 672/1014/487 660/996/487
f 650/997/488 662/1015/488 661/1016/488 649/998/488
f 651/1000/489 663/1017/489 662/1015/489 650/997/489
f 652/1002/490 664/1018/490 663/1017/490 651/1000/490
f 653/1003/491 665/1019/491 664/1020/491 652/1004/491
f 654/1021/492 666/1022/492 665/1023/492 653/1024/492
f 655/1025/493 667/1026/493 666/1022/493 654/1021/493
f 656/1008/494 668/1027/494 667/1028/494 655/1007/494
f 657/1009/495 669/1029/495 668/1030/495 656/1010/495
f 658/1011/496 670/1031/496 669/1029/496 657/1009/496
f 659/1012/497 671/1032/497 670/1031/497 658/1011/497
f 660/996/498 672/1014/498 671/1032/498 659/1012/498
f 661/1013/499 673/1033/499 684/1034/499 672/1014/499
f 662/1015/500 674/1035/500 673/1036/500 661/1016/500
f 663/1017/501 675/1037/501 674/1035/501 662/1015/501
f 664/1018/502 676/1038/502 675/1037/502 663/1017/502
f 665/1023/503 677/1039/503 676/1040/503 664/1041/503
f 666/1022/504 678/1042/504 677/1039/504 665/1023/504
f 667/1026/499 679/1043/499 678/1042/499 666/1022/499
f 668/1044/500 680/1045/500 679/1046/500 667/1047/500
f 669/1029/505 681/1048/505 680/1049/505 668/1030/505
f 670/1031/506 682/1050/506 681/1048/506 669/1029/506
f 671/1032/507 683/1051/507 682/1050/507 670/1031/507
f 672/1014/508 684/1034/508 683/1051/508 671/1032/508
f 673/1052/509 685/1053/509 696/1054/509 684/1055/509
f 674/1035/510 686/1056/510 685/1057/510 673/1036/510
f 675/1037/511 687/1058/511 686/1056/511 674/1035/511
f 676/1038/512 688/1059/512 687/1058/512 675/1037/512
f 677/1039/513 689/1060/513 688/1061/513 676/1040/513
f 678/1062/514 690/1063/514 689/1064/514 677/1065/514
f 679/1066/509 691/1067/509 690/1063/509 678/1062/509
f 680/1045/510 692/1068/510 691/1069/510 679/1046/510
f 681/1048/515 693/1070/515 692/1071/515 680/1049/515
f 682/1050/516 694/1072/516 693/1070/516 681/1048/516
f 683/1051/517 695/1073/517 694/1072/517 682/1050/517
f 684/1055/518 696/1054/518 695/1074/518 683/1075/518
f 685/1053/519 697/1076/519 708/1077/519 696/1054/519
f 686/1056/520 698/1078/520 697/1079/520 685/1057/520
f 687/1058/521 699/1080/521 698/1078/521 686/1056/521
f 688/1059/522 700/1081/522 699/1080/522 687/1058/522
f 689/1082/523 701/1083/523 700/1084/523 688/1085/523
f 690/1063/524 702/1086/524 701/1087/524 689/1064/524
f 691/1067/525 703/1088/525 702/1086/525 690/1063/525
f 692/1089/526 704/1090/526 703/1091/526 691/1092/526
f 693/1070/527 705/1093/527 704/1094/527 692/1071/527
f 694/1072/528 706/1095/528 705/1093/528 693/1070/528
f 695/1073/529 707/1096/529 706/1095/529 694/1072/529
f 696/1054/530 708/1077/530 707/1097/530 695/1074/530
f 697/1076/531 709/1098/531 720/1099/531 708/1077/531
f 698/1100/532 710/1101/532 709/1098/532 697/1076/532
f 699/1080/533 711/1102/533 710/1103/533 698/1078/533
f 700/1081/534 712/1104/534 711/1102/534 699/1080/534
f 701/1105/535 713/1106/535 712/1104/535 700/1081/535
f 702/1107/536 714/1108/536 713/1109/536 701/1110/536
f 703/1091/537 715/1111/537 714/1108/537 702/1107/537
f 704/1090/538 716/1112/538 715/1111/538 703/1091/538
f 705/1093/539 717/1113/539 716/1114/539 704/1094/539
f 706/1095/540 718/1115/540 717/1113/540 705/1093/540
f 707/1097/541 719/1116/541 718/1117/541 706/1118/541
f 708/1077/542 720/1099/542 719/1116/542 707/1097/542
f 709/1098/543 721/1119/543 732/1120/543 720/1099/543
f 710/1101/544 722/1121/544 721/1119/544 709/1098/544
f 711/1102/545 723/1122/545 722/1123/545 710/1103/545
f 712/1104/546 724/1124/546 723/1122/546 711/1102/546
f 713/1106/547 725/1125/547 724/1124/547 712/1104/547
f 714/1108/548 726/1126/548 725/1127/548 713/1109/548
f 715/1111/549 727/1128/549 726/1126/549 714/1108/549
f 716/1112/550 728/1129/550 727/1128/550 715/1111/550
f 717/1130/551 729/1131/551 728/1132/551 716/1133/551
f 718/1134/552 730/1135/552 729/1131/552 717/1130/552
f 719/1116/553 731/1136/553 730/1137/553 718/1117/553
f 720/1099/554 732/1120/554 731/1136/554 719/1116/554
f 721/1119/555 733/1138/555 744/1139/555 732/1120/555
f 722/1121/556 734/1140/556 733/1138/556 721/1119/556
f 723/1122/557 735/1141/557 734/1142/557 722/1123/557
f 724/1124/558 736/1143/558 735/1141/558 723/1122/558
f 725/1127/559 737/1144/559 736/1145/559 724/1146/559
f 726/1126/560 738/1147/560 737/1144/560 725/1127/560
f 727/1128/561 739/1148/561 738/1147/561 726/1126/561
f 728/1149/556 740/1150/556 739/1151/556 727/1152/556
f 729/1131/557 741/1153/557 740/1154/557 728/1132/557
f 730/1135/558 742/1155/558 741/1153/558 729/1131/558
f 731/1156/559 743/1157/559 742/1158/559 730/1159/559
f 732/1120/562 744/1139/562 743/1160/562 731/1136/562
f 733/1138/563 745/1161/563 756/1162/563 744/1139/563
f 734/1140/564 746/1163/564 745/1161/564 733/1138/564
f 735/1164/565 747/1165/565 746/1166/565 734/1167/565
f 736/1168/566 748/1169/566 747/1165/566 735/1164/566
f 737/1170/567 749/1171/567 748/1169/567 736/1168/567
f 738/1147/568 750/1172/568 749/1173/568 737/1144/568
f 739/1148/569 751/1174/569 750/1172/569 738/1147/569
f 740/1150/564 752/1175/564 751/1176/564 739/1151/564
f 741/1177/565 753/1178/565 752/1179/565 740/1180/565
f 742/1181/566 754/1182/566 753/1178/566 741/1177/566
f 743/1183/567 755/1184/567 754/1182/567 742/1181/567
f 744/1139/570 756/1162/570 755/1185/570 743/1160/570
f 745/1161/571 757/1186/571 768/1187/571 756/1162/571
f 746/1163/572 758/1188/572 757/1186/572 745/1161/572
f 747/1165/573 759/1189/573 758/1190/573 746/1166/573
f 748/1169/574 760/1191/574 759/1189/574 747/1165/574
f 749/1171/575 761/1192/575 760/1191/575 748/1169/575
f 750/1172/576 762/1193/576 761/1194/576 749/1173/576
f 751/1174/577 763/1195/577 762/1193/577 750/1172/577
f 752/1196/578 764/1197/578 763/1195/578 751/1174/578
f 753/1178/579 765/1198/579 764/1199/579 752/1179/579
f 754/1182/580 766/1200/580 765/1198/580 753/1178/580
f 755/1185/581 767/1201/581 766/1202/581 754/1203/581
f 756/1162/582 768/1187/582 767/1201/582 755/1185/582
f 757/1186/583 769/1204/583 780/1205/583 768/1187/583
f 758/1188/126 770/1206/126 769/1204/126 757/1186/126
f 759/1189/584 771/1207/584 770/1208/584 758/1190/584
f 760/1191/585 772/1209/585 771/1207/585 759/1189/585
f 761/1192/586 773/1210/586 772/1209/586 760/1191/586
f 762/1193/587 774/1211/587 773/1212/587 761/1194/587
f 763/1195/588 775/1213/588 774/1211/588 762/1193/588
f 764/1197/132 776/1214/132 775/1213/132 763/1195/132
f 765/1215/589 777/1216/589 776/1217/589 764/1218/589
f 766/1219/590 778/1220/590 777/1216/590 765/1215/590
f 767/1201/591 779/1221/591 778/1222/591 766/1202/591
f 768/1187/592 780/1205/592 779/1221/592 767/1201/592
f 769/1204/593 781/1223/593 792/1224/593 780/1205/593
f 770/1206/594 782/1225/594 781/1223/594 769/1204/594
f 771/1226/595 783/1227/595 782/1228/595 770/1229/595
f 772/1230/596 784/1231/596 783/1227/596 771/1226/596
f 773/1210/597 785/1232/597 784/1233/597 772/1209/597
f 774/1211/598 786/1234/598 785/1235/598 773/1212/598
f 775/1213/599 787/1236/599 786/1234/599 774/1211/599
f 776/1214/600 788/1237/600 787/1236/600 775/1213/600
f 777/1216/601 789/1238/601 788/1239/601 776/1217/601
f 778/1220/602 790/1240/602 789/1238/602 777/1216/602
f 779/1241/603 791/1242/603 790/1240/603 778/1220/603
f 780/1205/604 792/1224/604 791/1243/604 779/1221/604
f 781/1223/563 793/1244/563 804/1245/563 792/1224/563
f 782/1246/605 794/1247/605 793/1248/605 781/1249/605
f 783/1227/606 795/1250/606 794/1251/606 782/1228/606
f 784/1231/607 796/1252/607 795/1250/607 783/1227/607
f 785/1253/608 797/1254/608 796/1252/608 784/1231/608
f 786/1234/568 798/1255/568 797/1256/568 785/1235/568
f 787/1236/569 799/1257/569 798/1255/569 786/1234/569
f 788/1237/605 800/1258/605 799/1257/605 787/1236/605
f 789/1238/606 801/1259/606 800/1260/606 788/1239/606
f 790/1240/607 802/1261/607 801/1259/607 789/1238/607
f 791/1242/608 803/1262/608 802/1261/608 790/1240/608
f 792/1224/570 804/1245/570 803/1263/570 791/1243/570
f 793/1244/555 805/1264/555 816/1265/555 804/1245/555
f 794/1247/609 806/1266/609 805/1267/609 793/1248/609
f 795/1250/610 807/1268/610 806/1269/610 794/1251/610
f 796/1252/611 808/1270/611 807/1268/611 795/1250/611
f 797/1254/612 809/1271/612 808/1270/612 796/1252/612
f 798/1255/560 810/1272/560 809/1273/560 797/1256/560
f 799/1257/561 811/1274/561 810/1272/561 798/1255/561
f 800/1258/609 812/1275/609 811/1274/609 799/1257/609
f 801/1259/610 813/1276/610 812/1277/610 800/1260/610
f 802/1261/611 814/1278/611 813/1276/611 801/1259/611
f 803/1262/612 815/1279/612 814/1278/612 802/1261/612
f 804/1245/562 816/1265/562 815/1280/562 803/1263/562
f 805/1264/613 817/1281/613 828/1282/613 816/1265/613
f 806/1283/614 818/1284/614 817/1285/614 805/1286/614
f 807/1268/615 819/1287/615 818/1288/615 806/1269/615
f 808/1270/616 820/1289/616 819/1287/616 807/1268/616
f 809/1290/617 821/1291/617 820/1292/617 808/1293/617
f 810/1272/618 822/1294/618 821/1295/618 809/1273/618
f 811/1274/619 823/1296/619 822/1294/619 810/1272/619
f 812/1275/620 824/1297/620 823/1296/620 811/1274/620
f 813/1276/621 825/1298/621 824/1299/621 812/1277/621
f 814/1278/622 826/1300/622 825/1298/622 813/1276/622
f 815/1280/623 827/1301/623 826/1302/623 814/1303/623
f 816/1265/624 828/1282/624 827/1301/624 815/1280/624
f 817/1281/625 829/1304/625 840/1305/625 828/1282/625
f 818/1306/532 830/1307/532 829/1304/532 817/1281/532
f 819/1308/626 831/1309/626 830/1310/626 818/1311/626
f 820/1292/627 832/1312/627 831/1309/627 819/1308/627
f 821/1291/628 833/1313/628 832/1312/628 820/1292/628
f 822/1294/629 834/1314/629 833/1315/629 821/1295/629
f 823/1296/630 835/1316/630 834/1314/630 822/1294/630
f 824/1297/538 836/1317/538 835/1316/538 823/1296/538
f 825/1298/631 837/1318/631 836/1319/631 824/1299/631
f 826/1300/632 838/1320/632 837/1318/632 825/1298/632
f 827/1301/633 839/1321/633 838/1322/633 826/1302/633
f 828/1282/634 840/1305/634 839/1321/634 827/1301/634
f 829/1304/635 841/1323/635 852/1324/635 840/1305/635
f 830/1307/636 842/1325/636 841/1323/636 829/1304/636
f 831/1326/637 843/1327/637 842/1328/637 830/1329/637
f 832/1330/638 844/1331/638 843/1327/638 831/1326/638
f 833/1313/639 845/1332/639 844/1333/639 832/1312/639
f 834/1314/640 846/1334/640 845/1335/640 833/1315/640
f 835/1316/641 847/1336/641 846/1334/641 834/1314/641
f 836/1317/642 848/1337/642 847/1336/642 835/1316/642
f 837/1318/643 849/1338/643 848/1339/643 836/1319/643
f 838/1320/644 850/1340/644 849/1338/644 837/1318/644
f 839/1321/645 851/1341/645 850/1342/645 838/1322/645
f 840/1305/646 852/1324/646 851/1341/646 839/1321/646
f 841/1323/647 853/1343/647 864/1344/647 852/1324/647
f 842/1345/648 854/1346/648 853/1347/648 841/1348/648
f 843/1327/649 855/1349/649 854/1350/649 842/1328/649
f 844/1331/650 856/1351/650 855/1349/650 843/1327/650
f 845/1352/651 857/1353/651 856/1354/651 844/1355/651
f 846/1334/652 858/1356/652 857/1357/652 845/1335/652
f 847/1336/653 859/1358/653 858/1356/653 846/1334/653
f 848/1337/648 860/1359/648 859/1358/648 847/1336/648
f 849/1360/649 861/1361/649 860/1362/649 848/1363/649
f 850/1364/650 862/1365/650 861/1361/650 849/1360/650
f 851/1341/651 863/1366/651 862/1367/651 850/1342/651
f 852/1324/654 864/1344/654 863/1366/654 851/1341/654
f 853/1343/655 865/1368/655 876/1369/655 864/1344/655
f 854/1350/656 866/1370/656 865/1371/656 853/1372/656
f 855/1349/657 867/1373/657 866/1370/657 854/1350/657
f 856/1351/658 868/1374/658 867/1373/658 855/1349/658
f 857/1353/659 869/1375/659 868/1376/659 856/1354/659
f 858/1356/660 870/1377/660 869/1378/660 857/1357/660
f 859/1358/661 871/1379/661 870/1377/661 858/1356/661
f 860/1362/656 872/1380/656 871/1381/656 859/1382/656
f 861/1361/657 873/1383/657 872/1380/657 860/1362/657
f 862/1365/658 874/1384/658 873/1383/658 861/1361/658
f 863/1366/659 875/1385/659 874/1386/659 862/1367/659
f 864/1344/662 876/1369/662 875/1385/662 863/1366/662
f 865/1368/663 877/1387/663 888/1388/663 876/1369/663
f 866/1389/664 878/1390/664 877/1391/664 865/1392/664
f 867/1373/665 879/1393/665 878/1394/665 866/1370/665
f 868/1374/666 880/1395/666 879/1393/666 867/1373/666
f 869/1378/667 881/1396/667 880/1397/667 868/1398/667
f 870/1377/668 882/1399/668 881/1396/668 869/1378/668
f 871/1379/669 883/1400/669 882/1399/669 870/1377/669
f 872/1380/670 884/1401/670 883/1402/670 871/1381/670
f 873/1383/671 885/1403/671 884/1401/671 872/1380/671
f 874/1384/672 886/1404/672 885/1403/672 873/1383/672
f 875/1385/673 887/1405/673 886/1406/673 874/1386/673
f 876/1369/674 888/1388/674 887/1405/674 875/1385/674
f 877/1387/675 889/1407/675 900/1408/675 888/1388/675
f 878/1409/676 890/1410/676 889/1407/676 877/1387/676
f 879/1411/677 891/1412/677 890/1413/677 878/1414/677
f 880/1415/678 892/1416/678 891/1412/678 879/1411/678
f 881/1396/679 893/1417/679 892/1418/679 880/1397/679
f 882/1399/680 894/1419/680 893/1417/680 881/1396/680
f 883/1400/681 895/1420/681 894/1419/681 882/1399/681
f 884/1401/682 896/1421/682 895/1422/682 883/1402/682
f 885/1403/683 897/1423/683 896/1421/683 884/1401/683
f 886/1404/684 898/1424/684 897/1423/684 885/1403/684
f 887/1405/685 899/1425/685 898/1426/685 886/1406/685
f 888/1388/686 900/1408/686 899/1425/686 887/1405/686
f 889/1407/687 901/1427/687 912/1428/687 900/1408/687
f 890/1410/688 902/1429/688 901/1427/688 889/1407/688
f 891/1412/689 903/1430/689 902/1431/689 890/1413/689
f 892/1416/690 904/1432/690 903/1430/690 891/1412/690
f 893/1417/691 905/1433/691 904/1434/691 892/1418/691
f 894/1419/692 906/1435/692 905/1433/692 893/1417/692
f 895/1420/693 907/1436/693 906/1435/693 894/1419/693
f 896/1421/694 908/1437/694 907/1438/694 895/1422/694
f 897/1439/695 909/1440/695 908/1441/695 896/1442/695
f 898/1443/696 910/1444/696 909/1440/696 897/1439/696
f 899/1425/697 911/1445/697 910/1446/697 898/1426/697
f 900/1408/698 912/1428/698 911/1445/698 899/1425/698
f 901/1427/655 913/1447/655 924/1448/655 912/1428/655
f 902/1429/699 914/1449/699 913/1447/699 901/1427/699
f 903/1450/700 915/1451/700 914/1452/700 902/1453/700
f 904/1454/701 916/1455/701 915/1451/701 903/1450/701
f 905/1433/702 917/1456/702 916/1457/702 904/1434/702
f 906/1435/660 918/1458/660 917/1456/660 905/1433/660
f 907/1436/661 919/1459/661 918/1458/661 906/1435/661
f 908/1460/699 920/1461/699 919/1462/699 907/1463/699
f 909/1440/700 921/1464/700 920/1465/700 908/1441/700
f 910/1444/701 922/1466/701 921/1464/701 909/1440/701
f 911/1467/702 923/1468/702 922/1469/702 910/1470/702
f 912/1428/662 924/1448/662 923/1471/662 911/1445/662
f 913/1447/647 925/1472/647 936/1473/647 924/1448/647
f 914/1449/703 926/1474/703 925/1472/703 913/1447/703
f 915/1451/704 927/1475/704 926/1476/704 914/1452/704
f 916/1455/705 928/1477/705 927/1475/705 915/1451/705
f 917/1456/706 929/1478/706 928/1479/706 916/1457/706
f 918/1458/652 930/1480/652 929/1478/652 917/1456/652
f 919/1459/653 931/1481/653 930/1480/653 918/1458/653
f 920/1461/703 932/1482/703 931/1483/703 919/1462/703
f 921/1464/704 933/1484/704 932/1485/704 920/1465/704
f 922/1466/705 934/1486/705 933/1484/705 921/1464/705
f 923/1468/706 935/1487/706 934/1488/706 922/1469/706
f 924/1448/654 936/1473/654 935/1489/654 923/1471/654
f 925/1472/707 937/1490/707 948/1491/707 936/1473/707
f 926/1476/708 938/1492/708 937/1493/708 925/1494/708
f 927/1475/709 939/1495/709 938/1492/709 926/1476/709
f 928/1477/710 940/1496/710 939/1495/710 927/1475/710
f 929/1497/711 941/1498/711 940/1496/711 928/1477/711
f 930/1480/712 942/1499/712 941/1500/712 929/1478/712
f 931/1481/713 943/1501/713 942/1499/713 930/1480/713
f 932/1502/714 944/1503/714 943/1501/714 931/1481/714
f 933/1484/715 945/1504/715 944/1505/715 932/1485/715
f 934/1486/716 946/1506/716 945/1504/716 933/1484/716
f 935/1507/717 947/1508/717 946/1509/717 934/1510/717
f 936/1473/718 948/1491/718 947/1511/718 935/1489/718
f 937/1490/719 949/1512/719 960/1513/719 948/1491/719
f 938/1514/720 950/1515/720 949/1512/720 937/1490/720
f 939/1495/721 951/1516/721 950/1517/721 938/1492/721
f 940/1496/722 952/1518/722 951/1516/722 939/1495/722
f 941/1498/723 953/1519/723 952/1518/723 940/1496/723
f 942/1499/724 954/1520/724 953/1521/724 941/1500/724
f 943/1501/725 955/1522/725 954/1520/725 942/1499/725
f 944/1503/726 956/1523/726 955/1522/726 943/1501/726
f 945/1524/727 957/1525/727 956/1526/727 944/1527/727
f 946/1528/728 958/1529/728 957/1525/728 945/1524/728
f 947/1511/729 959/1530/729 958/1531/729 946/1532/729
f 948/1491/730 960/1513/730 959/1530/730 947/1511/730
